"row","documentId","id","nameTh","region","province","originalImageCount","uniqueImageCount","duplicateImageCount","failedImageCount","firestoreStatus"
"2","att_0002_20250620152047000","20250620152047000","ชุมชนเกาะยาวน้อย","ภาคใต้","พังงา","2","1","1","0","not_requested"
"3","att_0003_20250620151429000","20250620151429000","เล็ทส์ รีแลกซ์ โบ้ท ลากูน ภูเก็ต","ภาคใต้","ภูเก็ต","2","1","1","0","not_requested"
"4","att_0004_20250620151413000","20250620151413000","น้ำพุร้อนเค็มคลองท่อม","ภาคใต้","กระบี่","2","1","1","0","not_requested"
"5","att_0005_20250620145704000","20250620145704000","หมู่บ้านแม่กำปอง","ภาคเหนือ","เชียงใหม่","2","1","1","0","not_requested"
"6","att_0006_20250620144750000","20250620144750000","เวียงภูเพียงแช่แห้ง","ภาคเหนือ","น่าน","2","1","1","0","not_requested"
"7","att_0007_20250620140701000","20250620140701000","วิสาหกิจชุมชนท่องเที่ยวชุมชนตำบลม่วงกลวง","ภาคใต้","ระนอง","2","1","1","0","not_requested"
"8","att_0008_20250620131238000","20250620131238000","ถ้ำเล สเตโกดอน","ภาคใต้","สตูล","2","1","1","0","not_requested"
"9","att_0009_20250620120308000","20250620120308000","ชุมชนท่องเที่ยวบ้านมุงเหนือ","ภาคเหนือ","พิษณุโลก","2","1","1","0","not_requested"
"10","att_0010_20250619102824000","20250619102824000","เรด เมาท์เทิน กอล์ฟ คลับ","ภาคใต้","ภูเก็ต","2","1","1","0","not_requested"
"11","att_0011_20250619095339000","20250619095339000","อุทยานแห่งชาติธารโบกขรณี","ภาคใต้","กระบี่","2","1","1","0","not_requested"
"12","att_0012_20250617155119000","20250617155119000","ฟาร์มแกะแดนพนา","ภาคเหนือ","น่าน","2","1","1","0","not_requested"
"13","att_0013_20250613151515000","20250613151515000","ชุมชนท่องเที่ยวบ้านผารังหมี","ภาคเหนือ","พิษณุโลก","2","1","1","0","not_requested"
"14","att_0014_20250613144726000","20250613144726000","โฮมสเตย์ท้องตมใหญ่","ภาคใต้","ชุมพร","2","1","1","0","not_requested"
"15","att_0015_20250613144027000","20250613144027000","ชมรมส่งเสริมการท่องเที่ยวโดยชุมชนเมืองเก่าสุโขทัย","ภาคเหนือ","สุโขทัย","2","1","1","0","not_requested"
"16","att_0016_20250613143538000","20250613143538000","สัปปายยะ สปา","ภาคเหนือ","แม่ฮ่องสอน","2","1","1","0","not_requested"
"17","att_0017_20250613142904000","20250613142904000","สปาเซ็นวารี เซ็นทาราแกรนด์บีช รีสอร์ท ภูเก็ต","ภาคใต้","ภูเก็ต","2","1","1","0","not_requested"
"18","att_0018_20250613142512000","20250613142512000","วารีรัก ฮ็อต สปริง สปา","ภาคใต้","กระบี่","2","1","1","0","not_requested"
"19","att_0019_20250613141015000","20250613141015000","ปริ้นซ์วิลล์ สปา","ภาคใต้","กระบี่","2","1","1","0","not_requested"
"20","att_0020_20250613135625000","20250613135625000","บันยันทรี สปา กระบี่","ภาคใต้","กระบี่","2","1","1","0","not_requested"
"21","att_0021_20250613135131000","20250613135131000","บันยันทรี สปา สมุย","ภาคใต้","สุราษฎร์ธานี","2","1","1","0","not_requested"
"22","att_0022_20250613134705000","20250613134705000","บันยันทรี สปา ภูเก็ต","ภาคใต้","ภูเก็ต","2","1","1","0","not_requested"
"23","att_0023_20250613130507000","20250613130507000","จาราสปา","ภาคใต้","ภูเก็ต","2","1","1","0","not_requested"
"24","att_0024_20250613125848000","20250613125848000","คูล สปา บาย ศรีพันวา","ภาคใต้","ภูเก็ต","1","1","0","0","not_requested"
"25","att_0025_20250613112728000","20250613112728000","โอเอซิส สปา ลากูน่า","ภาคใต้","ภูเก็ต","2","1","1","0","not_requested"
"26","att_0026_20250613112314000","20250613112314000","ชุมชนย่านเก่าวังกรด","ภาคเหนือ","พิจิตร","2","1","1","0","not_requested"
"27","att_0027_20250613102328000","20250613102328000","หอโบราณคดีเพ็ชรบูรณ์อินทราชัย","ภาคเหนือ","เพชรบูรณ์","2","1","1","0","not_requested"
"28","att_0028_20250613093028000","20250613093028000","อุทยานแห่งชาติน้ำตกพาเจริญ","ภาคเหนือ","ตาก","2","1","1","0","not_requested"
"29","att_0029_20250606144646000","20250606144646000","ศูนย์สถาปัตยกรรมล้านนา คุ้มเจ้าบุรีรัตน์ มหาอินทร์","ภาคเหนือ","เชียงใหม่","2","1","1","0","not_requested"
"30","att_0030_20250606142917000","20250606142917000","เล็ทส์ รีแลกซ์ วัน นิมมาน เชียงใหม่","ภาคเหนือ","เชียงใหม่","2","1","1","0","not_requested"
"31","att_0031_20250606141512000","20250606141512000","ดิ โอเอซิสสปา ลานนา","ภาคเหนือ","เชียงใหม่","2","1","1","0","not_requested"
"32","att_0032_20250606135957000","20250606135957000","ลีลานวดไท ท่าแพ","ภาคเหนือ","เชียงใหม่","2","1","1","0","not_requested"
"33","att_0033_20250606135025000","20250606135025000","ลีลานวดไท เจดีย์หลวง","ภาคเหนือ","เชียงใหม่","2","1","1","0","not_requested"
"34","att_0034_20250606133755000","20250606133755000","โอเอซิสสปา แอท นิมมาน","ภาคเหนือ","เชียงใหม่","2","1","1","0","not_requested"
"35","att_0035_20250606132913000","20250606132913000","ระรินจินดา เวลเนส สปา รีสอร์ท เชียงใหม่","ภาคเหนือ","เชียงใหม่","2","1","1","0","not_requested"
"36","att_0036_20250606115803000","20250606115803000","ศิรา สปา","ภาคเหนือ","เชียงใหม่","2","1","1","0","not_requested"
"37","att_0037_20250606114358000","20250606114358000","ฟ้าล้านนาสปา","ภาคเหนือ","เชียงใหม่","2","1","1","0","not_requested"
"38","att_0038_20250606113630000","20250606113630000","ลานนาคำ สปา เชียงใหม่","ภาคเหนือ","เชียงใหม่","2","1","1","0","not_requested"
"39","att_0039_20250606112516000","20250606112516000","ชีวา สปา","ภาคเหนือ","เชียงใหม่","2","1","1","0","not_requested"
"40","att_0040_20250606110739000","20250606110739000","ชมรมส่งเสริมการท่องเที่ยวโดยชุมชนตำบลในเวียง","ภาคเหนือ","น่าน","2","1","1","0","not_requested"
"41","att_0041_20250606105740000","20250606105740000","ชมรมส่งเสริมการท่องเที่ยวโดยชุมชนตำบลบ่อสวก","ภาคเหนือ","น่าน","2","1","1","0","not_requested"
"42","att_0042_20250606102248000","20250606102248000","ไร่รื่นรมย์ เกษตรอินทรีย์","ภาคเหนือ","เชียงราย","2","1","1","0","not_requested"
"43","att_0043_20250606101017000","20250606101017000","ศูนย์การค้าเซ็นทรัล เชียงใหม่","ภาคเหนือ","เชียงใหม่","2","1","1","0","not_requested"
"44","att_0044_20250606095610000","20250606095610000","เชียงใหม่ เซลาดอน","ภาคเหนือ","เชียงใหม่","2","1","1","0","not_requested"
"45","att_0045_20250529155222000","20250529155222000","ชุมชนท่องเที่ยวย่านเมืองเก่าภูเก็ต","ภาคใต้","ภูเก็ต","2","1","1","0","not_requested"
"46","att_0046_20250529150938000","20250529150938000","พิพิธภัณฑ์สัตว์น้ำและสวนสัตว์ อควาเรียภูเก็ต","ภาคใต้","ภูเก็ต","2","1","1","0","not_requested"
"47","att_0047_20250529142300000","20250529142300000","น้ำตกร้อนคลองท่อมเหนือ","ภาคใต้","กระบี่","2","1","1","0","not_requested"
"48","att_0048_20250529140747000","20250529140747000","ชุมชนท่องเที่ยวแหลมสัก","ภาคใต้","กระบี่","2","1","1","0","not_requested"
"49","att_0049_20250529140716000","20250529140716000","มิวเซียมภูเก็ต","ภาคใต้","ภูเก็ต","2","1","1","0","not_requested"
"50","att_0050_20250529134525000","20250529134525000","บ่อน้ำแร่ร้อนพรรั้ง","ภาคใต้","ระนอง","2","1","1","0","not_requested"
"51","att_0051_20250526143311000","20250526143311000","พิพิธภัณฑสถานธรรมชาติวิทยา 50 พรรษา สยามบรมราชกุมารีฯ","ภาคใต้","สงขลา","2","1","1","0","not_requested"
"52","att_0052_20250526104102000","20250526104102000","อ่างเก็บน้ำแม่ปืม อุทยานแห่งชาติแม่ปืม","ภาคเหนือ","พะเยา","2","1","1","0","not_requested"
"53","att_0053_20250523112030000","20250523112030000","อ่างเก็บน้ำแม่ปืม อุทยยานแห่งชาติแม่ปืม","ภาคเหนือ","พะเยา","2","1","1","0","not_requested"
"54","att_0054_20250522161536000","20250522161536000","อุทยานแห่งชาติแจ้ซ้อน","ภาคเหนือ","ลำปาง","2","1","1","0","not_requested"
"55","att_0055_20250522154547000","20250522154547000","อุทยานแห่งชาติดอยภูคา","ภาคเหนือ","น่าน","2","1","1","0","not_requested"
"56","att_0056_20250522150412000","20250522150412000","โกโก้ วัลเล่ย์","ภาคเหนือ","น่าน","2","1","1","0","not_requested"
"57","att_0057_20250513153359000","20250513153359000","ภูเก็ต อควา เซอร์คัส","ภาคใต้","ภูเก็ต","2","1","1","0","not_requested"
"58","att_0058_20250321152002000","20250321152002000","อุทยานดาราศาสตร์สิรินธร","ภาคเหนือ","เชียงใหม่","2","1","1","0","not_requested"
"59","att_0059_20250314111655000","20250314111655000","น้ำตกปูแกง อุทยานแห่งชาติดอยหลวง อ.พาน","ภาคเหนือ","เชียงราย","2","1","1","0","not_requested"
"60","att_0060_20250314105745000","20250314105745000","สระขุนนํ้ามรกต-อุทยานแห่งชาติถ้ำหลวง ขุนน้ำนางนอน(เตรียมการ)","ภาคเหนือ","เชียงราย","2","1","1","0","not_requested"
"61","att_0061_20250314104953000","20250314104953000","แพริมน้ำบ้านปางป่าอ้อ-น้ำตกขุนกรณ์","ภาคเหนือ","เชียงราย","2","1","1","0","not_requested"
"62","att_0062_20250314103916000","20250314103916000","ล่องแพเปียกแม่น้ำกก","ภาคเหนือ","เชียงราย","2","1","1","0","not_requested"
"63","att_0063_20250314103135000","20250314103135000","ล่องแพเปียกเขื่อนแม่สรวย","ภาคเหนือ","เชียงราย","2","1","1","0","not_requested"
"64","att_0064_20250307105619000","20250307105619000","ล่องห่วงยางลำน้ำแจ่ม","ภาคเหนือ","เชียงใหม่","2","1","1","0","not_requested"
"65","att_0065_20250224110958000","20250224110958000","วัดคลองกล้วย","ภาคเหนือ","อุตรดิตถ์","2","1","1","0","not_requested"
"66","att_0066_20250206104555000","20250206104555000","ลำน้ำมาว","ภาคเหนือ","เชียงใหม่","2","1","1","0","not_requested"
"67","att_0067_20250206101006000","20250206101006000","สวนส้มปรีชาฝาง","ภาคเหนือ","เชียงใหม่","2","1","1","0","not_requested"
"68","att_0068_20250206094858000","20250206094858000","สวนร้อยใจรักษ์","ภาคเหนือ","เชียงใหม่","2","1","1","0","not_requested"
"69","att_0069_20250204160350000","20250204160350000","Dream Space Gallery","ภาคเหนือ","เชียงใหม่","2","1","1","0","not_requested"
"70","att_0070_20250204154803000","20250204154803000","La Luna Gallery","ภาคเหนือ","เชียงใหม่","2","1","1","0","not_requested"
"71","att_0071_20250204102914000","20250204102914000","สวนพฤกษศาสตร์ทวีชล","ภาคเหนือ","เชียงใหม่","2","1","1","0","not_requested"
"72","att_0072_20250204095812000","20250204095812000","เขื่อนแม่งัดสมบูรณ์ชล กรมชลประธาน","ภาคเหนือ","เชียงใหม่","2","1","1","0","not_requested"
"73","att_0073_20250117121110000","20250117121110000","ดอยป่าคา","ภาคเหนือ","เชียงใหม่","3","3","0","0","not_requested"
"74","att_0074_20250117095525000","20250117095525000","ดอยหัวหมู","ภาคเหนือ","เชียงใหม่","2","1","1","0","not_requested"
"75","att_0075_20250116150644000","20250116150644000","อ่างเก็บน้ำห้วยมะนาว","ภาคเหนือ","เชียงใหม่","2","1","1","0","not_requested"
"76","att_0076_20250116134936000","20250116134936000","สวนสาธารณะอบจ.เชียงใหม่","ภาคเหนือ","เชียงใหม่","2","1","1","0","not_requested"
"77","att_0077_20241223141543000","20241223141543000","จินนาลักษณ์มัลเบอร์รี่สาเปเปอร์","ภาคเหนือ","เชียงราย","2","1","1","0","not_requested"
"78","att_0078_20241223135737000","20241223135737000","ชุมชนไทลื้อศรีดอนชัย","ภาคเหนือ","เชียงราย","3","3","0","0","not_requested"
"79","att_0079_20241223132512000","20241223132512000","ชมรมส่งเสริมการท่องเที่ยวโดยชุมชนบ้านไร่กองขิง","ภาคเหนือ","เชียงใหม่","2","1","1","0","not_requested"
"80","att_0080_20241223110514000","20241223110514000","พิพิธภัณฑ์พระตำหนักดาราภิรมย์","ภาคเหนือ","เชียงใหม่","2","1","1","0","not_requested"
"81","att_0081_20241220140642000","20241220140642000","ศูนย์การเรียนรู้ภูมิปัญญาไทย ไตลื้อบ้านใบบุญ","ภาคเหนือ","เชียงใหม่","2","1","1","0","not_requested"
"82","att_0082_20241220134846000","20241220134846000","เชียงใหม่ไนท์ซาฟารี","ภาคเหนือ","เชียงใหม่","2","1","1","0","not_requested"
"83","att_0083_20241220134421000","20241220134421000","คามาลายา เวลเนส แซงชัวรี","ภาคใต้","สุราษฎร์ธานี","2","1","1","0","not_requested"
"84","att_0084_20241220134044000","20241220134044000","เอเลเฟ่น พูพูเปเปอร์ พาร์ค","ภาคเหนือ","เชียงใหม่","2","1","1","0","not_requested"
"85","att_0085_20241220125313000","20241220125313000","พิพิธภัณฑ์เรือนโบราณล้านนา สำนักส่งเสริมศิลปวัฒนธรรมและล้านนาสร้างสรรค์ มหาวิทยาลัยเชียงใหม่","ภาคเหนือ","เชียงใหม่","2","1","1","0","not_requested"
"86","att_0086_2024122011311500","2024122011311500","วิสาหกิจชุมชนท่องเที่ยวเพื่อสังคมเชียงแสน","ภาคเหนือ","เชียงราย","2","1","1","0","not_requested"
"87","att_0087_20241217100426000","20241217100426000","วัดเชียงหมั้น","ภาคเหนือ","พะเยา","2","1","1","0","not_requested"
"88","att_0088_20241213152341000","20241213152341000","ควนคานหลาว","ภาคใต้","สงขลา","2","1","1","0","not_requested"
"89","att_0089_20241213144451000","20241213144451000","พิพิธภัณฑ์มายากลหาดใหญ่","ภาคใต้","สงขลา","2","1","1","0","not_requested"
"90","att_0090_20241213143306000","20241213143306000","สรีทอาร์ต หาดใหญ่","ภาคใต้","สงขลา","2","1","1","0","not_requested"
"91","att_0091_20241213140616000","20241213140616000","โกคาร์ทหาดใหญ่","ภาคใต้","สงขลา","2","1","1","0","not_requested"
"92","att_0092_20241213090047000","20241213090047000","วนอุทยานบ่อน้ำร้อนกันตัง","ภาคใต้","ตรัง","2","1","1","0","not_requested"
"93","att_0093_20241212133042000","20241212133042000","อาจิไซซัง","ภาคเหนือ","เชียงราย","2","1","1","0","not_requested"
"94","att_0094_20241212130620000","20241212130620000","ฟาร์มแกะออสเตรเลีย","ภาคเหนือ","เชียงราย","2","1","1","0","not_requested"
"95","att_0095_20241212123718000","20241212123718000","ฟาร์มแกะ อะบอนโซ่ ยามะมิซึ","ภาคเหนือ","เชียงราย","2","1","1","0","not_requested"
"96","att_0096_20241212120646000","20241212120646000","สกายวอล์ควัดพระธาตุจอมทอง","ภาคเหนือ","พะเยา","2","1","1","0","not_requested"
"97","att_0097_20241212115236000","20241212115236000","วัดป่าพุทธชินวงศาราม (ม่อนพญานาคราช)","ภาคเหนือ","พะเยา","2","1","1","0","not_requested"
"98","att_0098_20241202143449000","20241202143449000","อ่างน้ำร้อนไทรโสภา","ภาคใต้","สุราษฎร์ธานี","2","1","1","0","not_requested"
"99","att_0099_20241202115552000","20241202115552000","ท่องเที่ยวโดยชุมชน ลีเล็ด CBT Leeled","ภาคใต้","สุราษฎร์ธานี","2","1","1","0","not_requested"
"100","att_0100_20241128164334000","20241128164334000","สวนลุงเวศน์","ภาคใต้","ตรัง","2","1","1","0","not_requested"
"101","att_0101_20241128161336000","20241128161336000","เส้นทางศึกษาธรรมชาติเขาแบนะ","ภาคใต้","ตรัง","2","1","1","0","not_requested"
"102","att_0102_20241121155940000","20241121155940000","ขุนแปะ","ภาคเหนือ","เชียงใหม่","2","1","1","0","not_requested"
"103","att_0103_20241121154525000","20241121154525000","ดอยแม่โถ","ภาคเหนือ","เชียงใหม่","2","1","1","0","not_requested"
"104","att_0104_20241121153654000","20241121153654000","ดอยม่อนเงาะ","ภาคเหนือ","เชียงใหม่","2","1","1","0","not_requested"
"105","att_0105_20241121141201000","20241121141201000","เมืองคอง","ภาคเหนือ","เชียงใหม่","4","4","0","0","not_requested"
"106","att_0106_20241121140158000","20241121140158000","ป่าบงเปียง","ภาคเหนือ","เชียงใหม่","2","1","1","0","not_requested"
"107","att_0107_20241121134610000","20241121134610000","อุทยานแห่งชาติออบหลวง","ภาคเหนือ","เชียงใหม่","2","1","1","0","not_requested"
"108","att_0108_20241121133445000","20241121133445000","พระตําหนักภูพิงค์ราชนิเวศน์","ภาคเหนือ","เชียงใหม่","2","1","1","0","not_requested"
"109","att_0109_20241121111659000","20241121111659000","วัดผาลาด","ภาคเหนือ","เชียงใหม่","2","1","1","0","not_requested"
"110","att_0110_20241120110325000","20241120110325000","ชุมชนนาหมื่นศรี","ภาคใต้","ตรัง","2","1","1","0","not_requested"
"111","att_0111_20241119162246000","20241119162246000","ชุมชนเมืองเก่ากันตัง","ภาคใต้","ตรัง","2","1","1","0","not_requested"
"112","att_0112_20241107162708000","20241107162708000","ชุมชนท่องเที่ยวบ้านเขากอบ","ภาคใต้","ตรัง","2","1","1","0","not_requested"
"113","att_0113_20241106154752000","20241106154752000","ชุมชนบ้านน้ำราบ","ภาคใต้","ตรัง","2","1","1","0","not_requested"
"114","att_0114_20241021141513000","20241021141513000","ถนนอุโมงค์ต้นไม้เชียงดาว","ภาคเหนือ","เชียงใหม่","2","1","1","0","not_requested"
"115","att_0115_20241021114949000","20241021114949000","วัดพระธาตุแม่ย่าม่อน","ภาคเหนือ","เชียงราย","2","1","1","0","not_requested"
"116","att_0116_20241021110148000","20241021110148000","วัดหนองปลิง","ภาคเหนือ","กำแพงเพชร","2","1","1","0","not_requested"
"117","att_0117_20241007163129000","20241007163129000","ชุมชนเกาะสุกร","ภาคใต้","ตรัง","2","1","1","0","not_requested"
"118","att_0118_20240917111119000","20240917111119000","พิพิธภัณฑ์ธรณีวิทยาพุนพิน","ภาคใต้","สุราษฎร์ธานี","2","1","1","0","not_requested"
"119","att_0119_20240905162912000","20240905162912000","เทวสถานพระพิฆเนศวร พิพิธภัณฑ์บ้านเทพจันทรคุปต์","ภาคเหนือ","แพร่","2","1","1","0","not_requested"
"120","att_0120_20240903094107000","20240903094107000","ชุมชนเมืองหยงสตาร์","ภาคใต้","ตรัง","2","1","1","0","not_requested"
"121","att_0121_20240724121146000","20240724121146000","ฉิมเมล่อน","ภาคใต้","สตูล","2","1","1","0","not_requested"
"122","att_0122_20240724112800000","20240724112800000","Thung-wa Street Art","ภาคใต้","สตูล","2","1","1","0","not_requested"
"123","att_0123_20240613145002000","20240613145002000","อ่างเก็บน้ำกระทูน","ภาคใต้","นครศรีธรรมราช","2","1","1","0","not_requested"
"124","att_0124_20240613144251000","20240613144251000","อ่างเก็บน้ำคลองดินแดง","ภาคใต้","นครศรีธรรมราช","2","1","1","0","not_requested"
"125","att_0125_20240610145728000","20240610145728000","เกาะหนู-เกาะแมว","ภาคใต้","สงขลา","2","1","1","0","not_requested"
"126","att_0126_20240527060404000","20240527060404000","บ้านม้าท่าน้ำ","ภาคเหนือ","ลำปาง","2","1","1","0","not_requested"
"127","att_0127_20240523145530000","20240523145530000","น้ำตกเหมืองทวด - อุทยานแห่งชาติใต้ร่มเย็น","ภาคใต้","สุราษฎร์ธานี","2","1","1","0","not_requested"
"128","att_0128_20240322152115000","20240322152115000","Songkhla Flower Farm","ภาคใต้","สงขลา","2","1","1","0","not_requested"
"129","att_0129_20240322143721000","20240322143721000","ชุมชนท่องเที่ยวบ้านเขาหลัก","ภาคใต้","ตรัง","2","1","1","0","not_requested"
"130","att_0130_20240321232416000","20240321232416000","อ่างเก็บน้ำห้วยแม่ลำพัน","ภาคเหนือ","สุโขทัย","2","1","1","0","not_requested"
"131","att_0131_20240321165959000","20240321165959000","ชุมชนบ่อหินฟาร์มสเตย์","ภาคใต้","ตรัง","2","1","1","0","not_requested"
"132","att_0132_20240319151459000","20240319151459000","โคกหนองนาแสนชื่น","ภาคเหนือ","น่าน","2","1","1","0","not_requested"
"133","att_0133_20240319105844000","20240319105844000","บียอนด์ สกายวอร์ค นางชี","ภาคใต้","พังงา","2","1","1","0","not_requested"
"134","att_0134_20240319094228000","20240319094228000","โค้ง I LOVE U","ภาคเหนือ","น่าน","2","1","1","0","not_requested"
"135","att_0135_20240314132512000","20240314132512000","ไร่ปางวัว","ภาคเหนือ","น่าน","2","1","1","0","not_requested"
"136","att_0136_20240314130619000","20240314130619000","โครงการสบขุ่นโมเดล บ้านสบขุ่น","ภาคเหนือ","น่าน","2","1","1","0","not_requested"
"137","att_0137_20240314125636000","20240314125636000","น่านปางช้าง","ภาคเหนือ","น่าน","2","1","1","0","not_requested"
"138","att_0138_20240314111911000","20240314111911000","ศูนย์วิทยาศาสตร์เพื่อการศึกษาพิษณุโลก","ภาคเหนือ","พิษณุโลก","2","1","1","0","not_requested"
"139","att_0139_20240306170718000","20240306170718000","แหลมยามู","ภาคใต้","ภูเก็ต","2","1","1","0","not_requested"
"140","att_0140_20240227142828000","20240227142828000","Pa Pae Meditation Retreat","ภาคเหนือ","เชียงใหม่","2","1","1","0","not_requested"
"141","att_0141_20240208105559000","20240208105559000","น้ำตกห้วยตึงเฒ่า (ตาดมุก)","ภาคเหนือ","เชียงใหม่","2","1","1","0","not_requested"
"142","att_0142_20240208103713000","20240208103713000","Thingamajiggy Coffee Roaster","ภาคเหนือ","เชียงใหม่","2","1","1","0","not_requested"
"143","att_0143_20240208100457000","20240208100457000","WTF Coffee Camp","ภาคเหนือ","เชียงใหม่","2","1","1","0","not_requested"
"144","att_0144_20240208093712000","20240208093712000","ยิ่งยงสวนดอกไม้","ภาคเหนือ","เชียงใหม่","2","1","1","0","not_requested"
"145","att_0145_20240125114025000","20240125114025000","สวนลุงเชษฐ์","ภาคใต้","สุราษฎร์ธานี","2","1","1","0","not_requested"
"146","att_0146_20240125101654000","20240125101654000","สกายวอร์ควัดระธาตุดอยสะเก็ด","ภาคเหนือ","เชียงใหม่","2","1","1","0","not_requested"
"147","att_0147_20240109105300000","20240109105300000","จุดชมวิวบ้านขอบด้ง","ภาคเหนือ","เชียงใหม่","2","1","1","0","not_requested"
"148","att_0148_20240109104738000","20240109104738000","บ้านธารชีวี","ภาคเหนือ","เชียงใหม่","2","1","1","0","not_requested"
"149","att_0149_20240108154014000","20240108154014000","บ้านแกะ แม่ขิ","ภาคเหนือ","เชียงใหม่","2","1","1","0","not_requested"
"150","att_0150_20240108142438000","20240108142438000","โมริ เนเชอรัล ฟาร์ม","ภาคเหนือ","เชียงใหม่","2","1","1","0","not_requested"
"151","att_0151_20240108112542000","20240108112542000","Kyoto Shi Cafe","ภาคเหนือ","เชียงใหม่","2","1","1","0","not_requested"
"152","att_0152_20231212161855000","20231212161855000","Sky Walk เหนือสุดในสยาม วัดพระธาตุดอยเวา","ภาคเหนือ","เชียงราย","2","1","1","0","not_requested"
"153","att_0153_20231207094452000","20231207094452000","อุทยานแห่งชาติน้ำตกบัวตอง-น้ำพุเจ็ดสี","ภาคเหนือ","เชียงใหม่","2","1","1","0","not_requested"
"154","att_0154_20231114153533000","20231114153533000","สถานีวนวัฒนวิจัยบ่อแก้ว (สวนสนบ่อแก้ว)","ภาคเหนือ","เชียงใหม่","2","1","1","0","not_requested"
"155","att_0155_20231114145926000","20231114145926000","เฮือนสีมันตรา","ภาคเหนือ","เชียงใหม่","2","1","1","0","not_requested"
"156","att_0156_20231114144226000","20231114144226000","พิพิธภัณฑ์ตุ๊กตาเชียงใหม่","ภาคเหนือ","เชียงใหม่","2","1","1","0","not_requested"
"157","att_0157_20231114113547000","20231114113547000","จังเกิ้ล เดอ คาเฟ่ สาขาบัฟฟาโล่ ไอแลนด์","ภาคเหนือ","เชียงใหม่","2","1","1","0","not_requested"
"158","att_0158_20231114111156000","20231114111156000","กาดเกรียงไกรมาหามิตร","ภาคเหนือ","เชียงใหม่","2","1","1","0","not_requested"
"159","att_0159_20231114110239000","20231114110239000","โป่งแยง จังเกิ้ล โคสเตอร์ ซิปไลน์","ภาคเหนือ","เชียงใหม่","2","1","1","0","not_requested"
"160","att_0160_20231114103526000","20231114103526000","กาดต๋องตึง บ้านริมน้ำ","ภาคเหนือ","เชียงใหม่","2","1","1","0","not_requested"
"161","att_0161_20231114102147000","20231114102147000","อาร์ต อิน พาราไดซ์ เชียงใหม่","ภาคเหนือ","เชียงใหม่","2","1","1","0","not_requested"
"162","att_0162_20231114100216000","20231114100216000","วัน นิมมาน","ภาคเหนือ","เชียงใหม่","2","1","1","0","not_requested"
"163","att_0163_20231114093349000","20231114093349000","ตลาดนัดจริงใจ","ภาคเหนือ","เชียงใหม่","2","1","1","0","not_requested"
"164","att_0164_20231109105115000","20231109105115000","โรงบ่ม ริมน้ำน่าน บ้านดอนตัน","ภาคเหนือ","น่าน","2","1","1","0","not_requested"
"165","att_0165_20231019100356000","20231019100356000","วัดถ้ำตับเตา","ภาคเหนือ","เชียงใหม่","2","1","1","0","not_requested"
"166","att_0166_20231006145630000","20231006145630000","จุดถ่ายรูปเช็คอิน Street Art","ภาคใต้","สุราษฎร์ธานี","2","1","1","0","not_requested"
"167","att_0167_20231006143548000","20231006143548000","ตลาดน้ำประชารัฐบางใบไม้","ภาคใต้","สุราษฎร์ธานี","2","1","1","0","not_requested"
"168","att_0168_20231006122516000","20231006122516000","สวนลุงสงค์ ศูนย์เรียนรู้การสกัดเย็นน้ำมันมะพร้าว","ภาคใต้","สุราษฎร์ธานี","2","1","1","0","not_requested"
"169","att_0169_20230918161504000","20230918161504000","ชุมชนบ้านไหนหนัง","ภาคใต้","กระบี่","2","1","1","0","not_requested"
"170","att_0170_20230918155952000","20230918155952000","เกาะผักเบี้ย","ภาคใต้","กระบี่","2","1","1","0","not_requested"
"171","att_0171_20230918114449000","20230918114449000","วิวพอยท์เกาะพีพีดอน","ภาคใต้","กระบี่","2","1","1","0","not_requested"
"172","att_0172_20230918113726000","20230918113726000","เกาะเหลาลาดิง","ภาคใต้","กระบี่","2","1","1","0","not_requested"
"173","att_0173_20230918105910000","20230918105910000","บ้านไร่ตะวันหวาน กระบี่","ภาคใต้","กระบี่","2","1","1","0","not_requested"
"174","att_0174_20230918104037000","20230918104037000","วัดมหาธาตุแหลมสัก","ภาคใต้","กระบี่","2","1","1","0","not_requested"
"175","att_0175_20230918102225000","20230918102225000","ไร่คุณอารียา","ภาคใต้","กระบี่","2","1","1","0","not_requested"
"176","att_0176_20230915155414000","20230915155414000","ดอยลังกาน้อย","ภาคเหนือ","เชียงใหม่","2","1","1","0","not_requested"
"177","att_0177_20230915152917000","20230915152917000","บ้านโบราณ ณ สมุย","ภาคใต้","สุราษฎร์ธานี","2","1","1","0","not_requested"
"178","att_0178_20230915150548000","20230915150548000","คลองหรูด คลองน้ำใส","ภาคใต้","กระบี่","2","1","1","0","not_requested"
"179","att_0179_20230915145906000","20230915145906000","คลองสระแก้ว","ภาคใต้","กระบี่","2","1","1","0","not_requested"
"180","att_0180_20230915144155000","20230915144155000","ดินแดงดอย","ภาคใต้","กระบี่","2","1","1","0","not_requested"
"181","att_0181_20230915142905000","20230915142905000","แหลมจมูกควาย","ภาคใต้","กระบี่","2","1","1","0","not_requested"
"182","att_0182_20230915113700000","20230915113700000","บ้านแม่ตะละเหนือ","ภาคเหนือ","เชียงใหม่","2","1","1","0","not_requested"
"183","att_0183_20230915111303000","20230915111303000","Thepoe - เด๊อะโพ","ภาคเหนือ","เชียงใหม่","2","1","1","0","not_requested"
"184","att_0184_20230915102757000","20230915102757000","อะกิปุ แคมป์ปิ้ง","ภาคเหนือ","เชียงใหม่","2","1","1","0","not_requested"
"185","att_0185_20230913122256000","20230913122256000","ผาชู้","ภาคเหนือ","น่าน","2","1","1","0","not_requested"
"186","att_0186_20230913120335000","20230913120335000","ดอยเสมอดาว","ภาคเหนือ","น่าน","2","1","1","0","not_requested"
"187","att_0187_20230913105651000","20230913105651000","วัดถ้ำเชตวัน","ภาคเหนือ","น่าน","2","1","1","0","not_requested"
"188","att_0188_20230912200856000","20230912200856000","ศูนย์การเรียนรู้ภูเพียงโมเดล - รักษ์ป่าน่าน","ภาคเหนือ","น่าน","1","1","0","0","not_requested"
"189","att_0189_20230912163437000","20230912163437000","ตลาดน้ำ 4000 ปี ไนท์บาร์ซ่า","ภาคเหนือ","น่าน","2","1","1","0","not_requested"
"190","att_0190_20230909104106000","20230909104106000","สถานีรถไฟกันตัง","ภาคใต้","ตรัง","2","1","1","0","not_requested"
"191","att_0191_20230909102124000","20230909102124000","กะหลิม ริมเล","ภาคใต้","ภูเก็ต","2","1","1","0","not_requested"
"192","att_0192_20230909100940000","20230909100940000","สำนักสงฆ์เกาะแก้วพิสดาร","ภาคใต้","ภูเก็ต","2","1","1","0","not_requested"
"193","att_0193_20230830154921000","20230830154921000","วัดเวียง","ภาคเหนือ","ลำปาง","2","1","1","0","not_requested"
"194","att_0194_20230822192616000","20230822192616000","พิพิธภัณฑ์ธรณีเพชรบูรณ์","ภาคเหนือ","เพชรบูรณ์","2","1","1","0","not_requested"
"195","att_0195_20230821101853000","20230821101853000","เกาะนกเภา","ภาคใต้","สุราษฎร์ธานี","4","4","0","0","not_requested"
"196","att_0196_20230821092755000","20230821092755000","เรือนจำชั่วคราวเฟื่องฟ้า","ภาคเหนือ","พิษณุโลก","2","1","1","0","not_requested"
"197","att_0197_20230721094555000","20230721094555000","Central Phitsanulok","ภาคเหนือ","พิษณุโลก","2","1","1","0","not_requested"
"198","att_0198_20230615162045000","20230615162045000","ถ้ำศิลป์ วัดร่องขุ่น","ภาคเหนือ","เชียงราย","2","1","1","0","not_requested"
"199","att_0199_20230615152113000","20230615152113000","วัดแสงแก้วโพธิญาณ","ภาคเหนือ","เชียงราย","2","1","1","0","not_requested"
"200","att_0200_20230615151055000","20230615151055000","สกายวอล์กผาเงา สามแผ่นดิน","ภาคเหนือ","เชียงราย","2","1","1","0","not_requested"
"201","att_0201_20230615095040000","20230615095040000","จุดชมวิว หน่อ-ฮ่อ-ฝ่า","ภาคเหนือ","แม่ฮ่องสอน","2","1","1","0","not_requested"
"202","att_0202_20230515161439000","20230515161439000","วัดพระเกิด","ภาคเหนือ","น่าน","5","5","0","0","not_requested"
"203","att_0203_20230511140239000","20230511140239000","คลองญวนชวนรักษ์","ภาคเหนือ","นครสวรรค์","2","1","1","0","not_requested"
"204","att_0204_20230320101320000","20230320101320000","ซัพบอร์ด เวียงสา","ภาคเหนือ","น่าน","2","1","1","0","not_requested"
"205","att_0205_20230112145209700352","20230112145209700352","วัดพระบรมธาตุแช่แห้ง","ภาคเหนือ","น่าน","2","1","1","0","not_requested"
"206","att_0206_20230112115108700160","20230112115108700160","พิพิธภัณฑสถานแห่งชาติ น่าน","ภาคเหนือ","น่าน","2","1","1","0","not_requested"
"207","att_0207_20230112101345701888","20230112101345701888","บอลลูน แอดเวนเจอร์ ไทยแลนด์ เชียงใหม่","ภาคเหนือ","เชียงใหม่","2","1","1","0","not_requested"
"208","att_0208_20230112005453701120","20230112005453701120","สวนส้มโจลี","ภาคเหนือ","เชียงใหม่","2","1","1","0","not_requested"
"209","att_0209_20230112003159699456","20230112003159699456","สวนนา หน้าวัด","ภาคเหนือ","เชียงใหม่","2","1","1","0","not_requested"
"210","att_0210_20230111224008699904","20230111224008699904","วัดถ้ำดอยโตน","ภาคเหนือ","เชียงใหม่","2","1","1","0","not_requested"
"211","att_0211_20230111172341698560","20230111172341698560","กาเนชา คาเฟ่ & ฟาร์ม เชียงใหม่","ภาคเหนือ","เชียงใหม่","2","1","1","0","not_requested"
"212","att_0212_20230111165910700032","20230111165910700032","ไร่เก๊กฮวยนายพล","ภาคเหนือ","เชียงใหม่","2","1","1","0","not_requested"
"213","att_0213_20230111161404698624","20230111161404698624","น้ำตกโป่งสะแยง","ภาคเหนือ","เชียงใหม่","2","1","1","0","not_requested"
"214","att_0214_20230111160610701312","20230111160610701312","วัดจันทร์ (วิหารแว่นตาดำ)","ภาคเหนือ","เชียงใหม่","2","1","1","0","not_requested"
"215","att_0215_20230111155735699456","20230111155735699456","สวนป่าดอยบ่อหลวง องค์การอุตสาหกรรมป่าไม้","ภาคเหนือ","เชียงใหม่","2","1","1","0","not_requested"
"216","att_0216_20230111154130698240","20230111154130698240","บ้านแม่แมะ","ภาคเหนือ","เชียงใหม่","2","1","1","0","not_requested"
"217","att_0217_20230111152809701376","20230111152809701376","ไร่สตรอเบอร์รี่ไผ่สีทอง","ภาคเหนือ","เชียงใหม่","2","1","1","0","not_requested"
"218","att_0218_20230111152022700032","20230111152022700032","ถ้ำหลวงแม่สาบ","ภาคเหนือ","เชียงใหม่","2","1","1","0","not_requested"
"219","att_0219_20230111150504701952","20230111150504701952","พิพิธภัณฑ์พระพิฆเนศ","ภาคเหนือ","เชียงใหม่","2","1","1","0","not_requested"
"220","att_0220_20230111144805699584","20230111144805699584","แดนเทวดา","ภาคเหนือ","เชียงใหม่","2","1","1","0","not_requested"
"221","att_0221_20230111143223701504","20230111143223701504","สวนส้มจินจู","ภาคเหนือ","เชียงใหม่","2","1","1","0","not_requested"
"222","att_0222_20230110162305699840","20230110162305699840","แก่งกึ๊ด","ภาคเหนือ","เชียงใหม่","2","1","1","0","not_requested"
"223","att_0223_20230110160037699584","20230110160037699584","เก๊าไม้ล้านนา","ภาคเหนือ","เชียงใหม่","2","1","1","0","not_requested"
"224","att_0224_20230110155412701184","20230110155412701184","ปางเปาบีช","ภาคเหนือ","เชียงใหม่","2","1","1","0","not_requested"
"225","att_0225_20230110152708698112","20230110152708698112","ไร่ชาลุงเดช","ภาคเหนือ","เชียงใหม่","2","1","1","0","not_requested"
"226","att_0226_20230110151020699648","20230110151020699648","หมู่บ้านแม่ลาย","ภาคเหนือ","เชียงใหม่","2","1","1","0","not_requested"
"227","att_0227_20230110151004700672","20230110151004700672","เฮือนศรีมันตรา","ภาคเหนือ","เชียงใหม่","2","1","1","0","not_requested"
"228","att_0228_20230110145622700032","20230110145622700032","วัดตาดเหมยวณาราม","ภาคเหนือ","เชียงใหม่","2","1","1","0","not_requested"
"229","att_0229_20230110142740701184","20230110142740701184","บ้านปางไฮ","ภาคเหนือ","เชียงใหม่","2","1","1","0","not_requested"
"230","att_0230_20230110140640698368","20230110140640698368","สวนน้ำ ทูบเทรค เชียงใหม่","ภาคเหนือ","เชียงใหม่","2","1","1","0","not_requested"
"231","att_0231_20230110120846700544","20230110120846700544","วัดอรัญญวาส (วัดบ้านปง)","ภาคเหนือ","เชียงใหม่","2","1","1","0","not_requested"
"232","att_0232_20230110120831700992","20230110120831700992","เฮินศิลป์ใจ๋ยอง","ภาคเหนือ","เชียงใหม่","2","1","1","0","not_requested"
"233","att_0233_20230110114759700480","20230110114759700480","วัดพระนอนแม่ปูคา","ภาคเหนือ","เชียงใหม่","2","1","1","0","not_requested"
"234","att_0234_20230110112311701504","20230110112311701504","กาดฝรั่ง วิลเลจ","ภาคเหนือ","เชียงใหม่","2","1","1","0","not_requested"
"235","att_0235_20230110112010698752","20230110112010698752","วัดป่าตึง","ภาคเหนือ","เชียงใหม่","2","1","1","0","not_requested"
"236","att_0236_20230110104238698496","20230110104238698496","ดัชฟาร์ม ฟาร์มม้าแคระ เชียงใหม่","ภาคเหนือ","เชียงใหม่","2","1","1","0","not_requested"
"237","att_0237_20230110102214701056","20230110102214701056","ตลาดฉำฉา","ภาคเหนือ","เชียงใหม่","2","1","1","0","not_requested"
"238","att_0238_20230110095414697984","20230110095414697984","พิพิธภัณฑ์ศิลปะร่วมสมัยใหม่เอี่ยม","ภาคเหนือ","เชียงใหม่","2","1","1","0","not_requested"
"239","att_0239_20230106163653701632","20230106163653701632","ชุมชนโหล่งฮิมคาว","ภาคเหนือ","เชียงใหม่","2","1","1","0","not_requested"
"240","att_0240_20230106162735702016","20230106162735702016","ฮิมน้ำแม่จะ","ภาคเหนือ","เชียงใหม่","2","1","1","0","not_requested"
"241","att_0241_20230106160258699264","20230106160258699264","วัดป่าดาราภิรมย์","ภาคเหนือ","เชียงใหม่","2","1","1","0","not_requested"
"242","att_0242_20230106155017699328","20230106155017699328","สวนส้มยอดดอย","ภาคเหนือ","เชียงใหม่","2","1","1","0","not_requested"
"243","att_0243_20230106154011701248","20230106154011701248","สวนดอกไม้ ป้างฮวา&สวนส้ม","ภาคเหนือ","เชียงใหม่","2","1","1","0","not_requested"
"244","att_0244_20230106152134701056","20230106152134701056","อ่างแก้ว","ภาคเหนือ","เชียงใหม่","2","1","1","0","not_requested"
"245","att_0245_20230106150639702016","20230106150639702016","กาดบะป๊าว","ภาคเหนือ","เชียงใหม่","2","1","1","0","not_requested"
"246","att_0246_20230106143558701056","20230106143558701056","หอประวัติศาสตร์เชียงใหม่","ภาคเหนือ","เชียงใหม่","2","1","1","0","not_requested"
"247","att_0247_20230106142456700928","20230106142456700928","พิพิธภัณฑ์พื้นถิ่นล้านนา","ภาคเหนือ","เชียงใหม่","2","1","1","0","not_requested"
"248","att_0248_20230106140302700544","20230106140302700544","พิพิธภัณฑ์ธนารักษ์","ภาคเหนือ","เชียงใหม่","2","1","1","0","not_requested"
"249","att_0249_20230106115412701184","20230106115412701184","โครงการบ้านข้างวัด","ภาคเหนือ","เชียงใหม่","2","1","1","0","not_requested"
"250","att_0250_20221228154620698624","20221228154620698624","อ่าวลึก","ภาคใต้","สุราษฎร์ธานี","2","1","1","0","not_requested"
"251","att_0251_20221228153339699200","20221228153339699200","ศูนย์เรียนรู้รักษ์แบนส์","ภาคใต้","สุราษฎร์ธานี","2","2","0","0","not_requested"
"252","att_0252_20221228152405700608","20221228152405700608","หาดทรายแดง","ภาคใต้","สุราษฎร์ธานี","2","1","1","0","not_requested"
"253","att_0253_20221228151855702016","20221228151855702016","แหลมหิน จปร.","ภาคใต้","สุราษฎร์ธานี","2","1","1","0","not_requested"
"254","att_0254_20221228150706700288","20221228150706700288","หาดทรายรี","ภาคใต้","สุราษฎร์ธานี","2","1","1","0","not_requested"
"255","att_0255_20221228143553699840","20221228143553699840","เกาะนางยวน","ภาคใต้","สุราษฎร์ธานี","2","1","1","0","not_requested"
"256","att_0256_20221228131034701824","20221228131034701824","วิสาหกิจชุมชนกลุ่มแม่บ้านเกษตรกรบางหวานพัฒนา","ภาคใต้","ภูเก็ต","2","1","1","0","not_requested"
"257","att_0257_20221228120407699456","20221228120407699456","จุดชมวิวอภิชฎา","ภาคใต้","สุราษฎร์ธานี","2","1","1","0","not_requested"
"258","att_0258_20221228115357700096","20221228115357700096","ไร่เตียวิเศษ","ภาคใต้","สุราษฎร์ธานี","2","1","1","0","not_requested"
"259","att_0259_20221228112903700480","20221228112903700480","วัดภูเขาน้อย","ภาคใต้","สุราษฎร์ธานี","2","1","1","0","not_requested"
"260","att_0260_20221228092509700096","20221228092509700096","พรผู้สร้าง","ภาคใต้","ชุมพร","2","1","1","0","not_requested"
"261","att_0261_20221227152433700864","20221227152433700864","อุทยานแห่งชาติน้ำตกธารเสด็จ - เกาะพะงัน","ภาคใต้","สุราษฎร์ธานี","2","1","1","0","not_requested"
"262","att_0262_20221227151341699072","20221227151341699072","น้ำตกธารเสด็จ","ภาคใต้","สุราษฎร์ธานี","2","1","1","0","not_requested"
"263","att_0263_20221227110914699264","20221227110914699264","เกาะราฮัม","ภาคใต้","สุราษฎร์ธานี","2","1","1","0","not_requested"
"264","att_0264_20221226164451700736","20221226164451700736","อ่าวท้องนายปาน","ภาคใต้","สุราษฎร์ธานี","2","1","1","0","not_requested"
"265","att_0265_20221226155752701952","20221226155752701952","เกาะม้า หาดแม่หาด","ภาคใต้","สุราษฎร์ธานี","2","1","1","0","not_requested"
"266","att_0266_20221226154503700480","20221226154503700480","หาดริ้น","ภาคใต้","สุราษฎร์ธานี","2","1","1","0","not_requested"
"267","att_0267_20221226153150701568","20221226153150701568","พิพิธภัณฑ์สัตว์น้ำสมุยและสวนเสือ","ภาคใต้","สุราษฎร์ธานี","2","1","1","0","not_requested"
"268","att_0268_20221221100318699520","20221221100318699520","พิพิธภัณฑ์เตาถ่าน","ภาคใต้","ตรัง","2","1","1","0","not_requested"
"269","att_0269_20221221094956699648","20221221094956699648","ศูนย์ศิลปะวิถี","ภาคใต้","ตรัง","2","1","1","0","not_requested"
"270","att_0270_20221221093952700416","20221221093952700416","พิพิธภัณฑ์สัตว์น้ำราชมงคล","ภาคใต้","ตรัง","2","1","1","0","not_requested"
"271","att_0271_20221221092249698304","20221221092249698304","สวนของพ่อ","ภาคใต้","ตรัง","2","1","1","0","not_requested"
"272","att_0272_20221220164049698816","20221220164049698816","ผาเหนือเมฆ","ภาคใต้","ตรัง","2","1","1","0","not_requested"
"273","att_0273_20221220160435699712","20221220160435699712","วังผาเมฆ","ภาคใต้","ตรัง","2","1","1","0","not_requested"
"274","att_0274_20221220144757698560","20221220144757698560","สวนพฤกษศาสตร์ภาคใต้ (เขาช่อง)","ภาคใต้","ตรัง","2","1","1","0","not_requested"
"275","att_0275_20221220143739699200","20221220143739699200","สวนพฤกษศาสตร์ภาคใต้ (ทุ่งค่าย)","ภาคใต้","ตรัง","2","1","1","0","not_requested"
"276","att_0276_20221220122313699328","20221220122313699328","เมืองเก่ากันตัง","ภาคใต้","ตรัง","2","1","1","0","not_requested"
"277","att_0277_20221220113851699200","20221220113851699200","เมืองเก่าทับเที่ยง","ภาคใต้","ตรัง","2","1","1","0","not_requested"
"278","att_0278_20221220110943698944","20221220110943698944","เขื่อนท่างิ้ว","ภาคใต้","ตรัง","2","1","1","0","not_requested"
"279","att_0279_20221220102125699072","20221220102125699072","อันดามันเกตเวย์","ภาคใต้","ตรัง","2","1","1","0","not_requested"
"280","att_0280_20221220095840698368","20221220095840698368","วังเทพทาโร","ภาคใต้","ตรัง","2","1","1","0","not_requested"
"281","att_0281_20221220092348698624","20221220092348698624","ถ้ำเขาช้างหาย","ภาคใต้","ตรัง","2","1","1","0","not_requested"
"282","att_0282_20221220090801700864","20221220090801700864","ถ้ำเลเขากอบ","ภาคใต้","ตรัง","2","1","1","0","not_requested"
"283","att_0283_20221219154210701312","20221219154210701312","ชุมชนบ้านเขาหลัก","ภาคใต้","ตรัง","2","1","1","0","not_requested"
"284","att_0284_20221219145056698368","20221219145056698368","เกาะเหลาเหลียง","ภาคใต้","ตรัง","2","1","1","0","not_requested"
"285","att_0285_20221219143120699392","20221219143120699392","เกาะสุกร","ภาคใต้","ตรัง","2","1","1","0","not_requested"
"286","att_0286_20221219142115700736","20221219142115700736","ม่อนหมอกตะวัน","ภาคเหนือ","ตาก","2","1","1","0","not_requested"
"287","att_0287_20221219114034700288","20221219114034700288","เกาะมุก","ภาคใต้","ตรัง","2","1","1","0","not_requested"
"288","att_0288_20221219111535702016","20221219111535702016","หาดหยงหลิง-หาดสั้น","ภาคใต้","ตรัง","2","1","1","0","not_requested"
"289","att_0289_20221216110513700864","20221216110513700864","หาดปากเมง","ภาคใต้","ตรัง","2","1","1","0","not_requested"
"290","att_0290_20221216101758701568","20221216101758701568","ชานา การ์เด้น บ้านสวนอาหาร คาเฟ่","ภาคเหนือ","แพร่","2","1","1","0","not_requested"
"291","att_0291_20221215102139699200","20221215102139699200","บานาน่าบีช เกาะเฮ จ.ภูเก็ต","ภาคใต้","ภูเก็ต","2","1","1","0","not_requested"
"292","att_0292_20221213141254701056","20221213141254701056","กาดกองเก่า","ภาคเหนือ","แพร่","2","1","1","0","not_requested"
"293","att_0293_20221213134529699840","20221213134529699840","กาดเมกหวาก","ภาคเหนือ","แพร่","2","1","1","0","not_requested"
"294","att_0294_20221121101343698944","20221121101343698944","ผาช่อ","ภาคเหนือ","เชียงใหม่","2","1","1","0","not_requested"
"295","att_0295_20221106144103698432","20221106144103698432","คลองแม่ข่า","ภาคเหนือ","เชียงใหม่","2","1","1","0","not_requested"
"296","att_0296_20221021165025701888","20221021165025701888","สะพานไม้บานา","ภาคใต้","ปัตตานี","2","1","1","0","not_requested"
"297","att_0297_20221021092722700288","20221021092722700288","คานขึงห้วยเคียน","ภาคใต้","ชุมพร","2","1","1","0","not_requested"
"298","att_0298_20221011144327700480","20221011144327700480","ศาลหลักเมืองนครศรีธรรมราช","ภาคใต้","นครศรีธรรมราช","2","1","1","0","not_requested"
"299","att_0299_20221011100316700672","20221011100316700672","เขาช้างสี","ภาคใต้","นครศรีธรรมราช","2","1","1","0","not_requested"
"300","att_0300_20221005111551700992","20221005111551700992","คาร์นิวัลเมจิก","ภาคใต้","ภูเก็ต","2","1","1","0","not_requested"
"301","att_0301_20220825100346699776","20220825100346699776","ฟาร์มกวางมหาวิทยาลัยรามคำแหง","ภาคเหนือ","สุโขทัย","2","1","1","0","not_requested"
"302","att_0302_20220629113314701312","20220629113314701312","หาดเขาสะบ้า","ภาคใต้","พังงา","2","1","1","0","not_requested"
"303","att_0303_20220422160220700672","20220422160220700672","เอลเลเฟนท์ จังเกิ้ล แซงชัวรี สมุย","ภาคใต้","สุราษฎร์ธานี","2","1","1","0","not_requested"
"304","att_0304_20220422151640698880","20220422151640698880","เกาะแตใน","ภาคใต้","สุราษฎร์ธานี","2","1","1","0","not_requested"
"305","att_0305_20220421161540698112","20220421161540698112","จุดชมวิวเขาบอฆ๊ะ บ้านทางงอ","ภาคใต้","สตูล","2","1","1","0","not_requested"
"306","att_0306_20220419170125701120","20220419170125701120","ปราสาทหินพันยอด","ภาคใต้","สตูล","2","1","1","0","not_requested"
"307","att_0307_20220419153308700672","20220419153308700672","ถ้ำอุไรทอง","ภาคใต้","สตูล","2","1","1","0","not_requested"
"308","att_0308_20220412150319702016","20220412150319702016","กาดปันฮัก Change&share","ภาคเหนือ","แพร่","2","1","1","0","not_requested"
"309","att_0309_20220408144811700224","20220408144811700224","ไฮเดรนเยีย คาเฟ่ เขาค้อ","ภาคเหนือ","เพชรบูรณ์","2","1","1","0","not_requested"
"310","att_0310_20220408144310697984","20220408144310697984","ไดโนเสาร์เขาค้อ","ภาคเหนือ","เพชรบูรณ์","2","1","1","0","not_requested"
"311","att_0311_20220405141421699072","20220405141421699072","นั่งเรือชมโลมาสีชมพู","ภาคใต้","นครศรีธรรมราช","2","1","1","0","not_requested"
"312","att_0312_20220405140803698688","20220405140803698688","หาดสิชล","ภาคใต้","นครศรีธรรมราช","2","1","1","0","not_requested"
"313","att_0313_20220405140223700992","20220405140223700992","หาดหินงาม","ภาคใต้","นครศรีธรรมราช","2","1","1","0","not_requested"
"314","att_0314_20220405104348700672","20220405104348700672","ถนนเลียบทะเลขนอม - สิชล นครศรีธรรมราช","ภาคใต้","นครศรีธรรมราช","2","1","1","0","not_requested"
"315","att_0315_20220404154437701632","20220404154437701632","เกาะนุ้ยนอก","ภาคใต้","นครศรีธรรมราช","2","1","1","0","not_requested"
"316","att_0316_20220404152113700864","20220404152113700864","เขาหินพับผ้า","ภาคใต้","นครศรีธรรมราช","2","1","1","0","not_requested"
"317","att_0317_20220404151323701248","20220404151323701248","สะพานไม้อ่าวเตล็ด","ภาคใต้","นครศรีธรรมราช","2","1","1","0","not_requested"
"318","att_0318_20220404144619700224","20220404144619700224","หาดขนอม","ภาคใต้","นครศรีธรรมราช","2","1","1","0","not_requested"
"319","att_0319_20220114184520699904","20220114184520699904","เลอกวาเดาะ","ภาคเหนือ","ตาก","2","1","1","0","not_requested"
"320","att_0320_20220106003818700800","20220106003818700800","ขนำน้อย หอยใหญ่","ภาคใต้","สุราษฎร์ธานี","2","1","1","0","not_requested"
"321","att_0321_20220105200838701056","20220105200838701056","มัสยิดกลางสงขลา","ภาคใต้","สงขลา","2","1","1","0","not_requested"
"322","att_0322_20220105182633701376","20220105182633701376","ณ นครใน นวดไทย แอนด์ สปา","ภาคใต้","สงขลา","2","1","1","0","not_requested"
"323","att_0323_20220105172100698112","20220105172100698112","อ่างเก็บน้ำคลองหาดส้มแป้น","ภาคใต้","ระนอง","2","1","1","0","not_requested"
"324","att_0324_20220105171639701504","20220105171639701504","บ้านไร่ ไออรุณ","ภาคใต้","ระนอง","2","1","1","0","not_requested"
"325","att_0325_20220105115652698112","20220105115652698112","บ้านบาตูฆอ","ภาคใต้","ยะลา","2","1","1","0","not_requested"
"326","att_0326_20220104210426699776","20220104210426699776","แหลมกระทิง","ภาคใต้","ภูเก็ต","2","1","1","0","not_requested"
"327","att_0327_20220104201021698048","20220104201021698048","ล่องแก่งหนานมดแดง","ภาคใต้","พัทลุง","2","1","1","0","not_requested"
"328","att_0328_20220104174345699328","20220104174345699328","สวนป้านุช ลุงเปีย","ภาคใต้","พังงา","2","1","1","0","not_requested"
"329","att_0329_20220104173816700928","20220104173816700928","ท่าเรือบ้านหินร่ม","ภาคใต้","พังงา","2","1","1","0","not_requested"
"330","att_0330_20220104153539698688","20220104153539698688","จุดชมวิวทะเลหมอกเขาน้ำใส","ภาคใต้","นราธิวาส","2","1","1","0","not_requested"
"331","att_0331_20220104144508698624","20220104144508698624","ขนอม แกรนด์แคนยอน","ภาคใต้","นครศรีธรรมราช","2","1","1","0","not_requested"
"332","att_0332_20220104144102699008","20220104144102699008","สวนตาสรรค์ สปาปลาตอด","ภาคใต้","นครศรีธรรมราช","2","1","1","0","not_requested"
"333","att_0333_20220104143459700736","20220104143459700736","จุดชมวิวทะเลหมอกเขาจังโหลน","ภาคใต้","นครศรีธรรมราช","2","1","1","0","not_requested"
"334","att_0334_20220104113041698816","20220104113041698816","ประตูมหาสมุทร (ประตู 3 ภพ)","ภาคใต้","ชุมพร","2","1","1","0","not_requested"
"335","att_0335_20220103230047698944","20220103230047698944","บึงหนองทะเล","ภาคใต้","กระบี่","2","1","1","0","not_requested"
"336","att_0336_20211228101220700160","20211228101220700160","กลุ่มผ้ามัดย้อมสีธรรมชาติ","ภาคใต้","นครศรีธรรมราช","2","1","1","0","not_requested"
"337","att_0337_20211227192902701056","20211227192902701056","สวนคุณปู่ Life Museum","ภาคเหนือ","เชียงราย","2","1","1","0","not_requested"
"338","att_0338_20211227192343699456","20211227192343699456","หมู่บ้านผาฮี้","ภาคเหนือ","เชียงราย","2","1","1","0","not_requested"
"339","att_0339_20211227170024701952","20211227170024701952","จุดชมวิวดอยช้าง","ภาคเหนือ","เชียงราย","2","1","1","0","not_requested"
"340","att_0340_20211227164212699136","20211227164212699136","ทะเลหมอกหยุนไหล","ภาคเหนือ","แม่ฮ่องสอน","2","1","1","0","not_requested"
"341","att_0341_20211227141135699968","20211227141135699968","หมู่บ้านดอยสกาด","ภาคเหนือ","น่าน","2","1","1","0","not_requested"
"342","att_0342_20211227124903698432","20211227124903698432","เมจิก เมาน์เทน คาเฟ่","ภาคเหนือ","พะเยา","2","1","1","0","not_requested"
"343","att_0343_20211227010053701632","20211227010053701632","วัดธรรมยาน","ภาคเหนือ","เพชรบูรณ์","2","1","1","0","not_requested"
"344","att_0344_20211225223135698944","20211225223135698944","น้ำตกห้วยโรง","ภาคเหนือ","แพร่","2","1","1","0","not_requested"
"345","att_0345_20211224221129699328","20211224221129699328","หมู่บ้านเนินมะปราง","ภาคเหนือ","พิษณุโลก","2","1","1","0","not_requested"
"346","att_0346_20211224211441700864","20211224211441700864","อ่างเก็บน้ำแม่เมย","ภาคเหนือ","ลำพูน","2","1","1","0","not_requested"
"347","att_0347_20211224191740698624","20211224191740698624","ภูสวรรค์","ภาคเหนือ","กำแพงเพชร","2","1","1","0","not_requested"
"348","att_0348_20211224150058700800","20211224150058700800","อโรคยาศาลโป่งคำราม","ภาคเหนือ","ตาก","2","1","1","0","not_requested"
"349","att_0349_20211224143048699904","20211224143048699904","น้ำตกปิตุ๊โกร","ภาคเหนือ","ตาก","2","1","1","0","not_requested"
"350","att_0350_20211224121932701696","20211224121932701696","บ้านเก่าเสาปั้นจั่น","ภาคเหนือ","พิจิตร","2","1","1","0","not_requested"
"351","att_0351_20211224121112698880","20211224121112698880","สวนรุกขชาติกาญจนกุมาร","ภาคเหนือ","พิจิตร","2","1","1","0","not_requested"
"352","att_0352_20211224115928698880","20211224115928698880","สถานแสดงพันธุ์ปลาเฉลิมพระเกียรติ","ภาคเหนือ","พิจิตร","2","1","1","0","not_requested"
"353","att_0353_20211224115146698752","20211224115146698752","วนอุทยานนครไชยบวร","ภาคเหนือ","พิจิตร","2","1","1","0","not_requested"
"354","att_0354_20211224113857699840","20211224113857699840","ถ้ำชาละวัน","ภาคเหนือ","พิจิตร","2","1","1","0","not_requested"
"355","att_0355_20211224112632700928","20211224112632700928","วัดท่าซุง","ภาคเหนือ","อุทัยธานี","2","1","1","0","not_requested"
"356","att_0356_20211215144122699776","20211215144122699776","บ้านผาฮี้","ภาคเหนือ","เชียงราย","2","1","1","0","not_requested"
"357","att_0357_20211201142408699904","20211201142408699904","หาดรูสะมิแล","ภาคใต้","ปัตตานี","2","1","1","0","not_requested"
"358","att_0358_20211124115110699008","20211124115110699008","ปงยั้งม้า","ภาคเหนือ","เชียงใหม่","2","1","1","0","not_requested"
"359","att_0359_20211124114557698048","20211124114557698048","สวนสนแม่แตง","ภาคเหนือ","เชียงใหม่","2","1","1","0","not_requested"
"360","att_0360_20211124112929701888","20211124112929701888","น้ำตกผาดอกเสี้ยว","ภาคเหนือ","เชียงใหม่","2","1","1","0","not_requested"
"361","att_0361_20211124105228701696","20211124105228701696","ชุมชนบ้านวัดเกต","ภาคเหนือ","เชียงใหม่","2","1","1","0","not_requested"
"362","att_0362_20211124103957700608","20211124103957700608","จุดชมวิวดอยกิ่วลม อุทยานแห่งชาติห้วยน้ำดัง","ภาคเหนือ","เชียงใหม่","2","1","1","0","not_requested"
"363","att_0363_20211124102110699520","20211124102110699520","ทุ่งข้าวสาลี ทุ่งข้าวบาเล่ย์","ภาคเหนือ","เชียงใหม่","2","1","1","0","not_requested"
"364","att_0364_20211124095418699776","20211124095418699776","สถานีวิจัยเกษตรที่ราบสูงป่าเกี๊ยะดอยเชียงดาว","ภาคเหนือ","เชียงใหม่","2","1","1","0","not_requested"
"365","att_0365_20211124093134700544","20211124093134700544","สวนป่าแม่แจ่ม","ภาคเหนือ","เชียงใหม่","2","1","1","0","not_requested"
"366","att_0366_20211123150910701568","20211123150910701568","สวนพฤกษศาสตร์สมเด็จพระนางเจ้าสิริกิติ์","ภาคเหนือ","เชียงใหม่","2","1","1","0","not_requested"
"367","att_0367_20211123150142701568","20211123150142701568","หมู่บ้านป่าบงเปียง","ภาคเหนือ","เชียงใหม่","2","1","1","0","not_requested"
"368","att_0368_20211123112032698368","20211123112032698368","อ่างเก็บน้ำห้วยตึงเฒ่า","ภาคเหนือ","เชียงใหม่","2","1","1","0","not_requested"
"369","att_0369_20211123111539699712","20211123111539699712","เส้นทางศึกษาธรรมชาติกิ่วแม่ปาน","ภาคเหนือ","เชียงใหม่","2","1","1","0","not_requested"
"370","att_0370_20211123110935699456","20211123110935699456","โครงการบ้านเล็กในป่าใหญ่ดอยคำ","ภาคเหนือ","เชียงใหม่","2","1","1","0","not_requested"
"371","att_0371_20211123110107701248","20211123110107701248","ไร่สตรอเบอรีวงค์วาน","ภาคเหนือ","เชียงใหม่","2","1","1","0","not_requested"
"372","att_0372_20211123105037701120","20211123105037701120","อุทยานแห่งชาติดอยสุเทพ-ปุย","ภาคเหนือ","เชียงใหม่","2","1","1","0","not_requested"
"373","att_0373_20211122102459699200","20211122102459699200","อุทยานแห่งชาติห้วยน้ำดัง","ภาคเหนือ","เชียงใหม่","2","1","1","0","not_requested"
"374","att_0374_20211122101847699456","20211122101847699456","ศูนย์พัฒนาโครงการหลวงขุนแปะ","ภาคเหนือ","เชียงใหม่","2","1","1","0","not_requested"
"375","att_0375_20211122101059698688","20211122101059698688","สวนดอกไม้ไอเลิฟฟลาวเวอร์ฟาร์ม","ภาคเหนือ","เชียงใหม่","2","1","1","0","not_requested"
"376","att_0376_20211122100525699072","20211122100525699072","ศูนย์วิจัยเกษตรบนพื้นที่สูงขุนช่างเคี่ยน","ภาคเหนือ","เชียงใหม่","2","1","1","0","not_requested"
"377","att_0377_20211122100024700928","20211122100024700928","วัดบ้านเด่น","ภาคเหนือ","เชียงใหม่","2","1","1","0","not_requested"
"378","att_0378_20211119162208698368","20211119162208698368","จุดชมวิวสะพานเหล็กโคกขนุน หรือ สะพานเหล็กบุญสูง","ภาคใต้","พังงา","2","1","1","0","not_requested"
"379","att_0379_20211119155655700480","20211119155655700480","น้ำพุร้อนโป่งกวาว","ภาคเหนือ","เชียงใหม่","2","1","1","0","not_requested"
"380","att_0380_20211119154617700352","20211119154617700352","น้ำตกแม่ยะ","ภาคเหนือ","เชียงใหม่","2","1","1","0","not_requested"
"381","att_0381_20211119152912699392","20211119152912699392","โป่งแยง จังเกิล โคสเตอร์ แอนด์ แอดเวนเจอร์ พาร์ค","ภาคเหนือ","เชียงใหม่","2","1","1","0","not_requested"
"382","att_0382_20211119145255698432","20211119145255698432","กู๊เนียร์ ฟอเรส","ภาคเหนือ","เชียงใหม่","2","1","1","0","not_requested"
"383","att_0383_20211118120223698944","20211118120223698944","อ่าวไม้งาม","ภาคใต้","พังงา","2","1","1","0","not_requested"
"384","att_0384_20211118105712701440","20211118105712701440","ธารมรกต","ภาคใต้","พังงา","2","1","1","0","not_requested"
"385","att_0385_20211118103850700800","20211118103850700800","จุดชมวิวอ่าวโต๊ะหลี","ภาคใต้","พังงา","2","1","1","0","not_requested"
"386","att_0386_20211118102333698048","20211118102333698048","เขาหน้ายักษ์","ภาคใต้","พังงา","2","1","1","0","not_requested"
"387","att_0387_20211118100320698368","20211118100320698368","สปาโคลนร้อนคลองมะรุ่ย","ภาคใต้","พังงา","2","1","1","0","not_requested"
"388","att_0388_20211117153744699392","20211117153744699392","หมู่บ้านบางพัฒน์","ภาคใต้","พังงา","2","1","1","0","not_requested"
"389","att_0389_20211117150458699776","20211117150458699776","ภูตาถัน","ภาคใต้","พังงา","2","1","1","0","not_requested"
"390","att_0390_20211117100934701056","20211117100934701056","สำนักสงฆ์ถ้ำผาผึ้ง พังงา","ภาคใต้","พังงา","2","1","1","0","not_requested"
"391","att_0391_20211116144616701952","20211116144616701952","หลาดลองแล","ภาคใต้","พังงา","2","1","1","0","not_requested"
"392","att_0392_20211116143117701120","20211116143117701120","สระนางมโนราห์","ภาคใต้","พังงา","2","1","1","0","not_requested"
"393","att_0393_20211115152158699520","20211115152158699520","กลอเซโล","ภาคเหนือ","แม่ฮ่องสอน","2","1","1","0","not_requested"
"394","att_0394_20211115151034699776","20211115151034699776","ดอยธง","ภาคเหนือ","แม่ฮ่องสอน","2","1","1","0","not_requested"
"395","att_0395_20211115150407700480","20211115150407700480","ดอยเมี่ยง","ภาคเหนือ","แม่ฮ่องสอน","2","1","1","0","not_requested"
"396","att_0396_20211115145426698240","20211115145426698240","สะพานบุญโขกู้โส่","ภาคเหนือ","แม่ฮ่องสอน","2","1","1","0","not_requested"
"397","att_0397_20211115143644700672","20211115143644700672","จุดชมวิวกิกอคอบ้านห้วยเฮี๊ยะ","ภาคเหนือ","แม่ฮ่องสอน","2","1","1","0","not_requested"
"398","att_0398_20211115103817699328","20211115103817699328","ทะเลแหวก","ภาคใต้","พังงา","2","1","1","0","not_requested"
"399","att_0399_20211115102533701632","20211115102533701632","วัดท่าไทร ท้ายเหมือง","ภาคใต้","พังงา","2","1","1","0","not_requested"
"400","att_0400_20211115101131698176","20211115101131698176","ประภาคาร เขาหลัก","ภาคใต้","พังงา","2","1","1","0","not_requested"
"401","att_0401_20211115095807700992","20211115095807700992","คลองสังเน่ห์ ตะกั่วป่า","ภาคใต้","พังงา","2","1","1","0","not_requested"
"402","att_0402_20211112115521699840","20211112115521699840","สนามกอล์ฟ เขื่อนรัชชประภา (กฟผ.)","ภาคใต้","สุราษฎร์ธานี","2","1","1","0","not_requested"
"403","att_0403_20211028152154701824","20211028152154701824","ควนหรนฮิลล์ นาทวี","ภาคใต้","สงขลา","2","1","1","0","not_requested"
"404","att_0404_20211027115317698560","20211027115317698560","ลำพูนไหมไทย","ภาคเหนือ","ลำพูน","2","1","1","0","not_requested"
"405","att_0405_20211027110448701440","20211027110448701440","อ่างเก็บน้ำแม่ขาม","ภาคเหนือ","ลำปาง","2","1","1","0","not_requested"
"406","att_0406_20211027104715698176","20211027104715698176","วัดพระธาตุดอยพระฌาน","ภาคเหนือ","ลำปาง","2","1","1","0","not_requested"
"407","att_0407_20211026163543699456","20211026163543699456","จุดชมวิวสันวัวตอ","ภาคเหนือ","แม่ฮ่องสอน","2","1","1","0","not_requested"
"408","att_0408_20210816111625699328","20210816111625699328","น้ำตกเกาฟุ","ภาคเหนือ","ลำปาง","2","1","1","0","not_requested"
"409","att_0409_20210721162654699520","20210721162654699520","อัญชลี แกลลอรี่","ภาคเหนือ","ลำปาง","2","1","1","0","not_requested"
"410","att_0410_20210719114846699520","20210719114846699520","พี.ที.ฟาร์ม","ภาคเหนือ","ลำพูน","2","1","1","0","not_requested"
"411","att_0411_20210716154413699072","20210716154413699072","ศูนย์ศึกษาและพัฒนาชุมชนลำปาง","ภาคเหนือ","ลำปาง","2","1","1","0","not_requested"
"412","att_0412_20210716151527698432","20210716151527698432","ศูนย์การเรียนรู้ กอไผ่เซรามิค","ภาคเหนือ","ลำปาง","2","1","1","0","not_requested"
"413","att_0413_20210714153121701888","20210714153121701888","วัดท้ายน้ำ","ภาคเหนือ","พิจิตร","2","1","1","0","not_requested"
"414","att_0414_20210712140947701760","20210712140947701760","ดอยจิกจ้อง","ภาคเหนือ","แม่ฮ่องสอน","2","1","1","0","not_requested"
"415","att_0415_20210708153138700288","20210708153138700288","วัดคุณพุ่ม","ภาคเหนือ","พิจิตร","2","1","1","0","not_requested"
"416","att_0416_20210513143756701696","20210513143756701696","สะพานดำ","ภาคเหนือ","ลำปาง","2","1","1","0","not_requested"
"417","att_0417_20210430155152699392","20210430155152699392","วัดนาคตหลวง","ภาคเหนือ","ลำปาง","2","1","1","0","not_requested"
"418","att_0418_20210429153403699200","20210429153403699200","ข่วงคนเตียวหละปูน (ถนนคนเดินลำพูน)","ภาคเหนือ","ลำพูน","2","1","1","0","not_requested"
"419","att_0419_20210429143001698304","20210429143001698304","สวนเฉลิมพระเกียรติ 84 พรรษา (จุดชมวิวทุ่งดอกบัวตอง)","ภาคเหนือ","ลำปาง","2","1","1","0","not_requested"
"420","att_0420_20210429141830701056","20210429141830701056","สวนพฤกษชาติ (ลานสไลเดอร์) เหมืองแม่เมาะ","ภาคเหนือ","ลำปาง","2","1","1","0","not_requested"
"421","att_0421_20210429134325698560","20210429134325698560","พิพิธภัณฑ์ศูนย์ถ่านหินลิกไนต์ศึกษาฯ (เหมืองแม่เมาะ)","ภาคเหนือ","ลำปาง","2","1","1","0","not_requested"
"422","att_0422_20210428095211700224","20210428095211700224","ท่องเที่ยวชุมชนบ้านสามช่องเหนือ","ภาคใต้","พังงา","2","1","1","0","not_requested"
"423","att_0423_20210427164446699520","20210427164446699520","อุทยานแห่งชาติเขลางค์บรรพต","ภาคเหนือ","ลำปาง","2","1","1","0","not_requested"
"424","att_0424_20210427152235700224","20210427152235700224","พิพิธภัณฑ์ซากดึกดำบรรพ์ธรณีวิทยาและธรรมชาติวิทยา จังหวัดลำปาง","ภาคเหนือ","ลำปาง","2","1","1","0","not_requested"
"425","att_0425_20210427103740698624","20210427103740698624","พิพิธภัณฑสถานแห่งชาติหริภุญไชย","ภาคเหนือ","ลำพูน","2","1","1","0","not_requested"
"426","att_0426_20210423162914701312","20210423162914701312","หอศิลป์ สล่าเลาเลือง","ภาคเหนือ","ลำพูน","2","1","1","0","not_requested"
"427","att_0427_20210423125059698688","20210423125059698688","ลิวง","ภาคใต้","สงขลา","2","1","1","0","not_requested"
"428","att_0428_20210423123055702016","20210423123055702016","บ้านสวนบัว","ภาคใต้","สงขลา","2","1","1","0","not_requested"
"429","att_0429_20210225115419598848","20210225115419598848","ถ้ำธารน้ำลอด ประตูสวรรค์ชุมพร","ภาคใต้","ชุมพร","2","1","1","0","not_requested"
"430","att_0430_20210222134616600576","20210222134616600576","ไร่ห่มฟ้า","ภาคเหนือ","ลำปาง","2","1","1","0","not_requested"
"431","att_0431_20210222132920598528","20210222132920598528","พิพิธภัณฑ์การเรียนรู้เมืองลำปาง (มิวเซียมลำปาง)","ภาคเหนือ","ลำปาง","2","1","1","0","not_requested"
"432","att_0432_20210218101823598592","20210218101823598592","มินิบอส ซัพบอร์ด","ภาคเหนือ","พิษณุโลก","2","1","1","0","not_requested"
"433","att_0433_20210217133619601408","20210217133619601408","บ้านไร่มาลียงค์","ภาคเหนือ","สุโขทัย","2","1","1","0","not_requested"
"434","att_0434_20210216163714600960","20210216163714600960","บ้านสิงห์ธรรม","ภาคเหนือ","พะเยา","2","1","1","0","not_requested"
"435","att_0435_20210216150500601856","20210216150500601856","ถ้ำสีฟ้า","ภาคเหนือ","ตาก","2","1","1","0","not_requested"
"436","att_0436_20210129155042598912","20210129155042598912","บ้านไร่เลควิว","ภาคเหนือ","แพร่","2","1","1","0","not_requested"
"437","att_0437_20210108115151601664","20210108115151601664","กาดเมกฮิมคือ","ภาคเหนือ","แพร่","2","1","1","0","not_requested"
"438","att_0438_20201127115815600128","20201127115815600128","สะพานขัวแตะ วัดป่าพระเจ้าอุทุมพร","ภาคเหนือ","ลำปาง","2","1","1","0","not_requested"
"439","att_0439_20201127113303601152","20201127113303601152","River Street Art Lampang","ภาคเหนือ","ลำปาง","2","1","1","0","not_requested"
"440","att_0440_20201005155748401152","20201005155748401152","สวนศิลปกรรมธารตาดหมอก","ภาคเหนือ","แพร่","2","1","1","0","not_requested"
"441","att_0441_20201001104639401984","20201001104639401984","ถนนสตรีทอาร์ต อำเภอสวรรคโลก","ภาคเหนือ","สุโขทัย","2","1","1","0","not_requested"
"442","att_0442_20200930112022401024","20200930112022401024","ทรี บริดจ์ ซิปไลน์ สมุย","ภาคใต้","สุราษฎร์ธานี","2","1","1","0","not_requested"
"443","att_0443_20200929161137401856","20200929161137401856","สมุยซิปไลน์","ภาคใต้","สุราษฎร์ธานี","2","1","1","0","not_requested"
"444","att_0444_20200923153625399296","20200923153625399296","ถนนคนเดินท่าแพ","ภาคเหนือ","เชียงใหม่","2","1","1","0","not_requested"
"445","att_0445_20200923152138399744","20200923152138399744","ฉำฉามาร์เก็ต","ภาคเหนือ","เชียงใหม่","2","1","1","0","not_requested"
"446","att_0446_20200923124552400896","20200923124552400896","บ้านช้างสมุย","ภาคใต้","สุราษฎร์ธานี","2","1","1","0","not_requested"
"447","att_0447_20200914155454398464","20200914155454398464","เด่นช้างนอน","ภาคเหนือ","น่าน","2","1","1","0","not_requested"
"448","att_0448_20200909000202399744","20200909000202399744","วิสาหกิจชุมชนทะเลหมอกอันดามัน","ภาคใต้","พังงา","2","1","1","0","not_requested"
"449","att_0449_20200908191840399360","20200908191840399360","ชุมชนพระบาทห้วยต้ม","ภาคเหนือ","ลำพูน","2","1","1","0","not_requested"
"450","att_0450_20200908190951399424","20200908190951399424","ชุมชนม่วงกลวง","ภาคใต้","ระนอง","2","1","1","0","not_requested"
"451","att_0451_20200908184304398336","20200908184304398336","ชุมชนเกาะยอ","ภาคใต้","สงขลา","2","1","1","0","not_requested"
"452","att_0452_20200908181157400576","20200908181157400576","ชุมชนศิลาเพชร","ภาคเหนือ","น่าน","2","1","1","0","not_requested"
"453","att_0453_20200908175424401408","20200908175424401408","ชุมชนบ้านทรายขาว","ภาคใต้","ปัตตานี","2","1","1","0","not_requested"
"454","att_0454_20200908170738401280","20200908170738401280","ย่านเก่าวังกรด ชมรมส่งเสริมการท่องเที่ยวโดยชุมชนบ้านวังกรด","ภาคเหนือ","พิจิตร","2","1","1","0","not_requested"
"455","att_0455_20200908122106400768","20200908122106400768","ชุมชนบางใบไม้","ภาคใต้","สุราษฎร์ธานี","2","1","1","0","not_requested"
"456","att_0456_20200908112819400704","20200908112819400704","ชุมชนท่องเที่ยวทุ่งหว้า","ภาคใต้","สตูล","2","1","1","0","not_requested"
"457","att_0457_20200908084314398720","20200908084314398720","ภูผาหม่น","ภาคเหนือ","เชียงราย","2","1","1","0","not_requested"
"458","att_0458_20200908081530400768","20200908081530400768","บ้านปางสา","ภาคเหนือ","เชียงราย","2","1","1","0","not_requested"
"459","att_0459_20200907174807400448","20200907174807400448","บ้านดอนทราย","ภาคเหนือ","แพร่","2","1","1","0","not_requested"
"460","att_0460_20200907002941399040","20200907002941399040","ชุมชนบ้านแหลม นครศรีธรรมราช","ภาคใต้","นครศรีธรรมราช","2","1","1","0","not_requested"
"461","att_0461_20200907001546399744","20200907001546399744","ชุมชนท่องเที่ยวมะพร้าวเชิงสร้างสรรค์เกาะสมุย","ภาคใต้","สุราษฎร์ธานี","2","1","1","0","not_requested"
"462","att_0462_20200814194355400704","20200814194355400704","อุทยานแห่งชาติแก่งกรุง","ภาคใต้","สุราษฎร์ธานี","2","1","1","0","not_requested"
"463","att_0463_20200728145120399360","20200728145120399360","สวนโกโก้","ภาคเหนือ","น่าน","2","1","1","0","not_requested"
"464","att_0464_20200728144223399936","20200728144223399936","พิพิธภัณฑ์เครื่องเงินชนเผ่าอิ้วเมี่ยน","ภาคเหนือ","น่าน","2","1","1","0","not_requested"
"465","att_0465_20200728140512399360","20200728140512399360","น้ำตกสะปัน","ภาคเหนือ","น่าน","2","1","1","0","not_requested"
"466","att_0466_20200728135953399808","20200728135953399808","ดอยสวนยาหลวง","ภาคเหนือ","น่าน","2","1","1","0","not_requested"
"467","att_0467_20200728134843400192","20200728134843400192","วัดศรีมงคล (ก๋ง)","ภาคเหนือ","น่าน","2","1","1","0","not_requested"
"468","att_0468_20200728133921398784","20200728133921398784","พิพิธภัณฑ์ผ้าโบราณฝ้ายเงิน","ภาคเหนือ","น่าน","2","1","1","0","not_requested"
"469","att_0469_20200725192658399232","20200725192658399232","วิสาหกิจชุมชนทอผ้าบ้านสะพานพลา","ภาคใต้","สงขลา","2","1","1","0","not_requested"
"470","att_0470_20200722121447399424","20200722121447399424","ฮาร์ทเชฟ เมาน์เทน ซีวิว","ภาคใต้","สุราษฎร์ธานี","2","1","1","0","not_requested"
"471","att_0471_20200717121119399936","20200717121119399936","ตลาดร่องเบี้ยงหรือฮ่องเบี้ย","ภาคเหนือ","เชียงราย","2","1","1","0","not_requested"
"472","att_0472_20200717115111399424","20200717115111399424","เฮือนไทลื้อ 100 ปี","ภาคเหนือ","เชียงราย","2","1","1","0","not_requested"
"473","att_0473_20200715145059401728","20200715145059401728","สวนศิลป์หลากสี","ภาคเหนือ","เชียงราย","2","1","1","0","not_requested"
"474","att_0474_20200715143406399488","20200715143406399488","บ่อสิบสอง","ภาคเหนือ","พะเยา","2","1","1","0","not_requested"
"475","att_0475_20200715142732398592","20200715142732398592","วนอุทยานไดโนเสาร์แก่งหลวง","ภาคเหนือ","พะเยา","2","1","1","0","not_requested"
"476","att_0476_20200715140732399616","20200715140732399616","วัดศรีเมืองมาง","ภาคเหนือ","พะเยา","2","1","1","0","not_requested"
"477","att_0477_20200715112801398784","20200715112801398784","ภูอานม้า","ภาคเหนือ","พะเยา","2","1","1","0","not_requested"
"478","att_0478_20200715104654401536","20200715104654401536","วังมัจฉา","ภาคเหนือ","เชียงราย","2","1","1","0","not_requested"
"479","att_0479_20200616160154398720","20200616160154398720","บ้าน ณ ภาสิริ รีสอร์ท (สวนน้ำ)","ภาคเหนือ","อุตรดิตถ์","2","1","1","0","not_requested"
"480","att_0480_20200616093425401856","20200616093425401856","ม่อนแม่ถาง","ภาคเหนือ","แพร่","2","1","1","0","not_requested"
"481","att_0481_20200615163242401792","20200615163242401792","จุดชมวิวเสม็ดนางชี","ภาคใต้","พังงา","2","1","1","0","not_requested"
"482","att_0482_20200615131011399680","20200615131011399680","หอคำวัดต้าม่อน","ภาคเหนือ","แพร่","2","1","1","0","not_requested"
"483","att_0483_20200606152516399104","20200606152516399104","กลุ่มผลิตภัณฑ์ผ้าทอดอกพิกุล","ภาคใต้","สงขลา","2","1","1","0","not_requested"
"484","att_0484_20200504204511399936","20200504204511399936","บ้านเดือนฉาย","ภาคใต้","สงขลา","2","1","1","0","not_requested"
"485","att_0485_20200205163033399296","20200205163033399296","ถ้ำซำ","ภาคใต้","พังงา","2","1","1","0","not_requested"
"486","att_0486_20200205161759399936","20200205161759399936","หลาดน้ำคลองงา","ภาคใต้","พังงา","2","1","1","0","not_requested"
"487","att_0487_20200205101223399424","20200205101223399424","อควาเรีย ภูเก็ต","ภาคใต้","ภูเก็ต","2","1","1","0","not_requested"
"488","att_0488_20200204155627401216","20200204155627401216","บุนนาคฟาร์ม","ภาคใต้","สุราษฎร์ธานี","2","1","1","0","not_requested"
"489","att_0489_20200130151836401664","20200130151836401664","ลำปางสตรีทอาร์ต","ภาคเหนือ","ลำปาง","2","1","1","0","not_requested"
"490","att_0490_20200130112405401600","20200130112405401600","พิพิธภัณฑ์เล่นได้","ภาคเหนือ","เชียงราย","2","1","1","0","not_requested"
"491","att_0491_20200129170414399488","20200129170414399488","หอดูดาวเฉลิมพระเกียรติ 7 รอบ พระชนมพรรษา สงขลา","ภาคใต้","สงขลา","2","1","1","0","not_requested"
"492","att_0492_20200128112411398144","20200128112411398144","หอศิลปวัฒนธรรมจังหวัดอุตรดิตถ์","ภาคเหนือ","อุตรดิตถ์","2","1","1","0","not_requested"
"493","att_0493_20200127094428401664","20200127094428401664","วัดทุ่งเซียด","ภาคใต้","สุราษฎร์ธานี","2","1","1","0","not_requested"
"494","att_0494_20200124105129398272","20200124105129398272","วัดดอนสัก","ภาคใต้","สุราษฎร์ธานี","2","1","1","0","not_requested"
"495","att_0495_20200121113002401792","20200121113002401792","ควนน้อยแกรนด์แคนยอน","ภาคใต้","พัทลุง","2","1","1","0","not_requested"
"496","att_0496_20200116145856401408","20200116145856401408","ท่องเที่ยวโดยชุมชนตำบลเกาะหมาก","ภาคใต้","พัทลุง","2","1","1","0","not_requested"
"497","att_0497_20200116143209398272","20200116143209398272","วัดเขาอ้อ","ภาคใต้","พัทลุง","2","1","1","0","not_requested"
"498","att_0498_20200116141833400320","20200116141833400320","นาโปแก","ภาคใต้","พัทลุง","2","1","1","0","not_requested"
"499","att_0499_20200116140402401280","20200116140402401280","ตลาดสวนไผ่ขวัญใจ","ภาคใต้","พัทลุง","2","1","1","0","not_requested"
"500","att_0500_20200116133935398912","20200116133935398912","วิสาหกิจชุมชนหัตถกรรมกระจูดวรรณี","ภาคใต้","พัทลุง","2","1","1","0","not_requested"
"501","att_0501_20200116125455400960","20200116125455400960","ควนนกเต้น","ภาคใต้","พัทลุง","2","1","1","0","not_requested"
"502","att_0502_20200116114222399488","20200116114222399488","ภูรุ่งแจ้ง","ภาคใต้","พัทลุง","2","1","1","0","not_requested"
"503","att_0503_20200116112036401152","20200116112036401152","สำเภาไทย","ภาคใต้","พัทลุง","2","1","1","0","not_requested"
"504","att_0504_20200116110321401856","20200116110321401856","ขนำคอฟฟี่","ภาคใต้","พัทลุง","2","1","1","0","not_requested"
"505","att_0505_20200116104204398592","20200116104204398592","บิ้งนาคาเฟ่","ภาคใต้","พัทลุง","2","1","1","0","not_requested"
"506","att_0506_20200116101850398720","20200116101850398720","วัดวัง","ภาคใต้","พัทลุง","2","1","1","0","not_requested"
"507","att_0507_20200115161705398272","20200115161705398272","วังเจ้าเมือง (วังเก่า)","ภาคใต้","พัทลุง","2","1","1","0","not_requested"
"508","att_0508_20191219104820400128","20191219104820400128","สัปปายยะ สปา แอนด์ คลินิก","ภาคเหนือ","แม่ฮ่องสอน","2","1","1","0","not_requested"
"509","att_0509_20191218134708400128","20191218134708400128","สวนสตรอว์เบอร์รี่นายจ้อ","ภาคใต้","สงขลา","2","1","1","0","not_requested"
"510","att_0510_20191201101537398784","20191201101537398784","ดอยฟ้างาม","ภาคเหนือ","ลำปาง","2","1","1","0","not_requested"
"511","att_0511_20191030094109401088","20191030094109401088","ไอ เลิฟ ฟลาวเวอร์ ฟาร์ม","ภาคเหนือ","เชียงใหม่","2","1","1","0","not_requested"
"512","att_0512_20191029135314399232","20191029135314399232","ค่ายฝึกพัฒนาเยาวชนและลูกเสือ ค่ายรัตนพล กองพลพัฒนาที่ 4","ภาคใต้","สงขลา","2","1","1","0","not_requested"
"513","att_0513_20191029134302400512","20191029134302400512","บ้านช่างแก้ว@คลองหลา","ภาคใต้","สงขลา","2","1","1","0","not_requested"
"514","att_0514_20191027155641401344","20191027155641401344","พิพิธภัณฑ์บ้านเทพ","ภาคเหนือ","แพร่","2","1","1","0","not_requested"
"515","att_0515_20191025110524399616","20191025110524399616","โบราณสถานบ่อเก๋ง","ภาคใต้","สงขลา","2","1","1","0","not_requested"
"516","att_0516_20191024152415399936","20191024152415399936","สิทธารา สปา","ภาคใต้","สงขลา","2","1","1","0","not_requested"
"517","att_0517_20191010091050401792","20191010091050401792","น้ำพุร้อนไทรงาม","ภาคเหนือ","แม่ฮ่องสอน","2","1","1","0","not_requested"
"518","att_0518_20191008145419399168","20191008145419399168","บางกล่ำดินเผา","ภาคใต้","สงขลา","2","1","1","0","not_requested"
"519","att_0519_20190925114918400000","20190925114918400000","กลุ่มท่องเที่ยวเชิงอนุรักษณ์อ่าวเตล็ด","ภาคใต้","นครศรีธรรมราช","2","1","1","0","not_requested"
"520","att_0520_20190908111633399808","20190908111633399808","ชุมชนอนุรักษ์ป่าชายเลนบ้านแหลมโฮมสเตย์ (หน้าทับ)","ภาคใต้","นครศรีธรรมราช","2","1","1","0","not_requested"
"521","att_0521_20190814153942401024","20190814153942401024","ป่ากระเจียว(ยักษ์)บ้านเขาโล้น","ภาคเหนือ","พิจิตร","2","1","1","0","not_requested"
"522","att_0522_20190814151626399744","20190814151626399744","ตลาดท่าเรือคลองคาง","ภาคเหนือ","นครสวรรค์","2","1","1","0","not_requested"
"523","att_0523_20190814111133401088","20190814111133401088","ตลาดเจ้าค่ะ","ภาคเหนือ","นครสวรรค์","2","1","1","0","not_requested"
"524","att_0524_20190813133138399232","20190813133138399232","น้ำพุร้อนปลายพู่","ภาคใต้","พังงา","2","1","1","0","not_requested"
"525","att_0525_20190808094433398784","20190808094433398784","หลาดเล","ภาคใต้","ชุมพร","2","1","1","0","not_requested"
"526","att_0526_20190729143412400128","20190729143412400128","ชุมชนท่องเที่ยวนบ้านท่าข้ามควาย","ภาคใต้","สตูล","2","1","1","0","not_requested"
"527","att_0527_20190712105108398080","20190712105108398080","คอนโดไม้ไผ่","ภาคเหนือ","เชียงราย","2","1","1","0","not_requested"
"528","att_0528_20190711154011398144","20190711154011398144","ดอยห้วยทู่","ภาคเหนือ","ตาก","2","1","1","0","not_requested"
"529","att_0529_20190528110013399040","20190528110013399040","ปางช้างเผือกหาดใหญ่","ภาคใต้","สงขลา","2","1","1","0","not_requested"
"530","att_0530_20190527100900401152","20190527100900401152","เชียงราย แอดเวนเจอร์ พอยท์","ภาคเหนือ","เชียงราย","2","1","1","0","not_requested"
"531","att_0531_20190417101855399936","20190417101855399936","สันหลังมังกรแดง เกาะจาบังบีช","ภาคใต้","สตูล","2","1","1","0","not_requested"
"532","att_0532_20181229151045398528","20181229151045398528","จุดชมวิวเขา ตอ เต่า","ภาคใต้","สุราษฎร์ธานี","2","1","1","0","not_requested"
"533","att_0533_20181109152943398912","20181109152943398912","เมญ่า ไลฟ์สไตล์ ช้อปปิ้ง เซ็นเตอร์","ภาคเหนือ","เชียงใหม่","2","1","1","0","not_requested"
"534","att_0534_20181109142937399296","20181109142937399296","วัน นิมมาน","ภาคเหนือ","เชียงใหม่","2","1","1","0","not_requested"
"535","att_0535_20181031132948398080","20181031132948398080","ชุมชนบ้านพรรั้ง","ภาคใต้","ระนอง","2","1","1","0","not_requested"
"536","att_0536_20181008142438301696","20181008142438301696","พิพิธภัณฑ์บ้านดงโฮจิมินห์","ภาคเหนือ","พิจิตร","2","1","1","0","not_requested"
"537","att_0537_20181006124358299648","20181006124358299648","ตลาดน้ำถลางมณีคราม","ภาคใต้","ภูเก็ต","2","1","1","0","not_requested"
"538","att_0538_20180723101607301120","20180723101607301120","ป่าต้นน้ำบ้านน้ำราด","ภาคใต้","สุราษฎร์ธานี","2","1","1","0","not_requested"
"539","att_0539_20180704095556300800","20180704095556300800","ทาปันรักษ์","ภาคเหนือ","ลำพูน","2","1","1","0","not_requested"
"540","att_0540_20180702103159300096","20180702103159300096","น้ำตกขานาง","ภาคใต้","ชุมพร","2","1","1","0","not_requested"
"541","att_0541_20180629120245301248","20180629120245301248","Elephant Care Samui","ภาคใต้","สุราษฎร์ธานี","2","1","1","0","not_requested"
"542","att_0542_20180625175217299456","20180625175217299456","ภูมิใจ๋ คอฟฟี่ ฟาร์ม","ภาคเหนือ","น่าน","2","1","1","0","not_requested"
"543","att_0543_20180625171003301888","20180625171003301888","บ้านตุ๊กตาสวัสดีก้า","ภาคเหนือ","น่าน","2","1","1","0","not_requested"
"544","att_0544_20180621092806299648","20180621092806299648","เชียงใหม่ ไนท์ซาฟารี","ภาคเหนือ","เชียงใหม่","2","1","1","0","not_requested"
"545","att_0545_20180618145834299392","20180618145834299392","โชว์โลมาภูเก็ต","ภาคใต้","ภูเก็ต","2","1","1","0","not_requested"
"546","att_0546_20180618144845299712","20180618144845299712","สยามนิรมิตร","ภาคใต้","ภูเก็ต","2","1","1","0","not_requested"
"547","att_0547_20180511135950299136","20180511135950299136","วัดหงษ์","ภาคเหนือ","พิจิตร","2","1","1","0","not_requested"
"548","att_0548_20180426113016299520","20180426113016299520","ผาหอบ","ภาคเหนือ","ลำปาง","2","1","1","0","not_requested"
"549","att_0549_20180308102857302016","20180308102857302016","หาดปากแตระ","ภาคใต้","สงขลา","2","1","1","0","not_requested"
"550","att_0550_20180306150845300736","20180306150845300736","วัดเขียนบางแก้ว","ภาคใต้","พัทลุง","2","1","1","0","not_requested"
"551","att_0551_20180219154432299008","20180219154432299008","บ้านร้อยปีเทียนสือ","ภาคใต้","ระนอง","2","1","1","0","not_requested"
"552","att_0552_20180219112402300928","20180219112402300928","หาดหนองบัว","ภาคใต้","ชุมพร","2","1","1","0","not_requested"
"553","att_0553_20180219110046298112","20180219110046298112","เขาออง","ภาคใต้","ชุมพร","2","1","1","0","not_requested"
"554","att_0554_20180219103236300800","20180219103236300800","บ้านบ่อคา ชมชนโบราณบ้านเก่าแก่ 100 ปี","ภาคใต้","ชุมพร","2","1","1","0","not_requested"
"555","att_0555_20180219101950300160","20180219101950300160","ถนนกรมหลวงชุมพร","ภาคใต้","ชุมพร","2","1","1","0","not_requested"
"556","att_0556_20180116140239298560","20180116140239298560","เขาวงกต เขาค้อ","ภาคเหนือ","เพชรบูรณ์","2","1","1","0","not_requested"
"557","att_0557_20171230112206299136","20171230112206299136","พิพิธภัณฑ์หลวงพ่อเดิม","ภาคเหนือ","นครสวรรค์","2","1","1","0","not_requested"
"558","att_0558_20171025160336297984","20171025160336297984","ซัพ โยคะ","ภาคใต้","สุราษฎร์ธานี","2","1","1","0","not_requested"
"559","att_0559_20171010103003299840","20171010103003299840","สะพานบุญวัดดวงแก้วโพธิญาณ(วัดพระธาตุกู่ย่าแถ)","ภาคเหนือ","ลำปาง","2","1","1","0","not_requested"
"560","att_0560_20171010100002299904","20171010100002299904","สะพานบุญวัดพระธาตุสันดอน","ภาคเหนือ","ลำปาง","2","1","1","0","not_requested"
"561","att_0561_20170901095237201920","20170901095237201920","ทูบ เทรค วอเตอร์ ปาร์ค","ภาคเหนือ","เชียงใหม่","2","1","1","0","not_requested"
"562","att_0562_20170831093227200512","20170831093227200512","กลุ่มท่องเที่ยวเชิงอนุรักษ์อ่าวพุมเรียง","ภาคใต้","สุราษฎร์ธานี","2","1","1","0","not_requested"
"563","att_0563_20170831092333199360","20170831092333199360","กลุ่มท่องเที่ยวชุมชนท่าฉาง","ภาคใต้","สุราษฎร์ธานี","2","1","1","0","not_requested"
"564","att_0564_20170831085751201792","20170831085751201792","ฮัก วิลเลจ","ภาคใต้","สุราษฎร์ธานี","2","1","1","0","not_requested"
"565","att_0565_20170828152714199040","20170828152714199040","โหนด นาไผ่ คน","ภาคใต้","สงขลา","2","1","1","0","not_requested"
"566","att_0566_20170531114412199936","20170531114412199936","เขตรักษาพันธุ์สัตว์ป่าเขาสนามเพรียง (เขาสน)","ภาคเหนือ","กำแพงเพชร","2","1","1","0","not_requested"
"567","att_0567_20170531112539201536","20170531112539201536","สถานีพัฒนาเกษตรที่สูงตามพระราชดำริ บ้านป่าคา","ภาคเหนือ","กำแพงเพชร","2","1","1","0","not_requested"
"568","att_0568_20170531111231201280","20170531111231201280","ตลาดย้อนยุคนครชุม","ภาคเหนือ","กำแพงเพชร","2","1","1","0","not_requested"
"569","att_0569_20170531110146199552","20170531110146199552","บ้านขนมข้าวตอกอัด","ภาคเหนือ","กำแพงเพชร","2","1","1","0","not_requested"
"570","att_0570_20170531105430200320","20170531105430200320","พิพิธภัณฑ์ท้องถิ่นวัดปราสาท","ภาคเหนือ","กำแพงเพชร","2","1","1","0","not_requested"
"571","att_0571_20170531104629198848","20170531104629198848","วัดคูยาง","ภาคเหนือ","กำแพงเพชร","2","1","1","0","not_requested"
"572","att_0572_20170531103809200128","20170531103809200128","ศาลพระอิศวร","ภาคเหนือ","กำแพงเพชร","2","1","1","0","not_requested"
"573","att_0573_20170531102558199808","20170531102558199808","พิพิธภัณฑสถานจังหวัดกำแพงเพชร เฉลิมพระเกียรติ","ภาคเหนือ","กำแพงเพชร","2","1","1","0","not_requested"
"574","att_0574_20170531100916199424","20170531100916199424","วัดนาควัชรโสภณ","ภาคเหนือ","กำแพงเพชร","2","1","1","0","not_requested"
"575","att_0575_20170531095803199488","20170531095803199488","สวนส้มเขียวหวานโชกุน","ภาคเหนือ","กำแพงเพชร","2","1","1","0","not_requested"
"576","att_0576_20170531095354200064","20170531095354200064","สวนส้มโอโตทองหล่อ","ภาคเหนือ","กำแพงเพชร","2","1","1","0","not_requested"
"577","att_0577_20170531093150199808","20170531093150199808","ศาลหลักเมืองกำแพงเพชร","ภาคเหนือ","กำแพงเพชร","2","1","1","0","not_requested"
"578","att_0578_20170531092559200256","20170531092559200256","วัดป่าเขาเขียว (หลวงพ่อถัง)","ภาคเหนือ","กำแพงเพชร","2","1","1","0","not_requested"
"579","att_0579_20170531091648200704","20170531091648200704","บ้านปางมะนาว (โครงการคลองลาน 2)","ภาคเหนือ","กำแพงเพชร","1","1","0","0","not_requested"
"580","att_0580_20170428161332199424","20170428161332199424","พิพิธภัณฑ์เบญญารัญ","ภาคใต้","พังงา","2","1","1","0","not_requested"
"581","att_0581_20170424153423200256","20170424153423200256","พิพิธภัณฑ์เพอรานากันนิทัศน์ (ภูเก็ตมิวเซียม)","ภาคใต้","ภูเก็ต","2","1","1","0","not_requested"
"582","att_0582_20170424150826201088","20170424150826201088","ไร่วานิช","ภาคใต้","ภูเก็ต","2","1","1","0","not_requested"
"583","att_0583_20170424145923198976","20170424145923198976","นีโมโดลฟินโชว์","ภาคใต้","ภูเก็ต","2","1","1","0","not_requested"
"584","att_0584_20170421092801200128","20170421092801200128","พระพุทธนวล้านตื้อ","ภาคเหนือ","เชียงราย","2","1","1","0","not_requested"
"585","att_0585_20170417153119199232","20170417153119199232","วัดพระพุทรบาทผาหนาม","ภาคเหนือ","ลำพูน","2","1","1","0","not_requested"
"586","att_0586_20170413103430201344","20170413103430201344","สถานีพัฒนาการเกษตรที่สูงตามพระราชดำริบ้านสะจุก - สะเกี้ยง","ภาคเหนือ","น่าน","2","1","1","0","not_requested"
"587","att_0587_20170413100055199744","20170413100055199744","ศูนย์การเรียนรู้ดาราศาสตร์และหอดูดาวเฉลิมพระเกียรติสมเด็จพระเทพรัตนราชกุมารี","ภาคเหนือ","น่าน","2","1","1","0","not_requested"
"588","att_0588_20170411124918198272","20170411124918198272","วัดกาบรางธรรมสถาน","ภาคเหนือ","น่าน","2","1","1","0","not_requested"
"589","att_0589_20170411094437199872","20170411094437199872","พิพิธภัณฑ์บ้านพระเกิด","ภาคเหนือ","น่าน","2","1","1","0","not_requested"
"590","att_0590_20170408153217200128","20170408153217200128","หล่มภูเขียว","ภาคเหนือ","ลำปาง","2","1","1","0","not_requested"
"591","att_0591_20170404093611200512","20170404093611200512","ต้นดิกเดียมวัดปรางค์","ภาคเหนือ","น่าน","2","1","1","0","not_requested"
"592","att_0592_20170331145600200704","20170331145600200704","แก่งสะม้า 9 บั้ง","ภาคเหนือ","น่าน","4","4","0","0","not_requested"
"593","att_0593_20170331133204201472","20170331133204201472","กลุ่มผ้าทอไทลื้อสีธรรมชาติบ้านดอนมูล","ภาคเหนือ","น่าน","2","1","1","0","not_requested"
"594","att_0594_20170331110211198976","20170331110211198976","กลุ่มทอผ้าจันทร์สมการทอ","ภาคเหนือ","น่าน","2","1","1","0","not_requested"
"595","att_0595_20170331092119199744","20170331092119199744","ศูนย์ปฏิบัติธรรมมหาโพธิวงศาจริยาราม (พุทธอุทยานดอยผาสวรรค์)","ภาคเหนือ","แพร่","2","1","1","0","not_requested"
"596","att_0596_20170329134714200064","20170329134714200064","วิสาหกิจชุมชนบ้านโตนปาหนัน","ภาคใต้","สตูล","2","1","1","0","not_requested"
"597","att_0597_20170329134147198976","20170329134147198976","ชุมชนท่องเที่ยวบ้านภูผาเพชร","ภาคใต้","สตูล","2","1","1","0","not_requested"
"598","att_0598_20170329133749198848","20170329133749198848","ชุมชนท่องเที่ยวบ้านบากันเคย","ภาคใต้","สตูล","2","1","1","0","not_requested"
"599","att_0599_20170329133151199232","20170329133151199232","ชุมชนท่องเที่ยวบ้านบ่อเจ็ดลูก","ภาคใต้","สตูล","2","1","1","0","not_requested"
"600","att_0600_20170329115217199104","20170329115217199104","ชุมชนท่องเที่ยวบ้านบากันใหญ่","ภาคใต้","สตูล","2","1","1","0","not_requested"
"601","att_0601_20170329112209199104","20170329112209199104","พิพิธภัณฑ์อุทยานธรณีโลกสตูล","ภาคใต้","สตูล","2","1","1","0","not_requested"
"602","att_0602_20170329111748198400","20170329111748198400","ศูนย์การเรียนรู้เกษตรพอเพียงบ้านแม่หล่าย","ภาคเหนือ","แพร่","2","1","1","0","not_requested"
"603","att_0603_20170329104952201216","20170329104952201216","พิพิธภัณฑ์ภาพวาด 3 มิติ","ภาคใต้","สงขลา","2","1","1","0","not_requested"
"604","att_0604_20170317161027198976","20170317161027198976","ไร่รื่นรมย์","ภาคเหนือ","เชียงราย","2","1","1","0","not_requested"
"605","att_0605_20170306154122100736","20170306154122100736","น้ำตกแม่พูล","ภาคเหนือ","อุตรดิตถ์","2","1","1","0","not_requested"
"606","att_0606_20170215124303101952","20170215124303101952","ศาลาเทวดานาคราช","ภาคใต้","นครศรีธรรมราช","2","1","1","0","not_requested"
"607","att_0607_20170215124038098944","20170215124038098944","สวนป่าน","ภาคใต้","นครศรีธรรมราช","2","1","1","0","not_requested"
"608","att_0608_20170215123638099968","20170215123638099968","วัดนันทาราม","ภาคใต้","นครศรีธรรมราช","2","1","1","0","not_requested"
"609","att_0609_20170215123427098624","20170215123427098624","วัดถ้ำทองพรรณรา","ภาคใต้","นครศรีธรรมราช","2","1","1","0","not_requested"
"610","att_0610_20170215123356098560","20170215123356098560","วัดธาตุธาราม","ภาคใต้","นครศรีธรรมราช","2","1","1","0","not_requested"
"611","att_0611_20170215122754101248","20170215122754101248","วัดเขาพระทอง","ภาคใต้","นครศรีธรรมราช","2","1","1","0","not_requested"
"612","att_0612_20170215122521100288","20170215122521100288","วัดกระดังงา","ภาคใต้","นครศรีธรรมราช","2","1","1","0","not_requested"
"613","att_0613_20170215122146099200","20170215122146099200","สวนสมเด็จพระศรีนครินทร์ 84","ภาคใต้","นครศรีธรรมราช","2","1","1","0","not_requested"
"614","att_0614_20170215095814098944","20170215095814098944","อ่าวท้องหยี","ภาคใต้","นครศรีธรรมราช","2","1","1","0","not_requested"
"615","att_0615_20170215093456101376","20170215093456101376","อารยาเคลย์แอนด์คราฟท์","ภาคใต้","นครศรีธรรมราช","2","1","1","0","not_requested"
"616","att_0616_20170214203804098560","20170214203804098560","น้ำตกยอดเหลือง","ภาคใต้","นครศรีธรรมราช","2","1","1","0","not_requested"
"617","att_0617_20170214203245101056","20170214203245101056","น้ำตกปลิว","ภาคใต้","นครศรีธรรมราช","2","1","1","0","not_requested"
"618","att_0618_20170214202838102016","20170214202838102016","น้ำตกคลองจัง","ภาคใต้","นครศรีธรรมราช","2","1","1","0","not_requested"
"619","att_0619_20170214202547101696","20170214202547101696","ถ้ำตลอด","ภาคใต้","นครศรีธรรมราช","3","3","0","0","not_requested"
"620","att_0620_20170214195344101376","20170214195344101376","กลุ่มหัตถกรรมจักสานพัดใบกะพ้อบ้านสวนเลา","ภาคใต้","นครศรีธรรมราช","2","1","1","0","not_requested"
"621","att_0621_20170214194600099840","20170214194600099840","กลุ่มหัตถกรรมจักสานพัดใบกะพ้อบ้านโคกยาง","ภาคใต้","นครศรีธรรมราช","1","1","0","0","not_requested"
"622","att_0622_20170214144125100032","20170214144125100032","อุทยานแห่งชาติเขานัน","ภาคใต้","นครศรีธรรมราช","2","1","1","0","not_requested"
"623","att_0623_20170214142406098944","20170214142406098944","อุทยานแห่งชาติน้ำตกโยง","ภาคใต้","นครศรีธรรมราช","2","1","1","0","not_requested"
"624","att_0624_20170214141244100608","20170214141244100608","อุทยานแห่งชาติน้ำตกสี่ขีด","ภาคใต้","นครศรีธรรมราช","2","1","1","0","not_requested"
"625","att_0625_20170214135034101760","20170214135034101760","พระวิหารสูง","ภาคใต้","นครศรีธรรมราช","2","1","1","0","not_requested"
"626","att_0626_20170214134456098816","20170214134456098816","น้ำตกกรุงนาง","ภาคใต้","นครศรีธรรมราช","2","1","1","0","not_requested"
"627","att_0627_20170214113911099392","20170214113911099392","อุทยานแห่งชาติหาดขนอม-หมู่เกาะทะเลใต้","ภาคใต้","นครศรีธรรมราช","2","1","1","0","not_requested"
"628","att_0628_20170214111041101824","20170214111041101824","น้ำตกวังลุง (น้ำตกสองรัก)","ภาคใต้","นครศรีธรรมราช","2","1","1","0","not_requested"
"629","att_0629_20170214110406098944","20170214110406098944","ถ้ำหงส์","ภาคใต้","นครศรีธรรมราช","2","1","1","0","not_requested"
"630","att_0630_20170214105941098496","20170214105941098496","ถ้ำน้ำวังศรีธรรมโศกราช","ภาคใต้","นครศรีธรรมราช","2","1","1","0","not_requested"
"631","att_0631_20170214104646098944","20170214104646098944","กำแพงเมืองนครศรีธรรมราช","ภาคใต้","นครศรีธรรมราช","2","1","1","0","not_requested"
"632","att_0632_20170214104203100160","20170214104203100160","วัดหรงบน","ภาคใต้","นครศรีธรรมราช","2","1","1","0","not_requested"
"633","att_0633_20170214103016099840","20170214103016099840","ตลาดใต้โหนด","ภาคใต้","พัทลุง","2","1","1","0","not_requested"
"634","att_0634_20170214101320101888","20170214101320101888","หอพระพุทธสิหิงค์","ภาคใต้","นครศรีธรรมราช","2","1","1","0","not_requested"
"635","att_0635_20170207143625101312","20170207143625101312","อนุสาวรีย์ปูดำ/ลานประติมากรรมปูดำ","ภาคใต้","กระบี่","2","1","1","0","not_requested"
"636","att_0636_20170207101329100800","20170207101329100800","อ่าวต้นไทร","ภาคใต้","กระบี่","2","1","1","0","not_requested"
"637","att_0637_20170117091117101056","20170117091117101056","อ่างน้ำผุดบางสวรรค์","ภาคใต้","สุราษฎร์ธานี","4","4","0","0","not_requested"
"638","att_0638_20170113104407101440","20170113104407101440","ภูฟ้าไทย","ภาคเหนือ","เชียงราย","2","1","1","0","not_requested"
"639","att_0639_20170113094604099584","20170113094604099584","ภูชี้เดือน","ภาคเหนือ","เชียงราย","2","1","1","0","not_requested"
"640","att_0640_20170112155041099776","20170112155041099776","ภูชี้ดาว","ภาคเหนือ","เชียงราย","2","1","1","0","not_requested"
"641","att_0641_20170112154432098304","20170112154432098304","ปางช้างเผือก","ภาคเหนือ","เชียงราย","2","1","1","0","not_requested"
"642","att_0642_20170112153313099776","20170112153313099776","วัดร่องเสือเต้น","ภาคเหนือ","เชียงราย","2","1","1","0","not_requested"
"643","att_0643_20170111101501100032","20170111101501100032","เขาโปกโล้น","ภาคเหนือ","พิษณุโลก","2","1","1","0","not_requested"
"644","att_0644_20170106142917099520","20170106142917099520","เกาะมัดสุม","ภาคใต้","สุราษฎร์ธานี","2","1","1","0","not_requested"
"645","att_0645_20170105152518098944","20170105152518098944","วัดทีปังกร","ภาคใต้","สุราษฎร์ธานี","2","1","1","0","not_requested"
"646","att_0646_20161229120106098688","20161229120106098688","ทุ่งกังหันลมบ้านเพชรดำ","ภาคเหนือ","เพชรบูรณ์","2","1","1","0","not_requested"
"647","att_0647_20161222140102098944","20161222140102098944","สวนบัวอมรรัตน์","ภาคเหนือ","พิษณุโลก","2","1","1","0","not_requested"
"648","att_0648_20161215141300101120","20161215141300101120","สันติบุรี สมุยคันทรี่ คลับ","ภาคใต้","สุราษฎร์ธานี","2","1","1","0","not_requested"
"649","att_0649_20161215134715101184","20161215134715101184","คาโนปี้ผจญภัย สมุย","ภาคใต้","สุราษฎร์ธานี","2","1","1","0","not_requested"
"650","att_0650_20161215113752100864","20161215113752100864","สมุย เอลเลเฟนท์ คิงดอม","ภาคใต้","สุราษฎร์ธานี","2","1","1","0","not_requested"
"651","att_0651_20161111151432101888","20161111151432101888","ศาลหลักเมืองกระบี่","ภาคใต้","กระบี่","2","1","1","0","not_requested"
"652","att_0652_20161111143231098880","20161111143231098880","กำแพงประวัติศาสตร์ เมืองกระบี่","ภาคใต้","กระบี่","2","1","1","0","not_requested"
"653","att_0653_20161110153827098624","20161110153827098624","พลับพลาที่ประทับพลเรือเอกพระเจ้าบรมวงศ์เธอ พระองค์เจ้าอาภากรเกียรติวงศ์ กรมหลวงชุมพรเขตอุดมศักดิ์ สวนสาธารณะสะพานหิน","ภาคใต้","ภูเก็ต","2","1","1","0","not_requested"
"654","att_0654_20161101095829098496","20161101095829098496","วัดถ้ำเสือน้อย","ภาคใต้","กระบี่","2","1","1","0","not_requested"
"655","att_0655_20161025140653101056","20161025140653101056","ถนนคนเดิน ฟิชเชอร์แมน วิลเลจ","ภาคใต้","สุราษฎร์ธานี","2","1","1","0","not_requested"
"656","att_0656_20161011105212100608","20161011105212100608","แกรนด์ แคนยอน เชียงใหม่","ภาคเหนือ","เชียงใหม่","2","1","1","0","not_requested"
"657","att_0657_20161009193855098880","20161009193855098880","ดอยพญาพิภักดิ์","ภาคเหนือ","เชียงราย","2","1","1","0","not_requested"
"658","att_0658_20160930123527098368","20160930123527098368","น้ำตกสิบเอ็ดชั้น","ภาคใต้","สุราษฎร์ธานี","2","1","1","0","not_requested"
"659","att_0659_20160913145106001920","20160913145106001920","คลองน้ำใส","ภาคใต้","สุราษฎร์ธานี","2","1","1","0","not_requested"
"660","att_0660_20160912125338001408","20160912125338001408","วัดสันป่าก่อ","ภาคเหนือ","เชียงราย","2","1","1","0","not_requested"
"661","att_0661_20160606141824000000","20160606141824000000","ศูนย์ศึกษาธรรมชาติป่าชายเลนยะหริ่ง","ภาคใต้","ปัตตานี","2","2","0","0","not_requested"
"662","att_0662_20160602134927998976","20160602134927998976","เกาะเฮ","ภาคใต้","ภูเก็ต","2","1","1","0","not_requested"
"663","att_0663_20160602131553001472","20160602131553001472","หนุมานเวิลด์","ภาคใต้","ภูเก็ต","2","1","1","0","not_requested"
"664","att_0664_20160602114352001024","20160602114352001024","ฟลายอิ้ง หนุมาน","ภาคใต้","ภูเก็ต","2","1","1","0","not_requested"
"665","att_0665_20160602105327001600","20160602105327001600","ภูเก็ต ทริกอาย มิวเซียม","ภาคใต้","ภูเก็ต","2","1","1","0","not_requested"
"666","att_0666_20160526135728001024","20160526135728001024","น้ำตกกะโรม","ภาคใต้","นครศรีธรรมราช","2","1","1","0","not_requested"
"667","att_0667_20160526134053998592","20160526134053998592","จุดชมวิวเขาเหมน","ภาคใต้","นครศรีธรรมราช","2","1","1","0","not_requested"
"668","att_0668_20160526130346000384","20160526130346000384","ล่องแก่งคลองกลาย","ภาคใต้","นครศรีธรรมราช","2","1","1","0","not_requested"
"669","att_0669_20160526125504000000","20160526125504000000","เส้นทางเดินป่ายอดฝามี","ภาคใต้","นครศรีธรรมราช","2","1","1","0","not_requested"
"670","att_0670_2016050411370919936","2016050411370919936","จังเกิล โคสเตอร์","ภาคเหนือ","เชียงใหม่","2","1","1","0","not_requested"
"671","att_0671_2016050316293120000","2016050316293120000","สวนน้ำ สวนสนุก เดอะซัน","ภาคเหนือ","ลำพูน","2","1","1","0","not_requested"
"672","att_0672_2016021810573120000","2016021810573120000","พระมหาธาตุเจดีย์พระพุทธธรรมประกาศ","ภาคใต้","ยะลา","2","1","1","0","not_requested"
"673","att_0673_2015121810325720064","2015121810325720064","ภูเก็ตวอเตอร์สกีเคเบิลเวย์","ภาคใต้","ภูเก็ต","2","1","1","0","not_requested"
"674","att_0674_2015121417045120000","2015121417045120000","สถาบันผ้าทอมือหริภุญชัย","ภาคเหนือ","ลำพูน","2","1","1","0","not_requested"
"675","att_0675_2015121416174220032","2015121416174220032","พระบรมธาตุหริภุญชัย","ภาคเหนือ","ลำพูน","2","1","1","0","not_requested"
"676","att_0676_2015121414311020032","2015121414311020032","ถนนคนเดินเมืองลำพูน","ภาคเหนือ","ลำพูน","2","1","1","0","not_requested"
"677","att_0677_2015121414254520064","2015121414254520064","ตลาดบ้านทาดอยแก้ว หรือกาดแม่ทา","ภาคเหนือ","ลำพูน","2","1","1","0","not_requested"
"678","att_0678_2015121010033819904","2015121010033819904","สนามมวยเพชรบัญชาสมุย","ภาคใต้","สุราษฎร์ธานี","2","1","1","0","not_requested"
"679","att_0679_2015121009592920064","2015121009592920064","ถนนคนเดินเชียงราย","ภาคเหนือ","เชียงราย","2","1","1","0","not_requested"
"680","att_0680_2015121009562020096","2015121009562020096","ชุมชนท่องเที่ยวเขาพญาบังสา","ภาคใต้","สตูล","2","1","1","0","not_requested"
"681","att_0681_2015121009542020096","2015121009542020096","อนุสาวรีย์กรมหลวงชุมพรเขตอุดมศักดิ์","ภาคใต้","สงขลา","2","1","1","0","not_requested"
"682","att_0682_2015121009523520000","2015121009523520000","ศูนย์ท่องเที่ยวเชิงเกษตรเกาะยอ","ภาคใต้","สงขลา","2","1","1","0","not_requested"
"683","att_0683_2015121009505220096","2015121009505220096","อุทยานการเรียนรู้ TK PARK เทศบาลเมืองสตูล","ภาคใต้","สตูล","2","1","1","0","not_requested"
"684","att_0684_2015121009490020096","2015121009490020096","พิพิธภัณฑสถานแห่งชาติ มัชฌิมาวาส","ภาคใต้","สงขลา","2","1","1","0","not_requested"
"685","att_0685_2015121009465319936","2015121009465319936","ประติมากรรมพญานาคพ่นน้ำ","ภาคใต้","สงขลา","2","1","1","0","not_requested"
"686","att_0686_2015121009450119936","2015121009450119936","ถนนคนเดินสงขลาแต่แรก","ภาคใต้","สงขลา","2","1","1","0","not_requested"
"687","att_0687_2015121009414419968","2015121009414419968","ตลาดนัดวันอาทิตย์สงขลา","ภาคใต้","สงขลา","2","1","1","0","not_requested"
"688","att_0688_2015121009400620032","2015121009400620032","กำแพงเมืองสงขลา","ภาคใต้","สงขลา","2","1","1","0","not_requested"
"689","att_0689_2015121009373920000","2015121009373920000","กลุ่มราชวัตถ์แสงส่องหล้าที่1","ภาคใต้","สงขลา","2","1","1","0","not_requested"
"690","att_0690_2015121009353720064","2015121009353720064","เอ อี วาย สเปซ","ภาคใต้","สงขลา","2","1","1","0","not_requested"
"691","att_0691_2015121009325519872","2015121009325519872","เกาะขาม","ภาคใต้","สงขลา","2","1","1","0","not_requested"
"692","att_0692_2015121009262320128","2015121009262320128","จังเกิ้ล บันจี้ จัมพ์","ภาคใต้","ภูเก็ต","2","1","1","0","not_requested"
"693","att_0693_2015121009242919936","2015121009242919936","อ่าวลึก","ภาคใต้","พังงา","2","1","1","0","not_requested"
"694","att_0694_2015121009220120064","2015121009220120064","อ่าวบอน","ภาคใต้","พังงา","2","1","1","0","not_requested"
"695","att_0695_2015121009192920064","2015121009192920064","อ่าวช่องขาด","ภาคใต้","พังงา","2","1","1","0","not_requested"
"696","att_0696_2015121009084920064","2015121009084920064","วิสาหกิจชุมชน กลุ่มท่องเที่ยวชุมชนบ้านโคกไคร","ภาคใต้","พังงา","2","1","1","0","not_requested"
"697","att_0697_2015121008400019968","2015121008400019968","เขาไข่นุ้ย","ภาคใต้","พังงา","2","1","1","0","not_requested"
"698","att_0698_2015121008352019968","2015121008352019968","คลองบางเจริญ","ภาคใต้","ชุมพร","2","1","1","0","not_requested"
"699","att_0699_2015121008311920128","2015121008311920128","สวนลุงนิล","ภาคใต้","ชุมพร","2","1","1","0","not_requested"
"700","att_0700_2015121008152120064","2015121008152120064","ล่องแพพะโต๊ะ","ภาคใต้","ชุมพร","2","1","1","0","not_requested"
"701","att_0701_2015120421550710016","2015120421550710016","บ้านผาเจริญ","ภาคเหนือ","แม่ฮ่องสอน","2","1","1","0","not_requested"
"702","att_0702_2015120421550710016","2015120421550710016","บ้านป่าปุ๊","ภาคเหนือ","แม่ฮ่องสอน","2","1","1","0","not_requested"
"703","att_0703_2015120421550710016","2015120421550710016","บ้านดูลาเปอร์","ภาคเหนือ","แม่ฮ่องสอน","2","1","1","0","not_requested"
"704","att_0704_2015120421550710016","2015120421550710016","บ้านดง","ภาคเหนือ","แม่ฮ่องสอน","2","1","1","0","not_requested"
"705","att_0705_2015120421550710016","2015120421550710016","น้ำพุร้อนแม่อุมลอง","ภาคเหนือ","แม่ฮ่องสอน","2","1","1","0","not_requested"
"706","att_0706_2015120421550710016","2015120421550710016","น้ำตกนทีราชันย์","ภาคเหนือ","แม่ฮ่องสอน","2","1","1","0","not_requested"
"707","att_0707_2015120421550710016","2015120421550710016","น้ำตกแม่สะงากลาง","ภาคเหนือ","แม่ฮ่องสอน","2","1","1","0","not_requested"
"708","att_0708_2015120421550710016","2015120421550710016","น้ำตกแพมบก","ภาคเหนือ","แม่ฮ่องสอน","2","1","1","0","not_requested"
"709","att_0709_2015120421550710016","2015120421550710016","ที่ทำการอุทยานน้ำตกแม่สุรินทร์","ภาคเหนือ","แม่ฮ่องสอน","2","1","1","0","not_requested"
"710","att_0710_2015120421550710016","2015120421550710016","ถ้ำแม่ละนา","ภาคเหนือ","แม่ฮ่องสอน","2","1","1","0","not_requested"
"711","att_0711_2015120421550710016","2015120421550710016","ถ้ำเมืองแพม","ภาคเหนือ","แม่ฮ่องสอน","2","1","1","0","not_requested"
"712","att_0712_2015120421550710016","2015120421550710016","ถนนคนเดินปาย","ภาคเหนือ","แม่ฮ่องสอน","2","1","1","0","not_requested"
"713","att_0713_2015120421550710016","2015120421550710016","ถนนคนเดินจังหวัดแม่ฮ่องสอน","ภาคเหนือ","แม่ฮ่องสอน","2","1","1","0","not_requested"
"714","att_0714_2015120421550710016","2015120421550710016","ตลาดสายหยุด เทศบาลเมืองแม่ฮ่องสอน","ภาคเหนือ","แม่ฮ่องสอน","2","1","1","0","not_requested"
"715","att_0715_2015120421550710016","2015120421550710016","ดอยพุ่ยโค","ภาคเหนือ","แม่ฮ่องสอน","2","1","1","0","not_requested"
"716","att_0716_2015120421550710016","2015120421550710016","ชุมชนบ้านห้วยตองก๊อ","ภาคเหนือ","แม่ฮ่องสอน","2","1","1","0","not_requested"
"717","att_0717_2015120421550710016","2015120421550710016","ชุมชนบ้านเมืองปอน","ภาคเหนือ","แม่ฮ่องสอน","2","1","1","0","not_requested"
"718","att_0718_2015120421550710016","2015120421550710016","จุดชมวิวผาบ่อง","ภาคเหนือ","แม่ฮ่องสอน","2","1","1","0","not_requested"
"719","att_0719_2015120421550710016","2015120421550710016","จุดชมวิวบ้านหลุกข้าวหลาม","ภาคเหนือ","แม่ฮ่องสอน","2","1","1","0","not_requested"
"720","att_0720_2015120421550710016","2015120421550710016","กลุ่มผลิตน้ำมันงาบ้านสบสอย แม่ฮ่องสอน","ภาคเหนือ","แม่ฮ่องสอน","2","1","1","0","not_requested"
"721","att_0721_2015120421550710016","2015120421550710016","สวนผลไม้กุลภัช","ภาคเหนือ","อุทัยธานี","2","1","1","0","not_requested"
"722","att_0722_2015120421550710016","2015120421550710016","วัดหลวงราชาวาส","ภาคเหนือ","อุทัยธานี","2","1","1","0","not_requested"
"723","att_0723_2015120421550710016","2015120421550710016","วัดหนองหญ้านาง","ภาคเหนือ","อุทัยธานี","2","1","1","0","not_requested"
"724","att_0724_2015120421550710016","2015120421550710016","วัดพิชัยปุรณาราม","ภาคเหนือ","อุทัยธานี","2","1","1","0","not_requested"
"725","att_0725_2015120421550710016","2015120421550710016","วัดธรรมโศภิต","ภาคเหนือ","อุทัยธานี","2","1","1","0","not_requested"
"726","att_0726_2015120421550710016","2015120421550710016","วัดขวิดเชลยศักดิ์","ภาคเหนือ","อุทัยธานี","2","1","1","0","not_requested"
"727","att_0727_2015120421550710016","2015120421550710016","บึงพระชนก","ภาคเหนือ","อุทัยธานี","2","1","1","0","not_requested"
"728","att_0728_2015120421550710016","2015120421550710016","ถ้ำเขาพระยาพายเรือ","ภาคเหนือ","อุทัยธานี","2","1","1","0","not_requested"
"729","att_0729_2015120421550710016","2015120421550710016","ถนนคนเดินตรอกโรงยา","ภาคเหนือ","อุทัยธานี","2","1","1","0","not_requested"
"730","att_0730_2015120421550710016","2015120421550710016","ตลาดชุมชนลุ่มแม่น้ำสะแกกรัง","ภาคเหนือ","อุทัยธานี","2","1","1","0","not_requested"
"731","att_0731_2015120421550710016","2015120421550710016","กลุ่มผลิตภัณฑ์รากไม้","ภาคเหนือ","อุทัยธานี","2","1","1","0","not_requested"
"732","att_0732_2015120421550710016","2015120421550710016","เขื่อนวังร่มเกล้า","ภาคเหนือ","อุทัยธานี","2","1","1","0","not_requested"
"733","att_0733_2015120421550710016","2015120421550710016","สะพานปรมินทร์","ภาคเหนือ","อุตรดิตถ์","2","1","1","0","not_requested"
"734","att_0734_2015120421550710016","2015120421550710016","วัดห้องสูง","ภาคเหนือ","อุตรดิตถ์","2","1","1","0","not_requested"
"735","att_0735_2015120421550710016","2015120421550710016","วัดท้องลับแล","ภาคเหนือ","อุตรดิตถ์","2","1","1","0","not_requested"
"736","att_0736_2015120421550710016","2015120421550710016","กาดบ้านฮ่อ","ภาคเหนือ","เชียงใหม่","2","1","1","0","not_requested"
"737","att_0737_2015120421550710016","2015120421550710016","อ่างเก็บน้ำห้วยขุนแก้ว","ภาคเหนือ","อุทัยธานี","2","1","1","0","not_requested"
"738","att_0738_2015120421550710016","2015120421550710016","สวนวิมลโสภา","ภาคเหนือ","อุทัยธานี","2","1","1","0","not_requested"
"739","att_0739_2015120421550710016","2015120421550710016","สวนผลไม้สมชาย","ภาคเหนือ","อุทัยธานี","2","1","1","0","not_requested"
"740","att_0740_2015120421550710016","2015120421550710016","สวนผลไม้วิโรจน์","ภาคเหนือ","อุทัยธานี","2","1","1","0","not_requested"
"741","att_0741_2015120421550710016","2015120421550710016","สวนผลไม้ลุงอ้วน","ภาคเหนือ","อุทัยธานี","2","1","1","0","not_requested"
"742","att_0742_2015120421550710016","2015120421550710016","สวนผลไม้ลุงโป่ง","ภาคเหนือ","อุทัยธานี","2","1","1","0","not_requested"
"743","att_0743_2015120421550710016","2015120421550710016","ด่านภูดู่","ภาคเหนือ","อุตรดิตถ์","2","1","1","0","not_requested"
"744","att_0744_2015120421550710016","2015120421550710016","วัดหนองโว้ง","ภาคเหนือ","สุโขทัย","2","1","1","0","not_requested"
"745","att_0745_2015120421550710016","2015120421550710016","วัดสว่างอารมณ์วรวิหาร","ภาคเหนือ","สุโขทัย","2","1","1","0","not_requested"
"746","att_0746_2015120421550710016","2015120421550710016","วัดท่าเกษม","ภาคเหนือ","สุโขทัย","2","1","1","0","not_requested"
"747","att_0747_2015120421550710016","2015120421550710016","วัดไทยชุมพล","ภาคเหนือ","สุโขทัย","2","1","1","0","not_requested"
"748","att_0748_2015120421550710016","2015120421550710016","บ้านคุกพัฒนา","ภาคเหนือ","สุโขทัย","2","1","1","0","not_requested"
"749","att_0749_2015120421550710016","2015120421550710016","ตลาดริมยม 2437","ภาคเหนือ","สุโขทัย","2","1","1","0","not_requested"
"750","att_0750_2015120421550710016","2015120421550710016","โมทนา เซรามิค","ภาคเหนือ","สุโขทัย","2","1","1","0","not_requested"
"751","att_0751_2015120421550710016","2015120421550710016","หอศิลป์ ลำปาง","ภาคเหนือ","ลำปาง","2","1","1","0","not_requested"
"752","att_0752_2015120421550710016","2015120421550710016","พิพิธภัณฑ์บ้านป่องนัก","ภาคเหนือ","ลำปาง","2","1","1","0","not_requested"
"753","att_0753_2015120421550710016","2015120421550710016","บ้านป่าเหมี้ยงโฮมสเตย์","ภาคเหนือ","ลำปาง","2","1","1","0","not_requested"
"754","att_0754_2015120421550710016","2015120421550710016","ตลาดประชารัฐ เอส เอ็ม แอล บ้านใหม่นาแขม","ภาคเหนือ","ลำปาง","2","1","1","0","not_requested"
"755","att_0755_2015120421550710016","2015120421550710016","กาดทุ่งเกวียน","ภาคเหนือ","ลำปาง","2","1","1","0","not_requested"
"756","att_0756_2015120421550710016","2015120421550710016","กาดกองต้า","ภาคเหนือ","ลำปาง","2","1","1","0","not_requested"
"757","att_0757_2015120421550710016","2015120421550710016","โฮมสเตย์บ้านสามขา","ภาคเหนือ","ลำปาง","2","1","1","0","not_requested"
"758","att_0758_2015120421550710016","2015120421550710016","โฮมสเตย์บ้านท่าช้าง","ภาคเหนือ","ลำปาง","2","1","1","0","not_requested"
"759","att_0759_2015120421550710016","2015120421550710016","โครงการพระราชดำริบ้านทุ่งจี้","ภาคเหนือ","ลำปาง","2","1","1","0","not_requested"
"760","att_0760_2015120421550710016","2015120421550710016","สะพานประวัติศาสตร์ท่าปาย","ภาคเหนือ","แม่ฮ่องสอน","2","1","1","0","not_requested"
"761","att_0761_2015120421550710016","2015120421550710016","สะพานซูตองเป้","ภาคเหนือ","แม่ฮ่องสอน","2","1","1","0","not_requested"
"762","att_0762_2015120421550710016","2015120421550710016","ศูนย์พัฒนาโครงการหลวงแม่ลาน้อย (นาขั้นได)","ภาคเหนือ","แม่ฮ่องสอน","2","1","1","0","not_requested"
"763","att_0763_2015120421550710016","2015120421550710016","วัดหลวง","ภาคเหนือ","แม่ฮ่องสอน","2","1","1","0","not_requested"
"764","att_0764_2015120421550710016","2015120421550710016","วัดม่วยต่อ","ภาคเหนือ","แม่ฮ่องสอน","2","1","1","0","not_requested"
"765","att_0765_2015120421550710016","2015120421550710016","วัดพระธาตุจอมกิตติ","ภาคเหนือ","แม่ฮ่องสอน","2","1","1","0","not_requested"
"766","att_0766_2015120421550710016","2015120421550710016","วัดพระธาตุจอมแจ้ง","ภาคเหนือ","แม่ฮ่องสอน","2","1","1","0","not_requested"
"767","att_0767_2015120421550710016","2015120421550710016","วัดป่าถ้ำวัว","ภาคเหนือ","แม่ฮ่องสอน","2","1","1","0","not_requested"
"768","att_0768_2015120421550710016","2015120421550710016","วัดป่าขาม","ภาคเหนือ","แม่ฮ่องสอน","2","1","1","0","not_requested"
"769","att_0769_2015120421550710016","2015120421550710016","ร้านกาแฟ คอฟฟี่ อิน เลิฟ","ภาคเหนือ","แม่ฮ่องสอน","2","1","1","0","not_requested"
"770","att_0770_2015120421550710016","2015120421550710016","พิพิธภัณฑ์มีชีวิตเมืองแม่ฮ่องสอน","ภาคเหนือ","แม่ฮ่องสอน","2","1","1","0","not_requested"
"771","att_0771_2015120421550710016","2015120421550710016","บ้านศรีนาป่าน","ภาคเหนือ","น่าน","2","1","1","0","not_requested"
"772","att_0772_2015120421550710016","2015120421550710016","กำแพงเมืองเก่าน่าน","ภาคเหนือ","น่าน","2","1","1","0","not_requested"
"773","att_0773_2015120421550710016","2015120421550710016","โฮงเจ้าฟองคำ","ภาคเหนือ","น่าน","2","1","1","0","not_requested"
"774","att_0774_2015120421550710016","2015120421550710016","อุทยานนกน้ำบึงบอระเพ็ด","ภาคเหนือ","นครสวรรค์","2","1","1","0","not_requested"
"775","att_0775_2015120421550710016","2015120421550710016","วัดพระพุทธบาทไพศาลี","ภาคเหนือ","นครสวรรค์","2","1","1","0","not_requested"
"776","att_0776_2015120421550710016","2015120421550710016","วัดเขาถ้ำบุญนาค","ภาคเหนือ","นครสวรรค์","2","1","1","0","not_requested"
"777","att_0777_2015120421550710016","2015120421550710016","วัดเขาภูคาจุฬามณี","ภาคเหนือ","นครสวรรค์","2","1","1","0","not_requested"
"778","att_0778_2015120421550710016","2015120421550710016","วนอุทยานเขาหลวง","ภาคเหนือ","นครสวรรค์","2","1","1","0","not_requested"
"779","att_0779_2015120421550710016","2015120421550710016","พุทธอุทยานนครสวรรค์","ภาคเหนือ","นครสวรรค์","2","1","1","0","not_requested"
"780","att_0780_2015120421550710016","2015120421550710016","น้ำตกซับสมบูรณ์","ภาคเหนือ","นครสวรรค์","2","1","1","0","not_requested"
"781","att_0781_2015120421550710016","2015120421550710016","ทุ่งปอเทือง ทุ่งทานตะวัน","ภาคเหนือ","นครสวรรค์","2","1","1","0","not_requested"
"782","att_0782_2015120421550710016","2015120421550710016","ตลาดอาหารริมน้ำจังหวัดนครสวรรค์","ภาคเหนือ","นครสวรรค์","2","1","1","0","not_requested"
"783","att_0783_2015120421550710016","2015120421550710016","ดงแม่นางเมือง","ภาคเหนือ","นครสวรรค์","2","1","1","0","not_requested"
"784","att_0784_2015120421550710016","2015120421550710016","ชุมชนไทยทรงดำบ้านแก่ง","ภาคเหนือ","นครสวรรค์","2","1","1","0","not_requested"
"785","att_0785_2015120421550710016","2015120421550710016","แก่งเกาะใหญ่","ภาคเหนือ","นครสวรรค์","2","1","1","0","not_requested"
"786","att_0786_2015120421550710016","2015120421550710016","เขาพระเจดีย์","ภาคเหนือ","นครสวรรค์","2","1","1","0","not_requested"
"787","att_0787_2015120421550710016","2015120421550710016","พระจุฬามหาเจดีย์","ภาคเหนือ","นครสวรรค์","2","1","1","0","not_requested"
"788","att_0788_2015120421550710016","2015120421550710016","หมู่บ้านชาวประมงน้ำจืด บ้านสันป่าป๋วย","ภาคเหนือ","ตาก","2","1","1","0","not_requested"
"789","att_0789_2015120421550710016","2015120421550710016","หมู่บ้านชาวเขาดอยมูเซอ","ภาคเหนือ","ตาก","2","1","1","0","not_requested"
"790","att_0790_2015120421550710016","2015120421550710016","สวนส้มร่มเกล้า","ภาคเหนือ","ตาก","2","1","1","0","not_requested"
"791","att_0791_2015120421550710016","2015120421550710016","ผาชูธง","ภาคเหนือ","พิษณุโลก","2","1","1","0","not_requested"
"792","att_0792_2015120421550710016","2015120421550710016","น้ำตกลอดรู","ภาคเหนือ","พิษณุโลก","2","1","1","0","not_requested"
"793","att_0793_2015120421550710016","2015120421550710016","ทุ่งนางพญา","ภาคเหนือ","พิษณุโลก","2","1","1","0","not_requested"
"794","att_0794_2015120421550710016","2015120421550710016","ถ้ำบ้านมุง","ภาคเหนือ","พิษณุโลก","2","1","1","0","not_requested"
"795","att_0795_2015120421550710016","2015120421550710016","ถนนคนเดิน-พิษณุโลก","ภาคเหนือ","พิษณุโลก","2","1","1","0","not_requested"
"796","att_0796_2015120421550710016","2015120421550710016","ตลาดร่วมใจ (ตลาดเทศบาล 6)","ภาคเหนือ","พิษณุโลก","2","1","1","0","not_requested"
"797","att_0797_2015120421550710016","2015120421550710016","จุดชมซากุระเมืองไทยบ้านร่องกล้า","ภาคเหนือ","พิษณุโลก","2","1","1","0","not_requested"
"798","att_0798_2015120421550710016","2015120421550710016","ล่องแก่งลำน้ำเข็ก","ภาคเหนือ","พิษณุโลก","2","1","1","0","not_requested"
"799","att_0799_2015120421550710016","2015120421550710016","เรนฟอเรสท์ ฟาร์ม","ภาคเหนือ","พิษณุโลก","2","1","1","0","not_requested"
"800","att_0800_2015120421550710016","2015120421550710016","สวนเกษตรวังทับไทร","ภาคเหนือ","พิจิตร","2","1","1","0","not_requested"
"801","att_0801_2015120421550710016","2015120421550710016","ศาลเจ้าพ่อแก้ว","ภาคเหนือ","พิจิตร","2","1","1","0","not_requested"
"802","att_0802_2015120421550710016","2015120421550710016","น้ำพุร้อนโป่งเดือด","ภาคเหนือ","แม่ฮ่องสอน","2","1","1","0","not_requested"
"803","att_0803_2015120421550710016","2015120421550710016","ศูนย์โครงการพัฒนาตามพระราชดำริจังหวัดแม่ฮ่องสอน","ภาคเหนือ","แม่ฮ่องสอน","2","1","1","0","not_requested"
"804","att_0804_2015120421550710016","2015120421550710016","แม่น้ำสาะวินบ้านท่าตาฝั่ง","ภาคเหนือ","แม่ฮ่องสอน","2","1","1","0","not_requested"
"805","att_0805_2015120421550710016","2015120421550710016","เขตรักษาพันธุ์สัตว์ป่าดอยเวียงหล้า","ภาคเหนือ","แม่ฮ่องสอน","2","1","1","0","not_requested"
"806","att_0806_2015120421550710016","2015120421550710016","อนุสาวรีย์เจ้าหลวงหมื่นด้งนคร","ภาคเหนือ","แพร่","2","1","1","0","not_requested"
"807","att_0807_2015120421550710016","2015120421550710016","วัดศรีดอก","ภาคเหนือ","แพร่","2","1","1","0","not_requested"
"808","att_0808_2015120421550710016","2015120421550710016","วัดศรีชุม","ภาคเหนือ","แพร่","2","1","1","0","not_requested"
"809","att_0809_2015120421550710016","2015120421550710016","วัดรัตนสุนทร","ภาคเหนือ","แพร่","2","1","1","0","not_requested"
"810","att_0810_2015120421550710016","2015120421550710016","วัดพระธาตุถิ่นแถนหลวง","ภาคเหนือ","แพร่","2","1","1","0","not_requested"
"811","att_0811_2015120421550710016","2015120421550710016","วัดพระธาตุไฮสร้อย","ภาคเหนือ","แพร่","2","1","1","0","not_requested"
"812","att_0812_2015120421550710016","2015120421550710016","วัดพระธาตุแหลมลี่","ภาคเหนือ","แพร่","2","1","1","0","not_requested"
"813","att_0813_2015120421550710016","2015120421550710016","วัดพงษ์สุนันท์","ภาคเหนือ","แพร่","2","1","1","0","not_requested"
"814","att_0814_2015120421550710016","2015120421550710016","วัดดงลาน","ภาคเหนือ","แพร่","2","1","1","0","not_requested"
"815","att_0815_2015120421550710016","2015120421550710016","พระธาตุปูตั๊บ","ภาคเหนือ","แพร่","2","1","1","0","not_requested"
"816","att_0816_2015120421550710016","2015120421550710016","พระธาตุเต่าคำ","ภาคเหนือ","แพร่","2","1","1","0","not_requested"
"817","att_0817_2015120421550710016","2015120421550710016","โฮงซึงหลวง","ภาคเหนือ","แพร่","2","1","1","0","not_requested"
"818","att_0818_2015120421550710016","2015120421550710016","อุทยานแห่งชาติเขาค้อ","ภาคเหนือ","เพชรบูรณ์","2","1","1","0","not_requested"
"819","att_0819_2015120421550710016","2015120421550710016","หมู่บ้านท่องเที่ยวชาวดอย (ม้ง) เล่าลือ","ภาคเหนือ","เพชรบูรณ์","2","1","1","0","not_requested"
"820","att_0820_2015120421550710016","2015120421550710016","วัดป่าภูทับเบิก","ภาคเหนือ","เพชรบูรณ์","2","1","1","0","not_requested"
"821","att_0821_2015120421550710016","2015120421550710016","บีบีกัน วัลเลย์","ภาคเหนือ","เพชรบูรณ์","2","1","1","0","not_requested"
"822","att_0822_2015120421550710016","2015120421550710016","ถนนคนเดินไทหล่ม","ภาคเหนือ","เพชรบูรณ์","2","1","1","0","not_requested"
"823","att_0823_2015120421550710016","2015120421550710016","ชุมชนคนรักษ์ป่าหนองแม่นา","ภาคเหนือ","เพชรบูรณ์","2","1","1","0","not_requested"
"824","att_0824_2015120421550710016","2015120421550710016","เขาคลังนอก","ภาคเหนือ","เพชรบูรณ์","2","1","1","0","not_requested"
"825","att_0825_2015120421550710016","2015120421550710016","หมู่บ้านร่องกล้า","ภาคเหนือ","พิษณุโลก","2","1","1","0","not_requested"
"826","att_0826_2015120421550710016","2015120421550710016","ศูนย์ประวัติศาสตร์พระราชวังจันทน์","ภาคเหนือ","พิษณุโลก","2","1","1","0","not_requested"
"827","att_0827_2015120421550710016","2015120421550710016","วัดสุขุมาราม","ภาคเหนือ","พิจิตร","2","1","1","0","not_requested"
"828","att_0828_2015120421550710016","2015120421550710016","วัดศรีศรัทธาราม","ภาคเหนือ","พิจิตร","2","1","1","0","not_requested"
"829","att_0829_2015120421550710016","2015120421550710016","วัดวังกลม","ภาคเหนือ","พิจิตร","2","1","1","0","not_requested"
"830","att_0830_2015120421550710016","2015120421550710016","วัดพระพุทธบาทเขาทราย","ภาคเหนือ","พิจิตร","2","1","1","0","not_requested"
"831","att_0831_2015120421550710016","2015120421550710016","วัดบึงโพธิ์","ภาคเหนือ","พิจิตร","2","1","1","0","not_requested"
"832","att_0832_2015120421550710016","2015120421550710016","วัดบางมูลนาก","ภาคเหนือ","พิจิตร","2","1","1","0","not_requested"
"833","att_0833_2015120421550710016","2015120421550710016","วัดนางชี","ภาคเหนือ","พิจิตร","2","1","1","0","not_requested"
"834","att_0834_2015120421550710016","2015120421550710016","วัดทุ่งน้อย","ภาคเหนือ","พิจิตร","2","1","1","0","not_requested"
"835","att_0835_2015120421550710016","2015120421550710016","วัดท่าบัว","ภาคเหนือ","พิจิตร","2","1","1","0","not_requested"
"836","att_0836_2015120421550710016","2015120421550710016","วัดท่าตำหนัก","ภาคเหนือ","พิจิตร","2","1","1","0","not_requested"
"837","att_0837_2015120421550710016","2015120421550710016","วัดทับทิม","ภาคเหนือ","พิจิตร","2","1","1","0","not_requested"
"838","att_0838_2015120421550710016","2015120421550710016","วัดดงตะขบ","ภาคเหนือ","พิจิตร","2","1","1","0","not_requested"
"839","att_0839_2015120421550710016","2015120421550710016","วัดฆะมัง","ภาคเหนือ","พิจิตร","2","1","1","0","not_requested"
"840","att_0840_2015120421550710016","2015120421550710016","วัดขวาง","ภาคเหนือ","พิจิตร","2","1","1","0","not_requested"
"841","att_0841_2015120421550710016","2015120421550710016","วัดไทรโรงโขน","ภาคเหนือ","พิจิตร","2","1","1","0","not_requested"
"842","att_0842_2015120421550710016","2015120421550710016","วัดใหม่ศรีวิชัย","ภาคเหนือ","พิจิตร","2","1","1","0","not_requested"
"843","att_0843_2015120421550710016","2015120421550710016","วัดใหม่ปลายห้วย","ภาคเหนือ","พิจิตร","2","1","1","0","not_requested"
"844","att_0844_2015120421550710016","2015120421550710016","วัดใหม่คำวัน","ภาคเหนือ","พิจิตร","2","1","1","0","not_requested"
"845","att_0845_2015120421550710016","2015120421550710016","วัดเทพสิทธิการาม","ภาคเหนือ","พิจิตร","2","1","1","0","not_requested"
"846","att_0846_2015120421550710016","2015120421550710016","วัดเกาะแก้ว","ภาคเหนือ","พิจิตร","2","1","1","0","not_requested"
"847","att_0847_2015120421550710016","2015120421550710016","อ่างเก็บน้ำห้วยชมภู-ผาเทวดา","ภาคเหนือ","พะเยา","2","1","1","0","not_requested"
"848","att_0848_2015120421550710016","2015120421550710016","วัดพระธาตุภูขวาง","ภาคเหนือ","พะเยา","2","1","1","0","not_requested"
"849","att_0849_2015120421550710016","2015120421550710016","วัดพระธาตุแสงแก้วมงคล","ภาคเหนือ","พะเยา","2","1","1","0","not_requested"
"850","att_0850_2015120421550710016","2015120421550710016","บ้านแกะนักขนาด","ภาคเหนือ","พะเยา","2","1","1","0","not_requested"
"851","att_0851_2015120421550710016","2015120421550710016","ดอยหนอก","ภาคเหนือ","พะเยา","2","1","1","0","not_requested"
"852","att_0852_2015120421550710016","2015120421550710016","ดอยผาดำ","ภาคเหนือ","พะเยา","2","1","1","0","not_requested"
"853","att_0853_2015120421550710016","2015120421550710016","โบราณสถานบ้านร่องไฮ","ภาคเหนือ","พะเยา","2","1","1","0","not_requested"
"854","att_0854_2015120421550710016","2015120421550710016","โบราณสถานเวียงบัว","ภาคเหนือ","พะเยา","2","1","1","0","not_requested"
"855","att_0855_2015120421550710016","2015120421550710016","เขตรักษาพันธุ์สัตว์ป่าเวียงลอ","ภาคเหนือ","พะเยา","2","1","1","0","not_requested"
"856","att_0856_2015120421550710016","2015120421550710016","อุทยานแห่งชาติขุนสถาน","ภาคเหนือ","น่าน","2","1","1","0","not_requested"
"857","att_0857_2015120421550710016","2015120421550710016","อาคารประวัติศาสตร์อำเภอเวียงสา","ภาคเหนือ","น่าน","2","1","1","0","not_requested"
"858","att_0858_2015120421550710016","2015120421550710016","อนุสรณ์สถานภูพยัคฆ์","ภาคเหนือ","น่าน","2","1","1","0","not_requested"
"859","att_0859_2015120421550710016","2015120421550710016","สถานีพัฒนาการเกษตรที่สูงตามพระราชดำริ บ้านสะจุก-สะเกี้ยง","ภาคเหนือ","น่าน","2","1","1","0","not_requested"
"860","att_0860_2015120421550710016","2015120421550710016","ศูนย์ภูฟ้าพัฒนา","ภาคเหนือ","น่าน","2","1","1","0","not_requested"
"861","att_0861_2015120421550710016","2015120421550710016","วัดหัวข่วง น่าน","ภาคเหนือ","น่าน","2","1","1","0","not_requested"
"862","att_0862_2015120421550710016","2015120421550710016","วัดหัวเวียงใต้","ภาคเหนือ","น่าน","2","1","1","0","not_requested"
"863","att_0863_2015120421550710016","2015120421550710016","วัดหลวง","ภาคเหนือ","น่าน","2","1","1","0","not_requested"
"864","att_0864_2015120421550710016","2015120421550710016","วัดศรีพันต้น","ภาคเหนือ","น่าน","2","1","1","0","not_requested"
"865","att_0865_2015120421550710016","2015120421550710016","วัดร้องแง","ภาคเหนือ","น่าน","2","1","1","0","not_requested"
"866","att_0866_2015120421550710016","2015120421550710016","วัดมหาโพธิ์","ภาคเหนือ","น่าน","2","1","1","0","not_requested"
"867","att_0867_2015120421550710016","2015120421550710016","วัดภูเก็ต","ภาคเหนือ","น่าน","2","1","1","0","not_requested"
"868","att_0868_2015120421550710016","2015120421550710016","วัดพญาภู","ภาคเหนือ","น่าน","2","1","1","0","not_requested"
"869","att_0869_2015120421550710016","2015120421550710016","วัดบุญยืน พระอารามหลวง","ภาคเหนือ","น่าน","2","1","1","0","not_requested"
"870","att_0870_2015120421550710016","2015120421550710016","วัดกู่คำ","ภาคเหนือ","น่าน","2","1","1","0","not_requested"
"871","att_0871_2015120421550710016","2015120421550710016","วัดกลาง","ภาคเหนือ","น่าน","2","1","1","0","not_requested"
"872","att_0872_2015120421550710016","2015120421550710016","วังศิลาแลง","ภาคเหนือ","น่าน","2","1","1","0","not_requested"
"873","att_0873_2015120421550710016","2015120421550710016","พระธาตุจอมนาง","ภาคเหนือ","น่าน","2","1","1","0","not_requested"
"874","att_0874_2015120421550710016","2015120421550710016","พระธาตุจอมทอง","ภาคเหนือ","น่าน","2","1","1","0","not_requested"
"875","att_0875_2015120421550710016","2015120421550710016","บ้านหาดผาขน","ภาคเหนือ","น่าน","2","1","1","0","not_requested"
"876","att_0876_2015120421550710016","2015120421550710016","บ้านสันเจริญ","ภาคเหนือ","น่าน","2","1","1","0","not_requested"
"877","att_0877_2015120421550710016","2015120421550710016","สถานีทดลองหม่อนไหม","ภาคเหนือ","ตาก","2","1","1","0","not_requested"
"878","att_0878_2015120421550710016","2015120421550710016","ศูนย์วิจัย และพัฒนาการเกษตรตาก","ภาคเหนือ","ตาก","2","1","1","0","not_requested"
"879","att_0879_2015120421550710016","2015120421550710016","ศาลสมเด็จพระเจ้าตากสินมหาราช","ภาคเหนือ","ตาก","2","1","1","0","not_requested"
"880","att_0880_2015120421550710016","2015120421550710016","วัดพระธาตุแก่งสร้อย","ภาคเหนือ","ตาก","2","1","1","0","not_requested"
"881","att_0881_2015120421550710016","2015120421550710016","วัดท่าสายโทรเลข","ภาคเหนือ","ตาก","2","1","1","0","not_requested"
"882","att_0882_2015120421550710016","2015120421550710016","วัดไทยสามัคคี","ภาคเหนือ","ตาก","2","1","1","0","not_requested"
"883","att_0883_2015120421550710016","2015120421550710016","วัดแม่ซอดน่าด่าน","ภาคเหนือ","ตาก","2","1","1","0","not_requested"
"884","att_0884_2015120421550710016","2015120421550710016","วัดเขาลาน้ำ","ภาคเหนือ","ตาก","2","1","1","0","not_requested"
"885","att_0885_2015120421550710016","2015120421550710016","วนอุทยานน้ำตกห้วยแม่ไข","ภาคเหนือ","ตาก","2","1","1","0","not_requested"
"886","att_0886_2015120421550710016","2015120421550710016","พิพิธภัณฑ์ศิลปวัฒนธรรมท้องถิ่น","ภาคเหนือ","ตาก","2","1","1","0","not_requested"
"887","att_0887_2015120421550710016","2015120421550710016","พิพิธภัณฑ์เมืองเฉลิมพระเกียรติจังหวัดตาก","ภาคเหนือ","ตาก","2","1","1","0","not_requested"
"888","att_0888_2015120421550710016","2015120421550710016","บ้านปูเต้อ","ภาคเหนือ","ตาก","2","1","1","0","not_requested"
"889","att_0889_2015120421550710016","2015120421550710016","บ่อน้ำร้อนห้วยน้ำนัก","ภาคเหนือ","ตาก","2","1","1","0","not_requested"
"890","att_0890_2015120421550710016","2015120421550710016","น้ำตกห้วยกระทิง","ภาคเหนือ","ตาก","2","1","1","0","not_requested"
"891","att_0891_2015120421550710016","2015120421550710016","น้ำตกมูเซอ","ภาคเหนือ","ตาก","2","1","1","0","not_requested"
"892","att_0892_2015120421550710016","2015120421550710016","น้ำตกท่าเล่","ภาคเหนือ","ตาก","2","1","1","0","not_requested"
"893","att_0893_2015120421550710016","2015120421550710016","น้ำตกแม่ระเมิง","ภาคเหนือ","ตาก","2","1","1","0","not_requested"
"894","att_0894_2015120421550710016","2015120421550710016","น้ำตกแม่กาษา","ภาคเหนือ","ตาก","2","1","1","0","not_requested"
"895","att_0895_2015120421550710016","2015120421550710016","ถ้ำโยคี","ภาคเหนือ","ตาก","2","1","1","0","not_requested"
"896","att_0896_2015120421550710016","2015120421550710016","ตลาดพลอยแม่สอด","ภาคเหนือ","ตาก","2","1","1","0","not_requested"
"897","att_0897_2015120421550710016","2015120421550710016","ตรอกบ้านจีน","ภาคเหนือ","ตาก","2","1","1","0","not_requested"
"898","att_0898_2015120421550710016","2015120421550710016","ดอยม่อนคลุย","ภาคเหนือ","ตาก","2","1","1","0","not_requested"
"899","att_0899_2015120421550710016","2015120421550710016","ดอยทูเล","ภาคเหนือ","ตาก","2","1","1","0","not_requested"
"900","att_0900_2015120421550710016","2015120421550710016","ครกหินแม่สลิด","ภาคเหนือ","ตาก","2","1","1","0","not_requested"
"901","att_0901_2015120421550710016","2015120421550710016","กาดนั่งยองคล้องย่าม","ภาคเหนือ","ตาก","2","1","1","0","not_requested"
"902","att_0902_2015120421550710016","2015120421550710016","อ่างเก็บน้ำห้วยแก้ว","ภาคเหนือ","เชียงใหม่","2","1","1","0","not_requested"
"903","att_0903_2015120421550710016","2015120421550710016","ออบไฮ","ภาคเหนือ","เชียงใหม่","2","1","1","0","not_requested"
"904","att_0904_2015120421550710016","2015120421550710016","หมู่บ้านนอแล","ภาคเหนือ","เชียงใหม่","2","1","1","0","not_requested"
"905","att_0905_2015120421550710016","2015120421550710016","หน่วยจัดการต้นน้ำห้วยจิโน","ภาคเหนือ","เชียงใหม่","2","1","1","0","not_requested"
"906","att_0906_2015120421550710016","2015120421550710016","ไร่บ่าวน้อยสตรอเบอร์รี่","ภาคเหนือ","เชียงราย","2","1","1","0","not_requested"
"907","att_0907_2015120421550710016","2015120421550710016","ไร่ชาวังพุดตาล","ภาคเหนือ","เชียงราย","2","1","1","0","not_requested"
"908","att_0908_2015120421550710016","2015120421550710016","ไร่ชา 101","ภาคเหนือ","เชียงราย","2","1","1","0","not_requested"
"909","att_0909_2015120421550710016","2015120421550710016","ไร่แสงอรุณ","ภาคเหนือ","เชียงราย","2","1","1","0","not_requested"
"910","att_0910_2015120421550710016","2015120421550710016","โฮมสเตย์บ้านกลาง","ภาคเหนือ","เชียงราย","2","1","1","0","not_requested"
"911","att_0911_2015120421550710016","2015120421550710016","โฮมสเตย์บ้านแม่เต๋อ","ภาคเหนือ","เชียงราย","2","1","1","0","not_requested"
"912","att_0912_2015120421550710016","2015120421550710016","โครงการอนุรักษ์เมืองประวัติศาสตร์เชียงแสน","ภาคเหนือ","เชียงราย","2","1","1","0","not_requested"
"913","att_0913_2015120421550710016","2015120421550710016","เชียงราย ชาเล้นจ์","ภาคเหนือ","เชียงราย","2","1","1","0","not_requested"
"914","att_0914_2015120421550710016","2015120421550710016","ศูนย์ส่งเสริมหัตถกรรมเครื่องเงินชาวเขา","ภาคเหนือ","กำแพงเพชร","2","1","1","0","not_requested"
"915","att_0915_2015120421550710016","2015120421550710016","วัดไตรตรึงษาราม","ภาคเหนือ","กำแพงเพชร","2","1","1","0","not_requested"
"916","att_0916_2015120421550710016","2015120421550710016","บ้านโละโค๊ะ","ภาคเหนือ","กำแพงเพชร","2","1","1","0","not_requested"
"917","att_0917_2015120421550710016","2015120421550710016","แหล่งเรียนรู้การทำพระเครื่องนครชุม","ภาคเหนือ","กำแพงเพชร","2","1","1","0","not_requested"
"918","att_0918_2015120421550710016","2015120421550710016","แก่งเกาะใหญ่","ภาคเหนือ","กำแพงเพชร","2","1","1","0","not_requested"
"919","att_0919_2015120421550710016","2015120421550710016","ศูนย์การเรียนรู้วิทยาศาสตร์ เกาะเสือ","ภาคเหนือ","กำแพงเพชร","2","1","1","0","not_requested"
"920","att_0920_2015120421550710016","2015120421550710016","หาดท้องยาง","ภาคใต้","สุราษฎร์ธานี","2","1","1","0","not_requested"
"921","att_0921_2015120421550710016","2015120421550710016","หน้าเมือง จังเกิ้ล ทริป (เกาะสมุย)","ภาคใต้","สุราษฎร์ธานี","2","1","1","0","not_requested"
"922","att_0922_2015120421550710016","2015120421550710016","ศาลเจ้ากวนอูเกาะสมุย","ภาคใต้","สุราษฎร์ธานี","2","1","1","0","not_requested"
"923","att_0923_2015120421550710016","2015120421550710016","ทะเลใน","ภาคใต้","สุราษฎร์ธานี","2","1","1","0","not_requested"
"924","att_0924_2015120421550710016","2015120421550710016","เกาะหินดับ","ภาคใต้","สุราษฎร์ธานี","2","1","1","0","not_requested"
"925","att_0925_2015120421550710016","2015120421550710016","กองพันสัตว์ต่าง (ค่ายตากสิน)","ภาคเหนือ","เชียงใหม่","2","1","1","0","not_requested"
"926","att_0926_2015120421550710016","2015120421550710016","ไอแมค เอทีวี ทัวร์","ภาคเหนือ","เชียงใหม่","2","1","1","0","not_requested"
"927","att_0927_2015120421550710016","2015120421550710016","โฮมสเตย์บ้านผานกกก","ภาคเหนือ","เชียงใหม่","2","1","1","0","not_requested"
"928","att_0928_2015120421550710016","2015120421550710016","โฮมสเตย์บ้านปางแดงใน","ภาคเหนือ","เชียงใหม่","2","1","1","0","not_requested"
"929","att_0929_2015120421550710016","2015120421550710016","โฮมสเตย์บ้านปกาเกอะญอ (เชียงใหม่)","ภาคเหนือ","เชียงใหม่","2","1","1","0","not_requested"
"930","att_0930_2015120421550710016","2015120421550710016","โฮมสเตย์บ้านโปง","ภาคเหนือ","เชียงใหม่","2","1","1","0","not_requested"
"931","att_0931_2015120421550710016","2015120421550710016","โบราณสถานบ้านต้นกอก","ภาคเหนือ","เชียงใหม่","2","1","1","0","not_requested"
"932","att_0932_2015120421550710016","2015120421550710016","โครงการอนุรักษ์พันธุ์กล้วยไม้รองเท้านารีเชียงใหม่","ภาคเหนือ","เชียงใหม่","2","1","1","0","not_requested"
"933","att_0933_2015120421550710016","2015120421550710016","โครงการทิงค์พาร์ค","ภาคเหนือ","เชียงใหม่","2","1","1","0","not_requested"
"934","att_0934_2015120421550710016","2015120421550710016","เวียงปันนา","ภาคเหนือ","เชียงใหม่","2","1","1","0","not_requested"
"935","att_0935_2015120421550710016","2015120421550710016","เขตรักษาพันธุ์สัตว์ป่าอมก๋อย","ภาคเหนือ","เชียงใหม่","2","1","1","0","not_requested"
"936","att_0936_2015120421550710016","2015120421550710016","ฮอม @เจียงฮาย","ภาคเหนือ","เชียงราย","2","1","1","0","not_requested"
"937","att_0937_2015120421550710016","2015120421550710016","อุทยานแห่งชาติลำน้ำกก","ภาคเหนือ","เชียงราย","2","1","1","0","not_requested"
"938","att_0938_2015120421550710016","2015120421550710016","อาข่า ฮิลล์เฮ้าส์ โฮมสเตย์","ภาคเหนือ","เชียงราย","2","1","1","0","not_requested"
"939","att_0939_2015120421550710016","2015120421550710016","อริสา นวดแผนไทย เชียงราย","ภาคเหนือ","เชียงราย","2","1","1","0","not_requested"
"940","att_0940_2015120421550710016","2015120421550710016","หอศิลป์ไตยวน","ภาคเหนือ","เชียงราย","2","1","1","0","not_requested"
"941","att_0941_2015120421550710016","2015120421550710016","หอนาฬิกาเฉลิมพระเกียรติ","ภาคเหนือ","เชียงราย","2","1","1","0","not_requested"
"942","att_0942_2015120421550710016","2015120421550710016","ห้องภาพ 3 มิติ","ภาคเหนือ","เชียงราย","2","1","1","0","not_requested"
"943","att_0943_2015120421550710016","2015120421550710016","หอแห่งแรงบันดาลใจ","ภาคเหนือ","เชียงราย","2","1","1","0","not_requested"
"944","att_0944_2015120421550710016","2015120421550710016","หมู่บ้านป่าชางวิวัฒน์","ภาคเหนือ","เชียงราย","2","1","1","0","not_requested"
"945","att_0945_2015120421550710016","2015120421550710016","สันโค้งถนนคนม่วน","ภาคเหนือ","เชียงราย","2","1","1","0","not_requested"
"946","att_0946_2015120421550710016","2015120421550710016","สะพานมิตรภาพไทย - ลาว 4(เชียงของ - ท้ายทราย)","ภาคเหนือ","เชียงราย","2","1","1","0","not_requested"
"947","att_0947_2015120421550710016","2015120421550710016","สวนตุงและโคมเฉลิมพระเกียรติ 75 พรรษา","ภาคเหนือ","เชียงราย","2","1","1","0","not_requested"
"948","att_0948_2015120421550710016","2015120421550710016","สนามกอล์ฟสันติบุรี","ภาคเหนือ","เชียงราย","2","1","1","0","not_requested"
"949","att_0949_2015120421550710016","2015120421550710016","สวนมอสฮ่อมดอย","ภาคเหนือ","เชียงใหม่","2","1","1","0","not_requested"
"950","att_0950_2015120421550710016","2015120421550710016","สวนภูชิตสตรอเบอร์รี่","ภาคเหนือ","เชียงใหม่","2","1","1","0","not_requested"
"951","att_0951_2015120421550710016","2015120421550710016","พันพรรณ ศูนย์การเรียนรู้เพื่อการพึ่งตนเองและศูนย์เมล็ดพันธ์","ภาคเหนือ","เชียงใหม่","2","1","1","0","not_requested"
"952","att_0952_2015120421550710016","2015120421550710016","สวนอีเดน","ภาคเหนือ","เชียงใหม่","2","1","1","0","not_requested"
"953","att_0953_2015120421550710016","2015120421550710016","สมอลล์ ฟาร์ม เชียงใหม่","ภาคเหนือ","เชียงใหม่","2","1","1","0","not_requested"
"954","att_0954_2015120421550710016","2015120421550710016","สถานีวิจัยโครงการหลวงแม่หลอด","ภาคเหนือ","เชียงใหม่","2","1","1","0","not_requested"
"955","att_0955_2015120421550710016","2015120421550710016","สถานีพัฒนาเกษตรที่สูง ตามพระราชดำริ ดอยม่อนล้าน","ภาคเหนือ","เชียงใหม่","2","1","1","0","not_requested"
"956","att_0956_2015120421550710016","2015120421550710016","สถานแสดงพันธุ์สัตว์น้ำภาคเหนือ","ภาคเหนือ","เชียงใหม่","2","1","1","0","not_requested"
"957","att_0957_2015120421550710016","2015120421550710016","ศูนย์ส่งเสริมเทคโนโลยีการเกษตรด้านแมลงเศรษฐกิจจังหวัดเชียงใหม่","ภาคเหนือ","เชียงใหม่","2","1","1","0","not_requested"
"958","att_0958_2015120421550710016","2015120421550710016","ศูนย์พัฒนาโครงการหลวงหมอกจ๋าม","ภาคเหนือ","เชียงใหม่","2","1","1","0","not_requested"
"959","att_0959_2015120421550710016","2015120421550710016","ศูนย์พัฒนาโครงการหลวงหนองเขียว","ภาคเหนือ","เชียงใหม่","2","1","1","0","not_requested"
"960","att_0960_2015120421550710016","2015120421550710016","ศูนย์พัฒนาโครงการหลวงทุ่งเรา","ภาคเหนือ","เชียงใหม่","2","1","1","0","not_requested"
"961","att_0961_2015120421550710016","2015120421550710016","ศูนย์พัฒนาโครงการหลวงตีนตก","ภาคเหนือ","เชียงใหม่","2","1","1","0","not_requested"
"962","att_0962_2015120421550710016","2015120421550710016","ศูนย์พัฒนาโครงการหลวงแม่โถ","ภาคเหนือ","เชียงใหม่","2","1","1","0","not_requested"
"963","att_0963_2015120421550710016","2015120421550710016","ศูนย์พัฒนาโครงการหลวงแม่แฮ","ภาคเหนือ","เชียงใหม่","2","1","1","0","not_requested"
"964","att_0964_2015120421550710016","2015120421550710016","ศูนย์พัฒนาและวิจัยการเกษตรเชียงใหม่ (ฝาง)","ภาคเหนือ","เชียงใหม่","2","1","1","0","not_requested"
"965","att_0965_2015120421550710016","2015120421550710016","ศูนย์ฝึกลิง","ภาคเหนือ","เชียงใหม่","2","1","1","0","not_requested"
"966","att_0966_2015120421550710016","2015120421550710016","ศูนย์ฝึกช้างเชียงดาว","ภาคเหนือ","เชียงใหม่","2","1","1","0","not_requested"
"967","att_0967_2015120421550710016","2015120421550710016","วิชิต สตูดิโอ","ภาคเหนือ","เชียงใหม่","2","1","1","0","not_requested"
"968","att_0968_2015120421550710016","2015120421550710016","วัดหัวข่วง","ภาคเหนือ","เชียงใหม่","2","1","1","0","not_requested"
"969","att_0969_2015120421550710016","2015120421550710016","วัดสันป่าสักวรอุไรธรรมมาราม","ภาคเหนือ","เชียงใหม่","2","1","1","0","not_requested"
"970","att_0970_2015120421550710016","2015120421550710016","วัดสันคอกช้าง","ภาคเหนือ","เชียงใหม่","2","1","1","0","not_requested"
"971","att_0971_2015120421550710016","2015120421550710016","วัดศรีมงคล","ภาคเหนือ","เชียงใหม่","2","1","1","0","not_requested"
"972","att_0972_2015120421550710016","2015120421550710016","วัดศรีดอนมูล","ภาคเหนือ","เชียงใหม่","2","1","1","0","not_requested"
"973","att_0973_2015120421550710016","2015120421550710016","วัดศรีโสดา","ภาคเหนือ","เชียงใหม่","2","1","1","0","not_requested"
"974","att_0974_2015120421550710016","2015120421550710016","วัดศรีเกิด","ภาคเหนือ","เชียงใหม่","2","1","1","0","not_requested"
"975","att_0975_2015120421550710016","2015120421550710016","วัดพระบาทอุดม","ภาคเหนือ","เชียงใหม่","2","1","1","0","not_requested"
"976","att_0976_2015120421550710016","2015120421550710016","วัดพระธาตุดอยเวียงชัยมงคล","ภาคเหนือ","เชียงใหม่","2","1","1","0","not_requested"
"977","att_0977_2015120421550710016","2015120421550710016","วัดพระธาตุเฉลิมพระเกียรติ","ภาคเหนือ","เชียงใหม่","2","1","1","0","not_requested"
"978","att_0978_2015120421550710016","2015120421550710016","วัดพระธาติจอมกิตติ","ภาคเหนือ","เชียงใหม่","2","1","1","0","not_requested"
"979","att_0979_2015120421550710016","2015120421550710016","วัดป่าห้วยปางเม็งเฉลิมพระเกียรติ","ภาคเหนือ","เชียงใหม่","2","1","1","0","not_requested"
"980","att_0980_2015120421550710016","2015120421550710016","วัดป่างิ้ว","ภาคเหนือ","เชียงใหม่","2","1","1","0","not_requested"
"981","att_0981_2015120421550710016","2015120421550710016","วัดปันเสา","ภาคเหนือ","เชียงใหม่","2","1","1","0","not_requested"
"982","att_0982_2015120421550710016","2015120421550710016","วัดบ้านเด่นสะหลีศรีเมืองแกน","ภาคเหนือ","เชียงใหม่","2","1","1","0","not_requested"
"983","att_0983_2015120421550710016","2015120421550710016","วัดนันทาราม","ภาคเหนือ","เชียงใหม่","2","1","1","0","not_requested"
"984","att_0984_2015120421550710016","2015120421550710016","วัดธาราทิพย์ชัยประดิษฐ์","ภาคเหนือ","เชียงใหม่","2","1","1","0","not_requested"
"985","att_0985_2015120421550710016","2015120421550710016","วัดท่าจำปี","ภาคเหนือ","เชียงใหม่","2","1","1","0","not_requested"
"986","att_0986_2015120421550710016","2015120421550710016","วัดชัยพระเกียรติ","ภาคเหนือ","เชียงใหม่","2","1","1","0","not_requested"
"987","att_0987_2015120421550710016","2015120421550710016","วัดจองแป้น","ภาคเหนือ","เชียงใหม่","2","1","1","0","not_requested"
"988","att_0988_2015120421550710016","2015120421550710016","วัดแม่ตะไคร้","ภาคเหนือ","เชียงใหม่","2","1","1","0","not_requested"
"989","att_0989_2015120421550710016","2015120421550710016","วัดเจดีย์งาม","ภาคเหนือ","เชียงใหม่","2","1","1","0","not_requested"
"990","att_0990_2015120421550710016","2015120421550710016","ร้อยทวารบาล บ้านเทวาลัย","ภาคเหนือ","เชียงใหม่","2","1","1","0","not_requested"
"991","att_0991_2015120421550710016","2015120421550710016","ม่อนล่อง","ภาคเหนือ","เชียงใหม่","2","1","1","0","not_requested"
"992","att_0992_2015120421550710016","2015120421550710016","ภูแสนดาว","ภาคเหนือ","เชียงใหม่","2","1","1","0","not_requested"
"993","att_0993_2015120421550710016","2015120421550710016","พิพิธภัณฑ์บ้านย่ามย้อมฮ่อม","ภาคเหนือ","เชียงใหม่","2","1","1","0","not_requested"
"994","att_0994_2015120421550710016","2015120421550710016","พิพิธภัณฑ์ตราไปรษณียากร เชียงใหม่","ภาคเหนือ","เชียงใหม่","2","1","1","0","not_requested"
"995","att_0995_2015120421550710016","2015120421550710016","พิพิธภัณฑ์เรือนโบราณล้านนา","ภาคเหนือ","เชียงใหม่","2","1","1","0","not_requested"
"996","att_0996_2015120421550710016","2015120421550710016","พระพุทธรูปในโพรงต้นไทร","ภาคเหนือ","เชียงใหม่","2","1","1","0","not_requested"
"997","att_0997_2015120421550710016","2015120421550710016","ผาอกม้า","ภาคเหนือ","เชียงใหม่","2","1","1","0","not_requested"
"998","att_0998_2015120421550710016","2015120421550710016","บ้านหัวทุ่ง","ภาคเหนือ","เชียงใหม่","2","1","1","0","not_requested"
"999","att_0999_2015120421550710016","2015120421550710016","บ้านใหม่สามัคคี","ภาคเหนือ","เชียงใหม่","2","1","1","0","not_requested"
"1000","att_1000_2015120421550710016","2015120421550710016","บ่อน้ำร้อนโป่งอ่าง","ภาคเหนือ","เชียงใหม่","2","1","1","0","not_requested"
"1001","att_1001_2015120421550710016","2015120421550710016","บ่อน้ำพุร้อนดอยสะเก็ด","ภาคเหนือ","เชียงใหม่","2","1","1","0","not_requested"
"1002","att_1002_2015120421550710016","2015120421550710016","น้ำออกฮู","ภาคเหนือ","เชียงใหม่","2","1","1","0","not_requested"
"1003","att_1003_2015120421550710016","2015120421550710016","น้ำตกศรีสังวาลย์","ภาคเหนือ","เชียงใหม่","2","1","1","0","not_requested"
"1004","att_1004_2015120421550710016","2015120421550710016","น้ำตกมณฑาธาร","ภาคเหนือ","เชียงใหม่","2","1","1","0","not_requested"
"1005","att_1005_2015120421550710016","2015120421550710016","น้ำตกโป่งน้ำดัง","ภาคเหนือ","เชียงใหม่","2","1","1","0","not_requested"
"1006","att_1006_2015120421550710016","2015120421550710016","น้ำตกแม่กำปอง","ภาคเหนือ","เชียงใหม่","2","1","1","0","not_requested"
"1007","att_1007_2015120421550710016","2015120421550710016","ธุดงคสถานล้านนาเชียงใหม่","ภาคเหนือ","เชียงใหม่","2","1","1","0","not_requested"
"1008","att_1008_2015120421550710016","2015120421550710016","ทุ่งข้าวสาลี ศูนย์วิจัยข้าวสะเมิง","ภาคเหนือ","เชียงใหม่","2","1","1","0","not_requested"
"1009","att_1009_2015120421550710016","2015120421550710016","ถ้ำตอง","ภาคเหนือ","เชียงใหม่","2","1","1","0","not_requested"
"1010","att_1010_2015120421550710016","2015120421550710016","ชุมชนบ้านผาหมอน","ภาคเหนือ","เชียงใหม่","2","1","1","0","not_requested"
"1011","att_1011_2015120421550710016","2015120421550710016","กุหลาบขาวหิมาลัย","ภาคเหนือ","เชียงใหม่","2","1","1","0","not_requested"
"1012","att_1012_2015120421550710016","2015120421550710016","สนามกอล์ฟแฮปปี้ซิตี้","ภาคเหนือ","เชียงราย","2","1","1","0","not_requested"
"1013","att_1013_2015120421550710016","2015120421550710016","สถานีพัฒนาเกษตรที่สูงตามพระราชดำริบ้านปางขอน","ภาคเหนือ","เชียงราย","2","1","1","0","not_requested"
"1014","att_1014_2015120421550710016","2015120421550710016","สถานีพัฒนาเกษตรที่สูงตามพระราชดำริดอยบ่อ","ภาคเหนือ","เชียงราย","2","1","1","0","not_requested"
"1015","att_1015_2015120421550710016","2015120421550710016","ศูนย์สิ่งทอล้านนา","ภาคเหนือ","เชียงราย","2","1","1","0","not_requested"
"1016","att_1016_2015120421550710016","2015120421550710016","ศูนย์วัฒนธรรมบ้านจะคือ","ภาคเหนือ","เชียงราย","2","1","1","0","not_requested"
"1017","att_1017_2015120421550710016","2015120421550710016","ศูนย์ภาษาและวัฒนธรรมจีนสิรินธร","ภาคเหนือ","เชียงราย","2","1","1","0","not_requested"
"1018","att_1018_2015120421550710016","2015120421550710016","ศูนย์พัฒนาโครงการหลวงห้วยน้ำริน","ภาคเหนือ","เชียงราย","2","1","1","0","not_requested"
"1019","att_1019_2015120421550710016","2015120421550710016","ศูนย์พัฒนาโครงการหลวงห้วยน้ำขุ่น","ภาคเหนือ","เชียงราย","2","1","1","0","not_requested"
"1020","att_1020_2015120421550710016","2015120421550710016","ศูนย์พัฒนาโครงการหลวงสะโง๊ะ","ภาคเหนือ","เชียงราย","2","1","1","0","not_requested"
"1021","att_1021_2015120421550710016","2015120421550710016","ศูนย์พัฒนาโครงการหลวงผาตั้ง","ภาคเหนือ","เชียงราย","2","1","1","0","not_requested"
"1022","att_1022_2015120421550710016","2015120421550710016","ศูนย์พัฒนาและสงเคราะห์ชาวเขา จังหวัดเชียงราย","ภาคเหนือ","เชียงราย","2","1","1","0","not_requested"
"1023","att_1023_2015120421550710016","2015120421550710016","วัดอรัญวิเวกคีรี","ภาคเหนือ","เชียงราย","2","1","1","0","not_requested"
"1024","att_1024_2015120421550710016","2015120421550710016","วัดหัวเวียง","ภาคเหนือ","เชียงราย","2","1","1","0","not_requested"
"1025","att_1025_2015120421550710016","2015120421550710016","วัดห้วยปลากั้ง","ภาคเหนือ","เชียงราย","2","1","1","0","not_requested"
"1026","att_1026_2015120421550710016","2015120421550710016","วัดหมื่นพุทธเมตตาคุณาราม","ภาคเหนือ","เชียงราย","2","1","1","0","not_requested"
"1027","att_1027_2015120421550710016","2015120421550710016","วัดพระธาตุดอยเขาควาย","ภาคเหนือ","เชียงราย","2","1","1","0","not_requested"
"1028","att_1028_2015120421550710016","2015120421550710016","วัดพระธาตุจอมหมอกแก้ว","ภาคเหนือ","เชียงราย","2","1","1","0","not_requested"
"1029","att_1029_2015120421550710016","2015120421550710016","วัดพระธาตุจอมสัก","ภาคเหนือ","เชียงราย","2","1","1","0","not_requested"
"1030","att_1030_2015120421550710016","2015120421550710016","วัดพระธาตุจอมจ้อ","ภาคเหนือ","เชียงราย","2","1","1","0","not_requested"
"1031","att_1031_2015120421550710016","2015120421550710016","วัดป่าดอยพระบาท","ภาคเหนือ","เชียงราย","2","1","1","0","not_requested"
"1032","att_1032_2015120421550710016","2015120421550710016","วัดทรายขาว","ภาคเหนือ","เชียงราย","2","1","1","0","not_requested"
"1033","att_1033_2015120421550710016","2015120421550710016","วัดแสงแก้วโพธิญาญ","ภาคเหนือ","เชียงราย","2","1","1","0","not_requested"
"1034","att_1034_2015120421550710016","2015120421550710016","วัดเชตุพน","ภาคเหนือ","เชียงราย","2","1","1","0","not_requested"
"1035","att_1035_2015120421550710016","2015120421550710016","วัดเชตวัน","ภาคเหนือ","เชียงราย","2","1","1","0","not_requested"
"1036","att_1036_2015120421550710016","2015120421550710016","วอเตอร์ฟอร์ด แวลเลย์ เชียงราย กอล์ฟ คอร์ส","ภาคเหนือ","เชียงราย","2","1","1","0","not_requested"
"1037","att_1037_2015120421550710016","2015120421550710016","วนอุทยานสันผาภูเขาไพร","ภาคเหนือ","เชียงราย","2","1","1","0","not_requested"
"1038","att_1038_2015120421550710016","2015120421550710016","วนอุทยานดอยกาดผี","ภาคเหนือ","เชียงราย","2","1","1","0","not_requested"
"1039","att_1039_2015120421550710016","2015120421550710016","ลาหู่ไทรเบิลโฮมสเตย์","ภาคเหนือ","เชียงราย","2","1","1","0","not_requested"
"1040","att_1040_2015120421550710016","2015120421550710016","ภูหลงถัง","ภาคเหนือ","เชียงราย","2","1","1","0","not_requested"
"1041","att_1041_2015120421550710016","2015120421550710016","ภูผาสวรรค์","ภาคเหนือ","เชียงราย","2","1","1","0","not_requested"
"1042","att_1042_2015120421550710016","2015120421550710016","ภูชมดาว","ภาคเหนือ","เชียงราย","2","1","1","0","not_requested"
"1043","att_1043_2015120421550710016","2015120421550710016","พิพิธภัณฑ์ดินปั้นบ้านจะเล","ภาคเหนือ","เชียงราย","2","1","1","0","not_requested"
"1044","att_1044_2015120421550710016","2015120421550710016","พิพิธภัณฑ์ทหาร บ้านจอมพล ป. พิบูลสงคราม","ภาคเหนือ","เชียงราย","2","1","1","0","not_requested"
"1045","att_1045_2015120421550710016","2015120421550710016","โรงเล่นเรียนรู้","ภาคเหนือ","เชียงราย","2","1","1","0","not_requested"
"1046","att_1046_2015120421550710016","2015120421550710016","พระธาตุปูล้าน","ภาคเหนือ","เชียงราย","2","1","1","0","not_requested"
"1047","att_1047_2015120421550710016","2015120421550710016","บ้านหาดไคร้","ภาคเหนือ","เชียงราย","2","1","1","0","not_requested"
"1048","att_1048_2015120421550710016","2015120421550710016","บ้านชลสุวรรณ","ภาคเหนือ","เชียงราย","2","1","1","0","not_requested"
"1049","att_1049_2015120421550710016","2015120421550710016","บ้านกิ่วสะไต","ภาคเหนือ","เชียงราย","2","1","1","0","not_requested"
"1050","att_1050_2015120421550710016","2015120421550710016","บ้านแสนใจพัฒนา","ภาคเหนือ","เชียงราย","2","1","1","0","not_requested"
"1051","att_1051_2015120421550710016","2015120421550710016","บ่อน้ำพุร้อนทุ่งเทวี","ภาคเหนือ","เชียงราย","2","1","1","0","not_requested"
"1052","att_1052_2015120421550710016","2015120421550710016","น้ำพุร้อนธรรมชาติทวีสิน","ภาคเหนือ","เชียงราย","2","1","1","0","not_requested"
"1053","att_1053_2015120421550710016","2015120421550710016","น้ำพุร้อนโป่งปู่เฟือง","ภาคเหนือ","เชียงราย","2","1","1","0","not_requested"
"1054","att_1054_2015120421550710016","2015120421550710016","น้ำพุร้อนแม่ขะจาน","ภาคเหนือ","เชียงราย","2","1","1","0","not_requested"
"1055","att_1055_2015120421550710016","2015120421550710016","น้ำตกตาดหลวง","ภาคเหนือ","เชียงราย","2","1","1","0","not_requested"
"1056","att_1056_2015120421550710016","2015120421550710016","วัดถ้ำผาคอก (วัดถ้ำพระผางาม)","ภาคเหนือ","เชียงราย","2","1","1","0","not_requested"
"1057","att_1057_2015120421550710016","2015120421550710016","ถ้ำผาตอง","ภาคเหนือ","เชียงราย","2","1","1","0","not_requested"
"1058","att_1058_2015120421550710016","2015120421550710016","ถ้ำเสาหินพญานาค","ภาคเหนือ","เชียงราย","2","1","1","0","not_requested"
"1059","att_1059_2015120421550710016","2015120421550710016","ตลาดดอยเวา","ภาคเหนือ","เชียงราย","2","1","1","0","not_requested"
"1060","att_1060_2015120421550710016","2015120421550710016","ดอยช้าง","ภาคเหนือ","เชียงราย","2","1","1","0","not_requested"
"1061","att_1061_2015120421550710016","2015120421550710016","ชุมชนบ้านจะบูสี","ภาคเหนือ","เชียงราย","2","1","1","0","not_requested"
"1062","att_1062_2015120421550710016","2015120421550710016","ชุมชนบ้านโป่งน้ำร้อน","ภาคเหนือ","เชียงราย","2","1","1","0","not_requested"
"1063","att_1063_2015120421550710016","2015120421550710016","ชีวิตธรรมดา เดย์สปา","ภาคเหนือ","เชียงราย","2","1","1","0","not_requested"
"1064","att_1064_2015120421550710016","2015120421550710016","จุดชมวิวดอยบ่อ ทะเลหมอกยะฟู","ภาคเหนือ","เชียงราย","2","1","1","0","not_requested"
"1065","att_1065_2015120421550710016","2015120421550710016","คุณธรรมสถานพระจี้กง หน่ำพิ้งจี้ยิ้งเกาะ","ภาคเหนือ","เชียงราย","2","1","1","0","not_requested"
"1066","att_1066_2015120421550710016","2015120421550710016","ขัวศิลปะ เชียงราย","ภาคเหนือ","เชียงราย","2","1","1","0","not_requested"
"1067","att_1067_2015120421550710016","2015120421550710016","กลุ่มสตรีทอผ้าศรีดอนชัย","ภาคเหนือ","เชียงราย","2","1","1","0","not_requested"
"1068","att_1068_2015120421550710016","2015120421550710016","น้ำตกโตนกลอย","ภาคใต้","ระนอง","2","1","1","0","not_requested"
"1069","att_1069_2015120421550710016","2015120421550710016","จุดชมวิวทะเลหมอกหาดส้มแป้น","ภาคใต้","ระนอง","2","1","1","0","not_requested"
"1070","att_1070_2015120421550710016","2015120421550710016","ค่ายเจ้าเมืองระนอง","ภาคใต้","ระนอง","2","1","1","0","not_requested"
"1071","att_1071_2015120421550710016","2015120421550710016","เกาะกำนุ้ย","ภาคใต้","ระนอง","2","1","1","0","not_requested"
"1072","att_1072_2015120421550710016","2015120421550710016","เกาะกำใหญ่","ภาคใต้","ระนอง","2","1","1","0","not_requested"
"1073","att_1073_2015120421550710016","2015120421550710016","หอดูดวงจันทร์","ภาคใต้","ยะลา","2","1","1","0","not_requested"
"1074","att_1074_2015120421550710016","2015120421550710016","หมู่บ้านจุฬาภรณ์พัฒนา 10","ภาคใต้","ยะลา","2","1","1","0","not_requested"
"1075","att_1075_2015120421550710016","2015120421550710016","พิพิธภัณฑ์ช้างดึกดำบรรพ์อุทยานธรณีสตูล","ภาคใต้","สตูล","2","1","1","0","not_requested"
"1076","att_1076_2015120421550710016","2015120421550710016","อุทยานธรรมเจดีย์วัดป่าขวาง","ภาคใต้","สงขลา","2","1","1","0","not_requested"
"1077","att_1077_2015120421550710016","2015120421550710016","อุทยานแห่งชาติสันกาลาคีรี","ภาคใต้","สงขลา","2","1","1","0","not_requested"
"1078","att_1078_2015120421550710016","2015120421550710016","หาดใหญ่ไอซ์โดม","ภาคใต้","สงขลา","2","1","1","0","not_requested"
"1079","att_1079_2015120421550710016","2015120421550710016","หาดใหญ่เคเบิลคาร์","ภาคใต้","สงขลา","2","1","1","0","not_requested"
"1080","att_1080_2015120421550710016","2015120421550710016","หน่วยพิทักษ์สัตว์ป่าแหลมควายราบ","ภาคใต้","สงขลา","2","1","1","0","not_requested"
"1081","att_1081_2015120421550710016","2015120421550710016","สวนสองทะเล","ภาคใต้","สงขลา","2","1","1","0","not_requested"
"1082","att_1082_2015120421550710016","2015120421550710016","สวนพฤกษศาสตร์วรรณคดีภาคใต้","ภาคใต้","สงขลา","2","1","1","0","not_requested"
"1083","att_1083_2015120421550710016","2015120421550710016","สวนประวัติศาสตร พลเอกเปรม ติณสูลานนท์","ภาคใต้","สงขลา","2","1","1","0","not_requested"
"1084","att_1084_2015120421550710016","2015120421550710016","สวนเฉลิมพระเกียรติ 72 พรรษามหาราชินี","ภาคใต้","สงขลา","2","1","1","0","not_requested"
"1085","att_1085_2015120421550710016","2015120421550710016","สมิหลาชีพฟาร์ม","ภาคใต้","สงขลา","2","1","1","0","not_requested"
"1086","att_1086_2015120421550710016","2015120421550710016","ศูนย์ปฏิบัติธรรมคณะสงฆ์จังหวัดสงขลา","ภาคใต้","สงขลา","2","1","1","0","not_requested"
"1087","att_1087_2015120421550710016","2015120421550710016","ศูนย์การเรียนรู้วิทยาศาสตร์ดาราศาสตร์นครหาดใหญ่","ภาคใต้","สงขลา","2","1","1","0","not_requested"
"1088","att_1088_2015120421550710016","2015120421550710016","วัดสีหยัง","ภาคใต้","สงขลา","2","1","1","0","not_requested"
"1089","att_1089_2015120421550710016","2015120421550710016","วัดสันติวรคุณ","ภาคใต้","สงขลา","2","1","1","0","not_requested"
"1090","att_1090_2015120421550710016","2015120421550710016","วัดพระเจดีย์งาม","ภาคใต้","สงขลา","2","1","1","0","not_requested"
"1091","att_1091_2015120421550710016","2015120421550710016","วัดป่ากอสุวรรณาราม","ภาคใต้","สงขลา","2","1","1","0","not_requested"
"1092","att_1092_2015120421550710016","2015120421550710016","วัดปักคล้า","ภาคใต้","สงขลา","2","1","1","0","not_requested"
"1093","att_1093_2015120421550710016","2015120421550710016","วัดบางหยี","ภาคใต้","สงขลา","2","1","1","0","not_requested"
"1094","att_1094_2015120421550710016","2015120421550710016","วัดท่าคุระ","ภาคใต้","สงขลา","2","1","1","0","not_requested"
"1095","att_1095_2015120421550710016","2015120421550710016","วัดดีหลวง","ภาคใต้","สงขลา","2","1","1","0","not_requested"
"1096","att_1096_2015120421550710016","2015120421550710016","วัดชัยมงคล","ภาคใต้","สงขลา","2","1","1","0","not_requested"
"1097","att_1097_2015120421550710016","2015120421550710016","วัดคงคาวดี","ภาคใต้","สงขลา","2","1","1","0","not_requested"
"1098","att_1098_2015120421550710016","2015120421550710016","วัดคงคาเลียบ","ภาคใต้","สงขลา","2","1","1","0","not_requested"
"1099","att_1099_2015120421550710016","2015120421550710016","วัดเขาเก้าแสน","ภาคใต้","สงขลา","2","1","1","0","not_requested"
"1100","att_1100_2015120421550710016","2015120421550710016","มหาเจดีย์ไตรภพไตรมงคล","ภาคใต้","สงขลา","2","1","1","0","not_requested"
"1101","att_1101_2015120421550710016","2015120421550710016","เกาะสามเส้า","ภาคใต้","สุราษฎร์ธานี","2","1","1","0","not_requested"
"1102","att_1102_2015120421550710016","2015120421550710016","เกาะวัวตาหลับ","ภาคใต้","สุราษฎร์ธานี","2","1","1","0","not_requested"
"1103","att_1103_2015120421550710016","2015120421550710016","เกาะวัวกันตัง","ภาคใต้","สุราษฎร์ธานี","2","1","1","0","not_requested"
"1104","att_1104_2015120421550710016","2015120421550710016","อุทยานธรรมเขานาในหลวง","ภาคใต้","สุราษฎร์ธานี","2","1","1","0","not_requested"
"1105","att_1105_2015120421550710016","2015120421550710016","สวนสละอาทิตย์","ภาคใต้","สุราษฎร์ธานี","2","1","1","0","not_requested"
"1106","att_1106_2015120421550710016","2015120421550710016","วัดพัฒนาราม","ภาคใต้","สุราษฎร์ธานี","2","1","1","0","not_requested"
"1107","att_1107_2015120421550710016","2015120421550710016","วัดเขาพระอานนท์","ภาคใต้","สุราษฎร์ธานี","2","1","1","0","not_requested"
"1108","att_1108_2015120421550710016","2015120421550710016","พิพิธภัณฑ์ปลาหิน","ภาคใต้","สุราษฎร์ธานี","2","1","1","0","not_requested"
"1109","att_1109_2015120421550710016","2015120421550710016","บ่อน้ำร้อนรัตนโกศัย","ภาคใต้","สุราษฎร์ธานี","2","1","1","0","not_requested"
"1110","att_1110_2015120421550710016","2015120421550710016","ตลาดศาลเจ้าสุราษฎร์ธานี","ภาคใต้","สุราษฎร์ธานี","2","1","1","0","not_requested"
"1111","att_1111_2015120421550710016","2015120421550710016","ชุมชนลีเล็ดนำเที่ยวเพื่อการอนุรักษ์","ภาคใต้","สุราษฎร์ธานี","2","1","1","0","not_requested"
"1112","att_1112_2015120421550710016","2015120421550710016","สวนสาธารณะแหลมโพธิ์","ภาคใต้","สุราษฎร์ธานี","2","1","1","0","not_requested"
"1113","att_1113_2015120421550710016","2015120421550710016","เขตห้ามล่าสัตว์ป่าหนองปลักพระยาและเขาระยาบังสา","ภาคใต้","สตูล","2","1","1","0","not_requested"
"1114","att_1114_2015120421550710016","2015120421550710016","สำนักปฎิบัติธรรมถ้ำพุทธคีรี","ภาคใต้","สตูล","2","1","1","0","not_requested"
"1115","att_1115_2015120421550710016","2015120421550710016","ชุมชนท่องเที่ยวสุไหงตำมะลัง","ภาคใต้","สตูล","2","1","1","0","not_requested"
"1116","att_1116_2015120421550710016","2015120421550710016","พิพิธภัณฑ์ช้างดึกดำบรรพ์ทุ่งหว้า","ภาคใต้","สตูล","2","1","1","0","not_requested"
"1117","att_1117_2015120421550710016","2015120421550710016","บ้านพิพิธภัณฑ์รากไม้","ภาคใต้","สตูล","2","1","1","0","not_requested"
"1118","att_1118_2015120421550710016","2015120421550710016","ชุมชนท่องเที่ยวบ้านทุ่งสะโบ๊ะ","ภาคใต้","สตูล","2","1","1","0","not_requested"
"1119","att_1119_2015120421550710016","2015120421550710016","น้ำตกสายใจ","ภาคใต้","สตูล","2","1","1","0","not_requested"
"1120","att_1120_2015120421550710016","2015120421550710016","น้ำตกดาวกระจาย","ภาคใต้","สตูล","2","1","1","0","not_requested"
"1121","att_1121_2015120421550710016","2015120421550710016","ทะเลแหวกสันหลังมังกร","ภาคใต้","สตูล","2","1","1","0","not_requested"
"1122","att_1122_2015120421550710016","2015120421550710016","ถ้ำโตนดิน","ภาคใต้","สตูล","2","1","1","0","not_requested"
"1123","att_1123_2015120421550710016","2015120421550710016","ถ้ำเลสเตโกดอน","ภาคใต้","สตูล","2","1","1","0","not_requested"
"1124","att_1124_2015120421550710016","2015120421550710016","ตลาดการค้าชายแดนบ้านวังประจัน","ภาคใต้","สตูล","2","1","1","0","not_requested"
"1125","att_1125_2015120421550710016","2015120421550710016","พิพิธภัณฑสถานธรรมชาติวิทยา 50 พรรษาสยามบรมราชกุมารี","ภาคใต้","สงขลา","2","1","1","0","not_requested"
"1126","att_1126_2015120421550710016","2015120421550710016","พิพิธภัณฑ์ภาพวาด 3 มิติ","ภาคใต้","สงขลา","2","1","1","0","not_requested"
"1127","att_1127_2015120421550710016","2015120421550710016","พิพิธภัณฑ์เมืองหาดใหญ่","ภาคใต้","สงขลา","2","1","1","0","not_requested"
"1128","att_1128_2015120421550710016","2015120421550710016","พระพุทธมงคลมหาราช","ภาคใต้","สงขลา","2","1","1","0","not_requested"
"1129","att_1129_2015120421550710016","2015120421550710016","ผาชมดาว","ภาคใต้","สงขลา","2","1","1","0","not_requested"
"1130","att_1130_2015120421550710016","2015120421550710016","บ่อน้ำร้อนเขาแดง","ภาคใต้","สงขลา","2","1","1","0","not_requested"
"1131","att_1131_2015120421550710016","2015120421550710016","น้ำตกโตนลาด","ภาคใต้","สงขลา","2","1","1","0","not_requested"
"1132","att_1132_2015120421550710016","2015120421550710016","น้ำตกโตนปลิว","ภาคใต้","สงขลา","2","1","1","0","not_requested"
"1133","att_1133_2015120421550710016","2015120421550710016","น้ำตกโตนดาดฟ้า","ภาคใต้","สงขลา","2","1","1","0","not_requested"
"1134","att_1134_2015120421550710016","2015120421550710016","ทุ่งทานตะวันสงขลา","ภาคใต้","สงขลา","2","1","1","0","not_requested"
"1135","att_1135_2015120421550710016","2015120421550710016","ทุ่งดอกปอเทืองบ้านรำแดง","ภาคใต้","สงขลา","2","1","1","0","not_requested"
"1136","att_1136_2015120421550710016","2015120421550710016","ท่องเที่ยวเชิงนิเวศน์ตำบลบ้านขาว","ภาคใต้","สงขลา","2","1","1","0","not_requested"
"1137","att_1137_2015120421550710016","2015120421550710016","ถ้ำศรีเกษร","ภาคใต้","สงขลา","2","1","1","0","not_requested"
"1138","att_1138_2015120421550710016","2015120421550710016","ถนนนางงาม","ภาคใต้","สงขลา","2","1","1","0","not_requested"
"1139","att_1139_2015120421550710016","2015120421550710016","ตลาดริมน้ำคลองแดน","ภาคใต้","สงขลา","2","1","1","0","not_requested"
"1140","att_1140_2015120421550710016","2015120421550710016","ตลาดนัดชุมชนบ่อยาง","ภาคใต้","สงขลา","2","1","1","0","not_requested"
"1141","att_1141_2015120421550710016","2015120421550710016","ตลาดนัดไอเดีย","ภาคใต้","สงขลา","2","1","1","0","not_requested"
"1142","att_1142_2015120421550710016","2015120421550710016","ตลาดโก้งโค้ง","ภาคใต้","สงขลา","2","1","1","0","not_requested"
"1143","att_1143_2015120421550710016","2015120421550710016","ด่านศุลกากรสะเดา","ภาคใต้","สงขลา","2","1","1","0","not_requested"
"1144","att_1144_2015120421550710016","2015120421550710016","คลองนาทับ","ภาคใต้","สงขลา","2","1","1","0","not_requested"
"1145","att_1145_2015120421550710016","2015120421550710016","กลุ่มอาชีพผลิตภัณฑ์กะลามะพร้าว","ภาคใต้","สงขลา","2","1","1","0","not_requested"
"1146","att_1146_2015120421550710016","2015120421550710016","กรีนเวย์","ภาคใต้","สงขลา","2","1","1","0","not_requested"
"1147","att_1147_2015120421550710016","2015120421550710016","โบราณสถานถ้ำครก","ภาคใต้","สงขลา","2","1","1","0","not_requested"
"1148","att_1148_2015120421550710016","2015120421550710016","อุทยานวังมัจฉา","ภาคใต้","ระนอง","2","1","1","0","not_requested"
"1149","att_1149_2015120421550710016","2015120421550710016","อาคารพิพิธภัณฑ์เชิงประวัติศาสตร์สงครามโลกครั้งที่ 2","ภาคใต้","ระนอง","2","1","1","0","not_requested"
"1150","att_1150_2015120421550710016","2015120421550710016","อาคารประภาคารเฉลิมพระเกียรติ 80 พรรษา","ภาคใต้","ระนอง","2","1","1","0","not_requested"
"1151","att_1151_2015120421550710016","2015120421550710016","สวนรุกขชาติป่าชายเลนคลองละอุ่น","ภาคใต้","ระนอง","2","1","1","0","not_requested"
"1152","att_1152_2015120421550710016","2015120421550710016","ศาลหลักเมืองระนอง","ภาคใต้","ระนอง","2","1","1","0","not_requested"
"1153","att_1153_2015120421550710016","2015120421550710016","วัดอุปนันทาราม","ภาคใต้","ระนอง","2","1","1","0","not_requested"
"1154","att_1154_2015120421550710016","2015120421550710016","ระนองแคนยอน","ภาคใต้","ระนอง","2","1","1","0","not_requested"
"1155","att_1155_2015120421550710016","2015120421550710016","ฟาร์มปูนิ่ม","ภาคใต้","ระนอง","2","1","1","0","not_requested"
"1156","att_1156_2015120421550710016","2015120421550710016","สวนสาธารณะบ้านร่ม","ภาคใต้","ยะลา","2","1","1","0","not_requested"
"1157","att_1157_2015120421550710016","2015120421550710016","สวนศรีเมือง","ภาคใต้","ยะลา","2","1","1","0","not_requested"
"1158","att_1158_2015120421550710016","2015120421550710016","สวนวันเนอร์","ภาคใต้","ยะลา","2","1","1","0","not_requested"
"1159","att_1159_2015120421550710016","2015120421550710016","สวนมิ่งเมือง","ภาคใต้","ยะลา","2","1","1","0","not_requested"
"1160","att_1160_2015120421550710016","2015120421550710016","วัดโพธิสัตโตเจ้าแม่กวนอิมเบตง","ภาคใต้","ยะลา","2","1","1","0","not_requested"
"1161","att_1161_2015120421550710016","2015120421550710016","มัสยิดกลางอำเภอเบตง","ภาคใต้","ยะลา","2","1","1","0","not_requested"
"1162","att_1162_2015120421550710016","2015120421550710016","พิพิธภัณฑ์เมืองเบตง","ภาคใต้","ยะลา","2","1","1","0","not_requested"
"1163","att_1163_2015120421550710016","2015120421550710016","จุดชมวิวทะเลหมอกอัยเยอร์เวง","ภาคใต้","ยะลา","2","1","1","0","not_requested"
"1164","att_1164_2015120421550710016","2015120421550710016","สำนักศิลปและวัฒนธรรมภูเก็ต","ภาคใต้","ภูเก็ต","2","1","1","0","not_requested"
"1165","att_1165_2015120421550710016","2015120421550710016","หลาดปล่อยของ","ภาคใต้","ภูเก็ต","2","1","1","0","not_requested"
"1166","att_1166_2015120421550710016","2015120421550710016","สวนเฉลิมพระเกียรติ 72 พรรษา มหาราชินี","ภาคใต้","ภูเก็ต","2","1","1","0","not_requested"
"1167","att_1167_2015120421550710016","2015120421550710016","สวนสาธารณะเฉลิมพระเกียรติ (สวนหลวง ร.9)","ภาคใต้","ภูเก็ต","2","1","1","0","not_requested"
"1168","att_1168_2015120421550710016","2015120421550710016","สยามนิรมิตภูเก็ต","ภาคใต้","ภูเก็ต","2","1","1","0","not_requested"
"1169","att_1169_2015120421550710016","2015120421550710016","สนามมวย บางลา ป่าตอง ภูเก็ต","ภาคใต้","ภูเก็ต","2","1","1","0","not_requested"
"1170","att_1170_2015120421550710016","2015120421550710016","ศาลเจ้าฮกหงวนก้ง","ภาคใต้","ภูเก็ต","2","1","1","0","not_requested"
"1171","att_1171_2015120421550710016","2015120421550710016","ศาลเจ้าหลิมฮู้ไท้ซู่","ภาคใต้","ภูเก็ต","2","1","1","0","not_requested"
"1172","att_1172_2015120421550710016","2015120421550710016","ศาลเจ้าซำเซ้จูฮูด","ภาคใต้","ภูเก็ต","2","1","1","0","not_requested"
"1173","att_1173_2015120421550710016","2015120421550710016","ศาลเจ้าเจ่งอ๋อง","ภาคใต้","ภูเก็ต","2","1","1","0","not_requested"
"1174","att_1174_2015120421550710016","2015120421550710016","วัดศรีสุนทร","ภาคใต้","ภูเก็ต","2","1","1","0","not_requested"
"1175","att_1175_2015120421550710016","2015120421550710016","ภูเก็ต สแปลช จังเกิล","ภาคใต้","ภูเก็ต","2","1","1","0","not_requested"
"1176","att_1176_2015120421550710016","2015120421550710016","ภูเก็ต ไซม่อน คาบาเร่ท์","ภาคใต้","ภูเก็ต","2","1","1","0","not_requested"
"1177","att_1177_2015120421550710016","2015120421550710016","บ้านตีลังกา","ภาคใต้","ภูเก็ต","2","1","1","0","not_requested"
"1178","att_1178_2015120421550710016","2015120421550710016","ป่าประเปลี่ยนสี","ภาคใต้","นครศรีธรรมราช","2","1","1","0","not_requested"
"1179","att_1179_2015120421550710016","2015120421550710016","ตลาดริมน้ำเมืองลิกอร์","ภาคใต้","นครศรีธรรมราช","2","1","1","0","not_requested"
"1180","att_1180_2015120421550710016","2015120421550710016","ตลาดร้อยปีปากพนัง","ภาคใต้","นครศรีธรรมราช","2","1","1","0","not_requested"
"1181","att_1181_2015120421550710016","2015120421550710016","ชมรมการท่องเที่ยวโดยชุมชนพรหมโลก","ภาคใต้","นครศรีธรรมราช","2","1","1","0","not_requested"
"1182","att_1182_2015120421550710016","2015120421550710016","จุดชมวิวทะเลหมอกเขาเหลี้ยม","ภาคใต้","นครศรีธรรมราช","2","1","1","0","not_requested"
"1183","att_1183_2015120421550710016","2015120421550710016","จุดชมวิวเขาเหล็ก หรือทะเลหมอกกรุงชิง","ภาคใต้","นครศรีธรรมราช","2","1","1","0","not_requested"
"1184","att_1184_2015120421550710016","2015120421550710016","โบราณสถานตุมปัง","ภาคใต้","นครศรีธรรมราช","2","1","1","0","not_requested"
"1185","att_1185_2015120421550710016","2015120421550710016","แหลมประทับ","ภาคใต้","นครศรีธรรมราช","2","1","1","0","not_requested"
"1186","att_1186_2015120421550710016","2015120421550710016","เขาชุมทอง","ภาคใต้","นครศรีธรรมราช","2","1","1","0","not_requested"
"1187","att_1187_2015120421550710016","2015120421550710016","วัดสำเภาเชย","ภาคใต้","ปัตตานี","2","1","1","0","not_requested"
"1188","att_1188_2015120421550710016","2015120421550710016","วังยะหริ่ง","ภาคใต้","ปัตตานี","2","1","1","0","not_requested"
"1189","att_1189_2015120421550710016","2015120421550710016","วังพิพิธภักดี","ภาคใต้","ปัตตานี","2","1","1","0","not_requested"
"1190","att_1190_2015120421550710016","2015120421550710016","มัสยิดรายาสายบุรี","ภาคใต้","ปัตตานี","2","1","1","0","not_requested"
"1191","att_1191_2015120421550710016","2015120421550710016","มัสยิดนัจมุดดีน","ภาคใต้","ปัตตานี","2","1","1","0","not_requested"
"1192","att_1192_2015120421550710016","2015120421550710016","บ่อน้ำลัยลาตุลกอดัร","ภาคใต้","ปัตตานี","2","1","1","0","not_requested"
"1193","att_1193_2015120421550710016","2015120421550710016","ชุมชนท่องเที่ยวยะหริ่ง","ภาคใต้","ปัตตานี","2","1","1","0","not_requested"
"1194","att_1194_2015120421550710016","2015120421550710016","ชุมชนท่องเที่ยวยะรัง","ภาคใต้","ปัตตานี","2","1","1","0","not_requested"
"1195","att_1195_2015120421550710016","2015120421550710016","ชุมชนท่องเที่ยวบาราโหม","ภาคใต้","ปัตตานี","2","1","1","0","not_requested"
"1196","att_1196_2015120421550710016","2015120421550710016","ชุมชนท่องเที่ยวบางปู","ภาคใต้","ปัตตานี","2","1","1","0","not_requested"
"1197","att_1197_2015120421550710016","2015120421550710016","ชุมชนท่องเที่ยวตุยง","ภาคใต้","ปัตตานี","2","1","1","0","not_requested"
"1198","att_1198_2015120421550710016","2015120421550710016","ชุมชนท่องเที่ยวตันหยงลุโละ","ภาคใต้","ปัตตานี","2","1","1","0","not_requested"
"1199","att_1199_2015120421550710016","2015120421550710016","ชุมชนท่องเที่ยวจะบังติกอ","ภาคใต้","ปัตตานี","2","1","1","0","not_requested"
"1200","att_1200_2015120421550710016","2015120421550710016","ทาร์ซาน แอดเวนเจอร์ ภูเก็ต","ภาคใต้","ภูเก็ต","2","1","1","0","not_requested"
"1201","att_1201_2015120421550710016","2015120421550710016","ถนนคนเดิน หลาดใหญ่ ภูเก็ต","ภาคใต้","ภูเก็ต","2","1","1","0","not_requested"
"1202","att_1202_2015120421550710016","2015120421550710016","หาดไข่เต่า","ภาคใต้","พัทลุง","2","1","1","0","not_requested"
"1203","att_1203_2015120421550710016","2015120421550710016","ถนนเฉลิมพระเกียรติ 80 พรรษา 5 ธันวาคม 2550","ภาคใต้","พัทลุง","2","1","1","0","not_requested"
"1204","att_1204_2015120421550710016","2015120421550710016","สวนสะละลุงถัน","ภาคใต้","พัทลุง","2","1","1","0","not_requested"
"1205","att_1205_2015120421550710016","2015120421550710016","ศูนย์วัฒนธรรมบ้านตะโหมด","ภาคใต้","พัทลุง","2","1","1","0","not_requested"
"1206","att_1206_2015120421550710016","2015120421550710016","วัดรัตนาราม","ภาคใต้","พัทลุง","2","1","1","0","not_requested"
"1207","att_1207_2015120421550710016","2015120421550710016","วัดบ้านสวน","ภาคใต้","พัทลุง","2","1","1","0","not_requested"
"1208","att_1208_2015120421550710016","2015120421550710016","วัดท่าแค","ภาคใต้","พัทลุง","2","1","1","0","not_requested"
"1209","att_1209_2015120421550710016","2015120421550710016","วัดดอนศาลา","ภาคใต้","พัทลุง","2","1","1","0","not_requested"
"1210","att_1210_2015120421550710016","2015120421550710016","วนอุทยานเมืองเก่าชัยบุรี","ภาคใต้","พัทลุง","2","1","1","0","not_requested"
"1211","att_1211_2015120421550710016","2015120421550710016","ผลิตภัณฑ์กะลามะพร้าวบ้านควนขนุน","ภาคใต้","พัทลุง","2","1","1","0","not_requested"
"1212","att_1212_2015120421550710016","2015120421550710016","น้ำตกหนานสูง","ภาคใต้","พัทลุง","2","1","1","0","not_requested"
"1213","att_1213_2015120421550710016","2015120421550710016","น้ำตกโตนหินลาด","ภาคใต้","พัทลุง","2","1","1","0","not_requested"
"1214","att_1214_2015120421550710016","2015120421550710016","ถ้ำรื่นเทพนิมิตร","ภาคใต้","พัทลุง","2","1","1","0","not_requested"
"1215","att_1215_2015120421550710016","2015120421550710016","ถ้ำพุทธโคดม","ภาคใต้","พัทลุง","2","1","1","0","not_requested"
"1216","att_1216_2015120421550710016","2015120421550710016","หาดแสนสุขลำปำ","ภาคใต้","พัทลุง","2","1","1","0","not_requested"
"1217","att_1217_2015120421550710016","2015120421550710016","ควนขี้เสียน พื้นที่ชุ่มน้ำโลก","ภาคใต้","พัทลุง","2","1","1","0","not_requested"
"1218","att_1218_2015120421550710016","2015120421550710016","เจดีย์พิพิธภัณฑ์หลวงปู่เปลื้อง","ภาคใต้","พัทลุง","2","1","1","0","not_requested"
"1219","att_1219_2015120421550710016","2015120421550710016","เจดีย์เขาอกทะลุ","ภาคใต้","พัทลุง","2","1","1","0","not_requested"
"1220","att_1220_2015120421550710016","2015120421550710016","เขตห้ามล่าสัตว์ป่าทะเลหลวง","ภาคใต้","พัทลุง","2","1","1","0","not_requested"
"1221","att_1221_2015120421550710016","2015120421550710016","เขตรักษาพันธุ์สัตว์ป่าเขาบรรทัด","ภาคใต้","พัทลุง","2","1","1","0","not_requested"
"1222","att_1222_2015120421550710016","2015120421550710016","หาดอ่าวเคย","ภาคใต้","พังงา","2","1","1","0","not_requested"
"1223","att_1223_2015120421550710016","2015120421550710016","วัดไตรมาคสถิต","ภาคใต้","พังงา","2","1","1","0","not_requested"
"1224","att_1224_2015120421550710016","2015120421550710016","ภูตาจอ","ภาคใต้","พังงา","2","1","1","0","not_requested"
"1225","att_1225_2015120421550710016","2015120421550710016","บ้านบางพัฒน์","ภาคใต้","พังงา","2","1","1","0","not_requested"
"1226","att_1226_2015120421550710016","2015120421550710016","บ่อน้ำพุร้อนรมณีย์","ภาคใต้","พังงา","2","1","1","0","not_requested"
"1227","att_1227_2015120421550710016","2015120421550710016","น้ำตกโตนปริวรรต","ภาคใต้","พังงา","2","1","1","0","not_requested"
"1228","att_1228_2015120421550710016","2015120421550710016","กลุ่มท่องเที่ยวชุมชนบ้านท่าดินแดง","ภาคใต้","พังงา","2","1","1","0","not_requested"
"1229","att_1229_2015120421550710016","2015120421550710016","ถ้ำพญานาคราช","ภาคใต้","พังงา","2","1","1","0","not_requested"
"1230","att_1230_2015120421550710016","2015120421550710016","กลุ่มท่องเที่ยวชุมชนบ้านทุ่งนางดำ","ภาคใต้","พังงา","2","1","1","0","not_requested"
"1231","att_1231_2015120421550710016","2015120421550710016","วิสาหกิจท่องเที่ยวโดยชุมชนบ้านสามช่องเหนือ","ภาคใต้","พังงา","2","1","1","0","not_requested"
"1232","att_1232_2015120421550710016","2015120421550710016","กลุ่มแม่บ้านเกษตรกร บ้านเขาตำหนอน","ภาคใต้","พังงา","2","1","1","0","not_requested"
"1233","att_1233_2015120421550710016","2015120421550710016","แหลมอ่าวขาม","ภาคใต้","พังงา","2","1","1","0","not_requested"
"1234","att_1234_2015120421550710016","2015120421550710016","เมืองโบราณบ้านทุ่งตึก","ภาคใต้","พังงา","2","1","1","0","not_requested"
"1235","att_1235_2015120421550710016","2015120421550710016","เขาตาปู","ภาคใต้","พังงา","2","1","1","0","not_requested"
"1236","att_1236_2015120421550710016","2015120421550710016","เกาะละวะ","ภาคใต้","พังงา","2","1","1","0","not_requested"
"1237","att_1237_2015120421550710016","2015120421550710016","เกาะผ้า","ภาคใต้","พังงา","2","1","1","0","not_requested"
"1238","att_1238_2015120421550710016","2015120421550710016","เกาะทะลุนอก","ภาคใต้","พังงา","2","1","1","0","not_requested"
"1239","att_1239_2015120421550710016","2015120421550710016","หาดมะรวด","ภาคใต้","ปัตตานี","2","1","1","0","not_requested"
"1240","att_1240_2015120421550710016","2015120421550710016","หอนาฬิกาสามวัฒนธรรม","ภาคใต้","ปัตตานี","2","1","1","0","not_requested"
"1241","att_1241_2015120421550710016","2015120421550710016","สุสานพญาอินทิรา","ภาคใต้","ปัตตานี","2","1","1","0","not_requested"
"1242","att_1242_2015120421550710016","2015120421550710016","สุสานโต๊ะปาไซ","ภาคใต้","ปัตตานี","2","1","1","0","not_requested"
"1243","att_1243_2015120421550710016","2015120421550710016","สุสานเจ้าเมืองสายบุรี","ภาคใต้","ปัตตานี","2","1","1","0","not_requested"
"1244","att_1244_2015120421550710016","2015120421550710016","สวนสมเด็จเจ้าฟ้ากัลยาณิวัฒนา กรมหลวงนราธิวาสราชนครินทร์","ภาคใต้","ปัตตานี","2","1","1","0","not_requested"
"1245","att_1245_2015120421550710016","2015120421550710016","ชุมชนท่องเที่ยวแหลมโพธิ์","ภาคใต้","ปัตตานี","2","1","1","0","not_requested"
"1246","att_1246_2015120421550710016","2015120421550710016","ค่ายมวย ศ. เดชปรีชา","ภาคใต้","ปัตตานี","2","1","1","0","not_requested"
"1247","att_1247_2015120421550710016","2015120421550710016","วิสาหกิจชุมชนการท่องเที่ยวโดยชุมชนบ้านจุฬาภรณ์พัฒนา 12","ภาคใต้","นราธิวาส","2","1","1","0","not_requested"
"1248","att_1248_2015120421550710016","2015120421550710016","สวนสิรินธร","ภาคใต้","นราธิวาส","2","1","1","0","not_requested"
"1249","att_1249_2015120421550710016","2015120421550710016","สวนสาธารณะเฉลิมพระเกียรติ 6 รอบพระชนมพรรษา","ภาคใต้","นราธิวาส","2","1","1","0","not_requested"
"1250","att_1250_2015120421550710016","2015120421550710016","ศาลเจ้าโก้วเล้งจี่","ภาคใต้","นราธิวาส","2","1","1","0","not_requested"
"1251","att_1251_2015120421550710016","2015120421550710016","พิพิธภัณฑ์เมืองนราธิวาส","ภาคใต้","นราธิวาส","2","1","1","0","not_requested"
"1252","att_1252_2015120421550710016","2015120421550710016","พลับพลาที่ประทับริมเขื่อนท่าพระยาสาย","ภาคใต้","นราธิวาส","2","1","1","0","not_requested"
"1253","att_1253_2015120421550710016","2015120421550710016","ตำหนักสุคิริน","ภาคใต้","นราธิวาส","2","1","1","0","not_requested"
"1254","att_1254_2015120421550710016","2015120421550710016","ศูนย์วัฒนธรรมเฉลิมราชย้อนรอยประวัติศาสตร์เมืองยี่งอ","ภาคใต้","นราธิวาส","2","1","1","0","not_requested"
"1255","att_1255_2015120421550710016","2015120421550710016","เขามงคลพิพิธ","ภาคใต้","นราธิวาส","2","1","1","0","not_requested"
"1256","att_1256_2015120421550710016","2015120421550710016","อุทยานบ่อน้ำร้อน","ภาคใต้","นครศรีธรรมราช","2","1","1","0","not_requested"
"1257","att_1257_2015120421550710016","2015120421550710016","อุทยานการเรียนรู้เมืองนครศรีธรรมราช (CLP)","ภาคใต้","นครศรีธรรมราช","2","1","1","0","not_requested"
"1258","att_1258_2015120421550710016","2015120421550710016","จุดชมวิวเขาธง (อากาศที่ดีที่สุดในประเทศไทย)","ภาคใต้","นครศรีธรรมราช","2","1","1","0","not_requested"
"1259","att_1259_2015120421550710016","2015120421550710016","ศูนย์ศึกษาธรรมชาติและสัตว์ป่านครศรีธรรมราช","ภาคใต้","นครศรีธรรมราช","2","1","1","0","not_requested"
"1260","att_1260_2015120421550710016","2015120421550710016","ศูนย์วิปัสนาธรรมโปราโณ","ภาคใต้","นครศรีธรรมราช","2","1","1","0","not_requested"
"1261","att_1261_2015120421550710016","2015120421550710016","วัดถลุงทอง","ภาคใต้","นครศรีธรรมราช","2","1","1","0","not_requested"
"1262","att_1262_2015120421550710016","2015120421550710016","วัดแม่เจ้าอยู่หัว","ภาคใต้","นครศรีธรรมราช","2","1","1","0","not_requested"
"1263","att_1263_2015120421550710016","2015120421550710016","ตลาดผลไม้พ่อตาเขาม่วง","ภาคใต้","ชุมพร","2","1","1","0","not_requested"
"1264","att_1264_2015120421550710016","2015120421550710016","ซากเรือรบโบราณ","ภาคใต้","ชุมพร","2","1","1","0","not_requested"
"1265","att_1265_2015120421550710016","2015120421550710016","ชุมชนบ้านทุ่งมหา","ภาคใต้","ชุมพร","2","1","1","0","not_requested"
"1266","att_1266_2015120421550710016","2015120421550710016","จุดชมวิวเขามัทรี","ภาคใต้","ชุมพร","2","1","1","0","not_requested"
"1267","att_1267_2015120421550710016","2015120421550710016","คลองหัววัง-พนังตัก","ภาคใต้","ชุมพร","2","1","1","0","not_requested"
"1268","att_1268_2015120421550710016","2015120421550710016","กลุ่มวิสาหกิจชุมชน ตำบลบางสน","ภาคใต้","ชุมพร","2","1","1","0","not_requested"
"1269","att_1269_2015120421550710016","2015120421550710016","โครงการพัฒนาส่วนพระองค์จังหวัดชุมพร","ภาคใต้","ชุมพร","2","1","1","0","not_requested"
"1270","att_1270_2015120421550710016","2015120421550710016","โครงกระดูกมนุษย์โบราณ","ภาคใต้","ชุมพร","2","1","1","0","not_requested"
"1271","att_1271_2015120421550710016","2015120421550710016","เขาทุ่ง-น้ำตกคลองปิ","ภาคใต้","ชุมพร","2","1","1","0","not_requested"
"1272","att_1272_2015120421550710016","2015120421550710016","เขตรักษาพันธุ์สัตว์ป่าควนแม่ยายหม่อน","ภาคใต้","ชุมพร","2","1","1","0","not_requested"
"1273","att_1273_2015120421550710016","2015120421550710016","เกาะมัตโพน","ภาคใต้","ชุมพร","2","1","1","0","not_requested"
"1274","att_1274_2015120421550710016","2015120421550710016","เกาะแกลบ","ภาคใต้","ชุมพร","2","1","1","0","not_requested"
"1275","att_1275_2015120421550710016","2015120421550710016","เกาะเวียง","ภาคใต้","ชุมพร","2","1","1","0","not_requested"
"1276","att_1276_2015120421550710016","2015120421550710016","อ่าวมาหยา","ภาคใต้","กระบี่","2","1","1","0","not_requested"
"1277","att_1277_2015120421550710016","2015120421550710016","อ่าวปิเละ","ภาคใต้","กระบี่","2","1","1","0","not_requested"
"1278","att_1278_2015120421550710016","2015120421550710016","อ่าวโล๊ะดาลัม","ภาคใต้","กระบี่","2","1","1","0","not_requested"
"1279","att_1279_2015120421550710016","2015120421550710016","อ่าวทุ่งซาง","ภาคใต้","ชุมพร","2","1","1","0","not_requested"
"1280","att_1280_2015120421550710016","2015120421550710016","อ่าวทุ่งทราย","ภาคใต้","ชุมพร","2","1","1","0","not_requested"
"1281","att_1281_2015120421550710016","2015120421550710016","สุสานหอยล้านปี","ภาคใต้","ชุมพร","2","1","1","0","not_requested"
"1282","att_1282_2015120421550710016","2015120421550710016","ศูนย์ท่องเที่ยวเชิงอนุรักษ์ด้านการเกษตร ศูนย์วิจัยพืชสวนชุมพร","ภาคใต้","ชุมพร","2","1","1","0","not_requested"
"1283","att_1283_2015120421550710016","2015120421550710016","วัดหาดสำราญ","ภาคใต้","ชุมพร","2","1","1","0","not_requested"
"1284","att_1284_2015120421550710016","2015120421550710016","พระธาตุมุจลินทร์","ภาคใต้","ชุมพร","2","1","1","0","not_requested"
"1285","att_1285_2015120421550710016","2015120421550710016","น้ำตกโพธิ์สาลี","ภาคใต้","ชุมพร","2","1","1","0","not_requested"
"1286","att_1286_2015120421550710016","2015120421550710016","น้ำตกแก่งโครม","ภาคใต้","ชุมพร","2","1","1","0","not_requested"
"1287","att_1287_2015120421550710016","2015120421550710016","น้ำตกเหวตาจันทร์-น้ำตกเหวพลูหนัง","ภาคใต้","ชุมพร","2","1","1","0","not_requested"
"1288","att_1288_2015120421550710016","2015120421550710016","ทุ่งเอื้องโมกพรุ","ภาคใต้","ชุมพร","2","1","1","0","not_requested"
"1289","att_1289_2015120421550710016","2015120421550710016","อ่าวโล๊ะซามะ","ภาคใต้","กระบี่","2","1","1","0","not_requested"
"1290","att_1290_2015120421550710016","2015120421550710016","หาดพระแอะ","ภาคใต้","กระบี่","2","1","1","0","not_requested"
"1291","att_1291_2015120421550710016","2015120421550710016","หาดคลองจาก","ภาคใต้","กระบี่","2","1","1","0","not_requested"
"1292","att_1292_2015120421550710016","2015120421550710016","สวนเจ้าฟ้า","ภาคใต้","กระบี่","2","1","1","0","not_requested"
"1293","att_1293_2015120421550710016","2015120421550710016","ศูนย์การเรียนรู้วัฒนธรรมอันดามัน","ภาคใต้","กระบี่","2","1","1","0","not_requested"
"1294","att_1294_2015120421550710016","2015120421550710016","ชุมชนท่องเที่ยวอ่าวลึกน้อย","ภาคใต้","กระบี่","2","1","1","0","not_requested"
"1295","att_1295_2015120421550710016","2015120421550710016","วัดมหาธาตุวชิรมงคล (วัดบางโทง)","ภาคใต้","กระบี่","2","1","1","0","not_requested"
"1296","att_1296_2015120421550710016","2015120421550710016","ผาค้อม","ภาคใต้","กระบี่","2","1","1","0","not_requested"
"1297","att_1297_2015120421550710016","2015120421550710016","ป่าทุ่งเตียว","ภาคใต้","กระบี่","2","1","1","0","not_requested"
"1298","att_1298_2015120421550710016","2015120421550710016","น้ำพุร้อนกระบี่(บางผึ้ง)","ภาคใต้","กระบี่","2","1","1","0","not_requested"
"1299","att_1299_2015120421550710016","2015120421550710016","น้ำผุดปรบมือ","ภาคใต้","กระบี่","2","1","1","0","not_requested"
"1300","att_1300_2015120421550710016","2015120421550710016","ทะเลแหวก","ภาคใต้","กระบี่","2","1","1","0","not_requested"
"1301","att_1301_2015120421550710016","2015120421550710016","ถ้ำผีหัวโต(ถ้ำหัวกะโหลก)","ภาคใต้","กระบี่","2","1","1","0","not_requested"
"1302","att_1302_2015120421550710016","2015120421550710016","ถ้ำปราสาทนาฬาคีริง","ภาคใต้","กระบี่","2","1","1","0","not_requested"
"1303","att_1303_2015120421550710016","2015120421550710016","ถ้ำชาวเล","ภาคใต้","กระบี่","2","1","1","0","not_requested"
"1304","att_1304_2015120421550710016","2015120421550710016","ถ้ำเสือน้อย","ภาคใต้","กระบี่","2","1","1","0","not_requested"
"1305","att_1305_2015120421550710016","2015120421550710016","ถ้ำเขาไม้แก้ว","ภาคใต้","กระบี่","2","1","1","0","not_requested"
"1306","att_1306_2015120421550710016","2015120421550710016","ถนนคนเดินหลาดใน","ภาคใต้","กระบี่","2","1","1","0","not_requested"
"1307","att_1307_2015120421550710016","2015120421550710016","ณัฐฐาวารี น้ำพุร้อน รีสอร์ท แอนด์ สปา","ภาคใต้","กระบี่","2","1","1","0","not_requested"
"1308","att_1308_2015120421550710016","2015120421550710016","ชุมชนศรีรายา (ชุมชนเมืองเก่าเกาะลันตา)","ภาคใต้","กระบี่","2","1","1","0","not_requested"
"1309","att_1309_2015120421550710016","2015120421550710016","แหลมตง","ภาคใต้","กระบี่","2","1","1","0","not_requested"
"1310","att_1310_2015120421550710016","2015120421550710016","แหลมไฟไหม้","ภาคใต้","กระบี่","2","1","1","0","not_requested"
"1311","att_1311_2015120421550710016","2015120421550710016","เขาหงอนนาค","ภาคใต้","กระบี่","2","1","1","0","not_requested"
"1312","att_1312_2015120421550710016","2015120421550710016","เกาะศรีบอยา","ภาคใต้","กระบี่","2","1","1","0","not_requested"
"1313","att_1313_2015120421550710016","2015120421550710016","เกาะปิดะในและเกาะปิดะนอก","ภาคใต้","กระบี่","2","1","1","0","not_requested"
"1314","att_1314_2015120216010710016","2015120216010710016","สวนน้ำช้างสีชมพู","ภาคใต้","สุราษฎร์ธานี","2","1","1","0","not_requested"
"1315","att_1315_2015120113433609984","2015120113433609984","ศาลเสด็จเตี่ยกรมหลวงชุมพร เขตอุดมศักดิ์ฯ จ.สุราษฎร์ธานี","ภาคใต้","สุราษฎร์ธานี","2","1","1","0","not_requested"
"1316","att_1316_2015120113264110080","2015120113264110080","วัดโพธาวาส","ภาคใต้","สุราษฎร์ธานี","2","1","1","0","not_requested"
"1317","att_1317_2015120111205210112","2015120111205210112","พระโพธิสัตว์เจ้าแม่กวนอิม","ภาคใต้","สุราษฎร์ธานี","2","1","1","0","not_requested"
"1318","att_1318_2015120111120209920","2015120111120209920","ศาลหลักเมือง","ภาคใต้","สุราษฎร์ธานี","2","1","1","0","not_requested"
"1319","att_1319_2015120110483709952","2015120110483709952","หาดนางกำ","ภาคใต้","สุราษฎร์ธานี","2","1","1","0","not_requested"
"1320","att_1320_2015120110351109888","2015120110351109888","ชุมชนบ้านเกาะแรต","ภาคใต้","สุราษฎร์ธานี","2","1","1","0","not_requested"
"1321","att_1321_2015120110264509952","2015120110264509952","สะพานแขวนภูเขารูปหัวใจเขาพังและสวนทุเรียน 100 ปี","ภาคใต้","สุราษฎร์ธานี","2","1","1","0","not_requested"
"1322","att_1322_2015120110190109952","2015120110190109952","หินพัด (ชุมชนท่องเที่ยวบ้านยวนสาว)","ภาคใต้","สุราษฎร์ธานี","2","1","1","0","not_requested"
"1323","att_1323_2015120109514210048","2015120109514210048","วัดถ้ำสิงขร","ภาคใต้","สุราษฎร์ธานี","2","1","1","0","not_requested"
"1324","att_1324_2015120109370810112","2015120109370810112","กลุ่มการท่องเที่ยวเชิงอนุรักษ์ชุมชนบ้านถ้ำผึ้ง","ภาคใต้","สุราษฎร์ธานี","2","1","1","0","not_requested"
"1325","att_1325_2015101311483010048","2015101311483010048","ไจแอนท์ ซัมมิท สมุย","ภาคใต้","สุราษฎร์ธานี","2","1","1","0","not_requested"
"1326","att_1326_2015101015241009920","2015101015241009920","เดอะ จังเกิ้ล คลับ","ภาคใต้","สุราษฎร์ธานี","2","1","1","0","not_requested"
"1327","att_1327_2015100809382609920","2015100809382609920","จุดชมวิวลาดเกาะ","ภาคใต้","สุราษฎร์ธานี","2","1","1","0","not_requested"
"1328","att_1328_2015070910115209984","2015070910115209984","ศาลเจ้าแม่กอเหนี่ยว ฉื่อเซี่ยงตึ๊ง","ภาคใต้","ยะลา","2","1","1","0","not_requested"
"1329","att_1329_2015061513462609920","2015061513462609920","ศูนย์การเรียนรู้บ้านพระพิมพ์","ภาคเหนือ","สุโขทัย","2","1","1","0","not_requested"
"1330","att_1330_2015061513294810112","2015061513294810112","บ้านปลาบู่ทอง","ภาคเหนือ","สุโขทัย","2","1","1","0","not_requested"
"1331","att_1331_2015061513162710016","2015061513162710016","วัดวาลุการาม","ภาคเหนือ","สุโขทัย","2","1","1","0","not_requested"
"1332","att_1332_2015061511105710080","2015061511105710080","ชุมชนท่องเที่ยวโอท็อปนวัตวิถีกงไกรลาศ","ภาคเหนือ","สุโขทัย","2","1","1","0","not_requested"
"1333","att_1333_2015061511020709888","2015061511020709888","วัดกงไกรลาศ","ภาคเหนือ","สุโขทัย","2","1","1","0","not_requested"
"1334","att_1334_2015061510502810112","2015061510502810112","ร้านแม่ติ๋ม แง้มประตูขาย","ภาคเหนือ","สุโขทัย","2","1","1","0","not_requested"
"1335","att_1335_2015061510392910080","2015061510392910080","วิสาหกิจชุมชนกลุ่มโฮมสเตย์บ้านนาต้นจั่น","ภาคเหนือ","สุโขทัย","2","1","1","0","not_requested"
"1336","att_1336_2015061510252910080","2015061510252910080","โครงการเกษตรอินทรีย์สนามบินสุโขทัย","ภาคเหนือ","สุโขทัย","2","1","1","0","not_requested"
"1337","att_1337_2015061509432910080","2015061509432910080","ทุ่งทะเลหลวง","ภาคเหนือ","สุโขทัย","2","1","1","0","not_requested"
"1338","att_1338_2015051813361609984","2015051813361609984","บ่อน้ำพุร้อนทุ่งนุ้ย","ภาคใต้","สตูล","2","1","1","0","not_requested"
"1339","att_1339_2015042915175310080","2015042915175310080","พิพิธภัณฑ์บ้านดำ","ภาคเหนือ","เชียงราย","2","1","1","0","not_requested"
"1340","att_1340_2015031712215209984","2015031712215209984","กลุ่มสตรีทอผ้าบ้านท่ากระจาย","ภาคใต้","สุราษฎร์ธานี","2","1","1","0","not_requested"
"1341","att_1341_2015031115370210048","2015031115370210048","ฟิชเชอร์แมนวิลเลจ หาดบ่อผุด","ภาคใต้","สุราษฎร์ธานี","2","1","1","0","not_requested"
"1342","att_1342_2015031111035109888","2015031111035109888","ฟาร์มจระเข้โภคธารา","ภาคเหนือ","เชียงราย","2","1","1","0","not_requested"
"1343","att_1343_2015030213322309888","2015030213322309888","เมืองโบราณสถานเวียงท่ากาน","ภาคเหนือ","เชียงใหม่","2","1","1","0","not_requested"
"1344","att_1344_2015020315452410112","2015020315452410112","ฮิโนกิแลนด์","ภาคเหนือ","เชียงใหม่","2","1","1","0","not_requested"
"1345","att_1345_2015013014593210112","2015013014593210112","พิพิธภัณฑ์เซรามิคธนบดี","ภาคเหนือ","ลำปาง","2","1","1","0","not_requested"
"1346","att_1346_2014121214052910080","2014121214052910080","ศูนย์การเรียนรู้ชาติพันธุ์ภาคเหนือ","ภาคเหนือ","เชียงใหม่","2","1","1","0","not_requested"
"1347","att_1347_2014091616113710080","2014091616113710080","บุญสมฟาร์ม สไปรูลิน่า","ภาคเหนือ","เชียงใหม่","2","1","1","0","not_requested"
"1348","att_1348_2014082513491209984","2014082513491209984","บ้านไร่กองขิง ท่องเที่ยวชุมชนเชิงสุขภาพ","ภาคเหนือ","เชียงใหม่","2","1","1","0","not_requested"
"1349","att_1349_2014082212021809920","2014082212021809920","ไร่ชาฉุยฟง","ภาคเหนือ","เชียงราย","2","1","1","0","not_requested"
"1350","att_1350_2014072112114710016","2014072112114710016","เดอะ โคโค่ ลำปาง","ภาคเหนือ","ลำปาง","2","1","1","0","not_requested"
"1351","att_1351_2014072111562109952","2014072111562109952","ฟาร์มแกะฮักยู","ภาคเหนือ","ลำปาง","2","1","1","0","not_requested"
"1352","att_1352_2014052210452610048","2014052210452610048","อาร์ตอินพาราไดซ์ เชียงใหม่","ภาคเหนือ","เชียงใหม่","2","1","1","0","not_requested"
"1353","att_1353_2014051510571510016","2014051510571510016","พิพิธภัณฑ์ท้องถิ่นขุนละหาร","ภาคใต้","นราธิวาส","2","1","1","0","not_requested"
"1354","att_1354_2014042809592910080","2014042809592910080","มายด์ฟูลฟาร์ม","ภาคเหนือ","เชียงใหม่","2","1","1","0","not_requested"
"1355","att_1355_2013102910324610048","2013102910324610048","ศูนย์โอท็อปเชียงใหม่ ณ ข่วงสันกำแพง","ภาคเหนือ","เชียงใหม่","2","1","1","0","not_requested"
"1356","att_1356_2013102809112310016","2013102809112310016","เกาะตะละเบ็ง","ภาคใต้","กระบี่","2","1","1","0","not_requested"
"1357","att_1357_2013092415284310016","2013092415284310016","สวนนกภูเก็ต","ภาคใต้","ภูเก็ต","2","1","1","0","not_requested"
"1358","att_1358_2013062612415310080","2013062612415310080","วัดแก้วโกรวาราม","ภาคใต้","กระบี่","2","1","1","0","not_requested"
"1359","att_1359_2013062611021910016","2013062611021910016","ศาลเจ้าเฉ้งจุ้ยจ้อซูก๋ง","ภาคใต้","กระบี่","2","1","1","0","not_requested"
"1360","att_1360_2013061311022510080","2013061311022510080","กลุ่มท่องเที่ยวเกษตรเชิงอนุรักษ์ตำบลไม้ขาว","ภาคใต้","ภูเก็ต","2","1","1","0","not_requested"
"1361","att_1361_2013061310393009920","2013061310393009920","ท่องเที่ยวเกษตรเชิงอนุรักษ์ตำบลกมลา","ภาคใต้","ภูเก็ต","2","1","1","0","not_requested"
"1362","att_1362_2013061116095909888","2013061116095909888","ท่องเที่ยวเชิงเกษตรและอนุรักษ์ตำบลเชิงทะเล","ภาคใต้","ภูเก็ต","2","1","1","0","not_requested"
"1363","att_1363_2013061114495510016","2013061114495510016","เครือข่ายวิสาหกิจชุมชนตำบลราไวย์","ภาคใต้","ภูเก็ต","2","1","1","0","not_requested"
"1364","att_1364_2013061114382309888","2013061114382309888","ท่องเที่ยวเกษตรเชิงอนุรักษ์ตำบลป่าคลอก","ภาคใต้","ภูเก็ต","2","1","1","0","not_requested"
"1365","att_1365_2013052112302510080","2013052112302510080","เกาะยาว","ภาคใต้","นราธิวาส","2","1","1","0","not_requested"
"1366","att_1366_2013052111435510016","2013052111435510016","หมู่บ้านยะกัง","ภาคใต้","นราธิวาส","2","1","1","0","not_requested"
"1367","att_1367_2013052014150609920","2013052014150609920","ศาลเจ้าแม่กวนอิม","ภาคใต้","นราธิวาส","2","1","1","0","not_requested"
"1368","att_1368_2013050710595010048","2013050710595010048","วิหารองค์พ่อจตุคามรามเทพ","ภาคใต้","นราธิวาส","2","1","1","0","not_requested"
"1369","att_1369_2013042911013609984","2013042911013609984","ศูนย์เรียนรู้ชุมชนบ้านนาบัว","ภาคเหนือ","พิษณุโลก","2","1","1","0","not_requested"
"1370","att_1370_2013042211455010048","2013042211455010048","วัดท่าฬ่อ","ภาคเหนือ","พิจิตร","2","1","1","0","not_requested"
"1371","att_1371_2013032615452009984","2013032615452009984","เชียงใหม่ ซู อควาเรียม","ภาคเหนือ","เชียงใหม่","2","1","1","0","not_requested"
"1372","att_1372_2013031510071109888","2013031510071109888","อุโมงค์ขุนตาล","ภาคเหนือ","ลำพูน","2","1","1","0","not_requested"
"1373","att_1373_2013031111401710080","2013031111401710080","ย่านเก่าวังกรด(ตลาดวังกรด)","ภาคเหนือ","พิจิตร","2","1","1","0","not_requested"
"1374","att_1374_2013030512224809984","2013030512224809984","สถานีเพาะเลี้ยงสัตว์ป่าแม่ลาว","ภาคเหนือ","เชียงราย","2","1","1","0","not_requested"
"1375","att_1375_2013030510292209920","2013030510292209920","สิงห์ปาร์ค เชียงราย","ภาคเหนือ","เชียงราย","2","1","1","0","not_requested"
"1376","att_1376_2013030410373410048","2013030410373410048","ศาลเจ้าพ่อ-เจ้าแม่วังกลม","ภาคเหนือ","พิจิตร","2","1","1","0","not_requested"
"1377","att_1377_2013021211331209984","2013021211331209984","สวนเมจิกการ์เด้น","ภาคใต้","สุราษฎร์ธานี","2","1","1","0","not_requested"
"1378","att_1378_2013021211003010048","2013021211003010048","ฟาร์มจระเข้สมุย","ภาคใต้","สุราษฎร์ธานี","2","1","1","0","not_requested"
"1379","att_1379_2013013117193309952","2013013117193309952","วัดเขาหัวจุก","ภาคใต้","สุราษฎร์ธานี","2","1","1","0","not_requested"
"1380","att_1380_2013013116331510016","2013013116331510016","พาราไดส์ ปาร์ค ฟาร์ม","ภาคใต้","สุราษฎร์ธานี","2","1","1","0","not_requested"
"1381","att_1381_2013013110300110080","2013013110300110080","เกาะยูง","ภาคใต้","กระบี่","2","1","1","0","not_requested"
"1382","att_1382_2013010910530609920","2013010910530609920","อุทยานแห่งชาติถ้ำสะเกิน","ภาคเหนือ","น่าน","2","1","1","0","not_requested"
"1383","att_1383_2012112811321210112","2012112811321210112","ผาพญางู","ภาคใต้","ปัตตานี","2","1","1","0","not_requested"
"1384","att_1384_2012112214214409984","2012112214214409984","เลดี้ ฟาร์ม","ภาคเหนือ","พิษณุโลก","2","1","1","0","not_requested"
"1385","att_1385_2012112209584809984","2012112209584809984","ภูเก็ต อันดามัน แคมป์","ภาคใต้","ภูเก็ต","2","1","1","0","not_requested"
"1386","att_1386_2012112113504110080","2012112113504110080","เนินพิศวง","ภาคใต้","นราธิวาส","2","1","1","0","not_requested"
"1387","att_1387_2012111914300809984","2012111914300809984","เทวสถานพระพิฆเนศ นราธิวาส","ภาคใต้","นราธิวาส","2","1","1","0","not_requested"
"1388","att_1388_2012111409390210048","2012111409390210048","ทุ่งดอกนางพญาเสือโคร่งที่ภูลมโล","ภาคเหนือ","พิษณุโลก","2","1","1","0","not_requested"
"1389","att_1389_2012111316482710016","2012111316482710016","ทุ่งโนนสน","ภาคเหนือ","พิษณุโลก","2","1","1","0","not_requested"
"1390","att_1390_2012111314461710080","2012111314461710080","หอศิลป์ริมน่าน","ภาคเหนือ","น่าน","2","1","1","0","not_requested"
"1391","att_1391_2012111314333809920","2012111314333809920","ด่านชายแดนห้วยโก๋น จุดผ่านแดนถาวรบ้านห้วยโก๋น","ภาคเหนือ","น่าน","2","1","1","0","not_requested"
"1392","att_1392_2012111313480410112","2012111313480410112","ต้นชมพูภูคา","ภาคเหนือ","น่าน","2","1","1","0","not_requested"
"1393","att_1393_2012110915233509888","2012110915233509888","น้ำตกวังเคียงคู่","ภาคใต้","พังงา","2","1","1","0","not_requested"
"1394","att_1394_2012110717492310016","2012110717492310016","จุดชมวิวเขาพลึง","ภาคเหนือ","อุตรดิตถ์","2","1","1","0","not_requested"
"1395","att_1395_2012110715432410112","2012110715432410112","พิพิธภัณฑ์ท้องถิ่นโกมล ผ้าโบราณ","ภาคเหนือ","แพร่","2","1","1","0","not_requested"
"1396","att_1396_2012110710552410112","2012110710552410112","ถนนท่าช้าง","ภาคใต้","นครศรีธรรมราช","2","1","1","0","not_requested"
"1397","att_1397_2012110615342309888","2012110615342309888","น้ำตกสุนันทา","ภาคใต้","นครศรีธรรมราช","2","1","1","0","not_requested"
"1398","att_1398_2012110615074109952","2012110615074109952","เขารามโรม","ภาคใต้","นครศรีธรรมราช","2","1","1","0","not_requested"
"1399","att_1399_2012110614300310016","2012110614300310016","วัดเจดีย์(ไอ้ไข่)","ภาคใต้","นครศรีธรรมราช","2","1","1","0","not_requested"
"1400","att_1400_2012110614051310080","2012110614051310080","คอนโดนกนางแอ่น","ภาคใต้","นครศรีธรรมราช","2","1","1","0","not_requested"
"1401","att_1401_2012110613492709888","2012110613492709888","วัดธาตุน้อย","ภาคใต้","นครศรีธรรมราช","2","1","1","0","not_requested"
"1402","att_1402_2012110610361910016","2012110610361910016","บ้านท่านขุนรัฐวุฒิวิจารณ์","ภาคใต้","นครศรีธรรมราช","2","1","1","0","not_requested"
"1403","att_1403_2012110212013309952","2012110212013309952","สนามกอล์ฟเขาทรายคันทรี่คลับ","ภาคเหนือ","พิจิตร","2","1","1","0","not_requested"
"1404","att_1404_2012110211085410048","2012110211085410048","ถ้ำคลัง","ภาคใต้","กระบี่","2","1","1","0","not_requested"
"1405","att_1405_2012110210503310080","2012110210503310080","ทรี ท็อป อีโค แอดเวนเจอร์ ปาร์ค กระบี่","ภาคใต้","กระบี่","2","1","1","0","not_requested"
"1406","att_1406_2012110116451409920","2012110116451409920","บ้านทุ่งหยีเพ็ง","ภาคใต้","กระบี่","2","1","1","0","not_requested"
"1407","att_1407_2012110116050710016","2012110116050710016","เกาะพีพีเล","ภาคใต้","กระบี่","2","1","1","0","not_requested"
"1408","att_1408_2012110115585609984","2012110115585609984","เกาะพีพีดอน","ภาคใต้","กระบี่","2","1","1","0","not_requested"
"1409","att_1409_2012110114443909888","2012110114443909888","ศูนย์การเรียนรู้เศรษฐกิจพอเพียงบ้านเขากลม","ภาคใต้","กระบี่","2","1","1","0","not_requested"
"1410","att_1410_2012110113331810048","2012110113331810048","ถนนคนเดินกระบี่","ภาคใต้","กระบี่","2","1","1","0","not_requested"
"1411","att_1411_2012110112144709888","2012110112144709888","แหลมโตนด","ภาคใต้","กระบี่","2","1","1","0","not_requested"
"1412","att_1412_2012110111552209920","2012110111552209920","หินม่วง หินแดง","ภาคใต้","กระบี่","2","1","1","0","not_requested"
"1413","att_1413_2012110111413210112","2012110111413210112","เกาะจำ เกาะปู","ภาคใต้","กระบี่","2","1","1","0","not_requested"
"1414","att_1414_2012110111305609984","2012110111305609984","อ่าวไร่เลย์","ภาคใต้","กระบี่","2","1","1","0","not_requested"
"1415","att_1415_2012110110340709888","2012110110340709888","เกาะปอดะ","ภาคใต้","กระบี่","2","1","1","0","not_requested"
"1416","att_1416_2012110110035709952","2012110110035709952","บ้านร่าหมาด - ขุนสมุทร","ภาคใต้","กระบี่","2","1","1","0","not_requested"
"1417","att_1417_2012103110293410048","2012103110293410048","ชุมชนบ้านเกาะกลาง","ภาคใต้","กระบี่","2","1","1","0","not_requested"
"1418","att_1418_2012103109343409920","2012103109343409920","หอศิลป์ร่วมสมัยจังหวัดกระบี่","ภาคใต้","กระบี่","2","1","1","0","not_requested"
"1419","att_1419_2012103015554010112","2012103015554010112","หาดบากันเตียง","ภาคใต้","กระบี่","2","1","1","0","not_requested"
"1420","att_1420_2012103015331409920","2012103015331409920","อ่าวไม้ไผ่","ภาคใต้","กระบี่","2","1","1","0","not_requested"
"1421","att_1421_2012103015112209920","2012103015112209920","หาดคลองโขง","ภาคใต้","กระบี่","2","1","1","0","not_requested"
"1422","att_1422_2012103014521509888","2012103014521509888","หาดคลองนิน","ภาคใต้","กระบี่","2","1","1","0","not_requested"
"1423","att_1423_2012103014350810112","2012103014350810112","หาดคลองดาว","ภาคใต้","กระบี่","2","1","1","0","not_requested"
"1424","att_1424_2012103014225110016","2012103014225110016","หาดคอกวาง","ภาคใต้","กระบี่","2","1","1","0","not_requested"
"1425","att_1425_2012102609562510080","2012102609562510080","หอฝิ่น","ภาคเหนือ","เชียงราย","2","1","1","0","not_requested"
"1426","att_1426_2012101822434510080","2012101822434510080","จังเกิ้ล ไฟล์ท","ภาคเหนือ","เชียงใหม่","2","1","1","0","not_requested"
"1427","att_1427_2012101723471109888","2012101723471109888","ไฟล์ท ออฟ เดอะ กิบบอน","ภาคเหนือ","เชียงใหม่","2","1","1","0","not_requested"
"1428","att_1428_2012101723210609920","2012101723210609920","ปางช้างแตงดาว","ภาคเหนือ","เชียงใหม่","2","1","1","0","not_requested"
"1429","att_1429_2012101722550810112","2012101722550810112","ม่อนแจ่ม","ภาคเหนือ","เชียงใหม่","2","1","1","0","not_requested"
"1430","att_1430_2012101620472709888","2012101620472709888","ปางช้างแม่ตะมาน","ภาคเหนือ","เชียงใหม่","2","1","1","0","not_requested"
"1431","att_1431_2012101620313110016","2012101620313110016","ปางช้างแม่สา","ภาคเหนือ","เชียงใหม่","2","1","1","0","not_requested"
"1432","att_1432_2012101509565210112","2012101509565210112","อุทยานประวัติศาสตร์สุโขทัย","ภาคเหนือ","สุโขทัย","2","1","1","0","not_requested"
"1433","att_1433_2012101210031510016","2012101210031510016","โรงหล่อพระบูรณะไทย","ภาคเหนือ","พิษณุโลก","2","1","1","0","not_requested"
"1434","att_1434_2012090710311010048","2012090710311010048","บ่อน้ำร้อนผาเสริฐ","ภาคเหนือ","เชียงราย","2","1","1","0","not_requested"
"1435","att_1435_2012081511353609984","2012081511353609984","ชาดอยช้าง","ภาคเหนือ","เชียงราย","2","1","1","0","not_requested"
"1436","att_1436_2012081510163510016","2012081510163510016","อุทยานการเรียนรู้","ภาคเหนือ","พะเยา","2","1","1","0","not_requested"
"1437","att_1437_2012081210354210048","2012081210354210048","ศูนย์วิปัสสนาสากลไร่เชิญตะวัน","ภาคเหนือ","เชียงราย","2","1","1","0","not_requested"
"1438","att_1438_2012080912121609984","2012080912121609984","หาดทรายร้อน อ่าวลึก","ภาคใต้","กระบี่","2","1","1","0","not_requested"
"1439","att_1439_2012080911074609920","2012080911074609920","ศูนย์วิจัยและพัฒนาประมงชายฝั่งกระบี่","ภาคใต้","กระบี่","2","1","1","0","not_requested"
"1440","att_1440_2012080910390810112","2012080910390810112","ท่าปอมคลองสองน้ำ","ภาคใต้","กระบี่","2","1","1","0","not_requested"
"1441","att_1441_2012070310581009920","2012070310581009920","หาดเสด็จ","ภาคใต้","นราธิวาส","2","1","1","0","not_requested"
"1442","att_1442_2012062811482010112","2012062811482010112","วัดเก่าเจริญธรรม","ภาคใต้","พังงา","2","1","1","0","not_requested"
"1443","att_1443_2012062809533509888","2012062809533509888","เกาะตาชัย","ภาคใต้","พังงา","2","1","1","0","not_requested"
"1444","att_1444_2012062709262010112","2012062709262010112","สะพานสารสิน","ภาคใต้","ภูเก็ต","2","1","1","0","not_requested"
"1445","att_1445_2012062609174210048","2012062609174210048","วัดราชธรรมาราม (วัดศิลางู)","ภาคใต้","สุราษฎร์ธานี","2","1","1","0","not_requested"
"1446","att_1446_2012062609085410048","2012062609085410048","ศาลเจ้าไหหลำ","ภาคใต้","สุราษฎร์ธานี","2","1","1","0","not_requested"
"1447","att_1447_2012062608464809984","2012062608464809984","วัดสำเร็จ","ภาคใต้","สุราษฎร์ธานี","2","1","1","0","not_requested"
"1448","att_1448_2012062516331510016","2012062516331510016","ฟาร์มงูพังกา","ภาคใต้","สุราษฎร์ธานี","2","1","1","0","not_requested"
"1449","att_1449_2012062516193509888","2012062516193509888","เกาะแตน","ภาคใต้","สุราษฎร์ธานี","2","1","1","0","not_requested"
"1450","att_1450_2012062516081210112","2012062516081210112","น้ำตกลาดวานร","ภาคใต้","สุราษฎร์ธานี","2","1","1","0","not_requested"
"1451","att_1451_2012062509574510080","2012062509574510080","อุทยานแห่งชาติหมู่เกาะอ่างทอง","ภาคใต้","สุราษฎร์ธานี","2","1","1","0","not_requested"
"1452","att_1452_2012062509073410048","2012062509073410048","วัดคุณาราม","ภาคใต้","สุราษฎร์ธานี","2","1","1","0","not_requested"
"1453","att_1453_2012062312521009920","2012062312521009920","พุทธอุทยานเพชบุระ","ภาคเหนือ","เพชรบูรณ์","2","1","1","0","not_requested"
"1454","att_1454_2012062214514309888","2012062214514309888","หาดละไม","ภาคใต้","สุราษฎร์ธานี","2","1","1","0","not_requested"
"1455","att_1455_2012062213534609920","2012062213534609920","หาดเฉวง","ภาคใต้","สุราษฎร์ธานี","2","1","1","0","not_requested"
"1456","att_1456_2012062211152910080","2012062211152910080","วัดพระใหญ่ เกาะฟาน","ภาคใต้","สุราษฎร์ธานี","2","1","1","0","not_requested"
"1457","att_1457_2012062209275909888","2012062209275909888","น้ำตกหินลาด","ภาคใต้","สุราษฎร์ธานี","2","1","1","0","not_requested"
"1458","att_1458_2012062116354909952","2012062116354909952","น้ำตกหน้าเมือง 2","ภาคใต้","สุราษฎร์ธานี","2","1","1","0","not_requested"
"1459","att_1459_2012062116313110016","2012062116313110016","น้ำตกหน้าเมือง 1","ภาคใต้","สุราษฎร์ธานี","2","1","1","0","not_requested"
"1460","att_1460_2012062115483409920","2012062115483409920","หินตาหินยาย","ภาคใต้","สุราษฎร์ธานี","2","1","1","0","not_requested"
"1461","att_1461_2012032811480910080","2012032811480910080","ศููนย์จำหน่ายผลิตภัณฑ์ชุมชนจังหวัดน่าน","ภาคเหนือ","น่าน","2","1","1","0","not_requested"
"1462","att_1462_2012032811143209984","2012032811143209984","วัดน้ำล้อม","ภาคเหนือ","น่าน","2","1","1","0","not_requested"
"1463","att_1463_2012032214483409920","2012032214483409920","น่านรำลึก สตูดิโออาร์ต","ภาคเหนือ","น่าน","2","1","1","0","not_requested"
"1464","att_1464_2012032214255810048","2012032214255810048","บ้านภู่กันศิลป์","ภาคเหนือ","น่าน","2","1","1","0","not_requested"
"1465","att_1465_2012032214095010048","2012032214095010048","ห้องสมุดบ้านๆน่านๆ","ภาคเหนือ","น่าน","2","1","1","0","not_requested"
"1466","att_1466_2012032213164209920","2012032213164209920","หอศิลป์พิงพฤกษ์","ภาคเหนือ","น่าน","2","1","1","0","not_requested"
"1467","att_1467_2012021511130710016","2012021511130710016","เฮือนรถถีบ","ภาคเหนือ","น่าน","2","1","1","0","not_requested"
"1468","att_1468_2012012615084910080","2012012615084910080","พิพิธภัณฑ์เมืองพิษณุโลก","ภาคเหนือ","พิษณุโลก","2","1","1","0","not_requested"
"1469","att_1469_2012011810220509952","2012011810220509952","วัดศรีรัตนาราม","ภาคเหนือ","พิษณุโลก","2","1","1","0","not_requested"
"1470","att_1470_2012011809450409984","2012011809450409984","วัดเสนาสน์","ภาคเหนือ","พิษณุโลก","2","1","1","0","not_requested"
"1471","att_1471_2012011611285609984","2012011611285609984","น้ำตกทีลอซู","ภาคเหนือ","ตาก","2","1","1","0","not_requested"
"1472","att_1472_2011122809441210112","2011122809441210112","สวนพฤกษชาติภูเก็ต","ภาคใต้","ภูเก็ต","2","1","1","0","not_requested"
"1473","att_1473_2011101110400009984","2011101110400009984","แอฟโฟรไดท์ คาบาเร่ทโชว์","ภาคใต้","ภูเก็ต","2","1","1","0","not_requested"
"1474","att_1474_2011100411194510080","2011100411194510080","อุโมงค์เบตงมงคลฤทธิ์","ภาคใต้","ยะลา","2","1","1","0","not_requested"
"1475","att_1475_2011092910435510016","2011092910435510016","ศูนย์กสิกรรมธรรมชาติเพลิน","ภาคใต้","ชุมพร","2","1","1","0","not_requested"
"1476","att_1476_2011081717180110080","2011081717180110080","วัดพระมหาธาตุวรมหาวิหาร","ภาคใต้","นครศรีธรรมราช","2","1","1","0","not_requested"
"1477","att_1477_2011080811224910080","2011080811224910080","หมู่บ้านคีรีวง","ภาคใต้","นครศรีธรรมราช","2","1","1","0","not_requested"
"1478","att_1478_2011053115170109952","2011053115170109952","วัดราชธานี","ภาคเหนือ","สุโขทัย","2","1","1","0","not_requested"
"1479","att_1479_2011052615033309952","2011052615033309952","เขื่อนแควน้อยบำรุงแดน","ภาคเหนือ","พิษณุโลก","2","1","1","0","not_requested"
"1480","att_1480_2011052614430210048","2011052614430210048","วัดพระศรีรัตนมหาธาตุวรมหาวิหาร(วัดใหญ่)","ภาคเหนือ","พิษณุโลก","2","1","1","0","not_requested"
"1481","att_1481_2011050410450510080","2011050410450510080","ถ้ำเมืองออน","ภาคเหนือ","เชียงใหม่","2","1","1","0","not_requested"
"1482","att_1482_2011050410433410048","2011050410433410048","ถ้ำพระเจดีย์","ภาคเหนือ","ลำปาง","2","1","1","0","not_requested"
"1483","att_1483_2011050410414909952","2011050410414909952","ถ้ำน้ำผ่าผางาม","ภาคเหนือ","ลำปาง","2","1","1","0","not_requested"
"1484","att_1484_2011050410394609920","2011050410394609920","น้ำตกแม่วะ","ภาคเหนือ","ลำปาง","2","1","1","0","not_requested"
"1485","att_1485_2011050410374010112","2011050410374010112","ผาข้าง","ภาคเหนือ","ลำปาง","2","1","1","0","not_requested"
"1486","att_1486_2011050410343409920","2011050410343409920","น้ำตกตาดปู่หล้า","ภาคเหนือ","ลำปาง","2","1","1","0","not_requested"
"1487","att_1487_2011050410325210112","2011050410325210112","น้ำตกแม่งาช้าง","ภาคเหนือ","ลำปาง","2","1","1","0","not_requested"
"1488","att_1488_2011050410321809920","2011050410321809920","วัดพระธาตุดอยเกิ้ง","ภาคเหนือ","เชียงใหม่","2","1","1","0","not_requested"
"1489","att_1489_2011050410305410048","2011050410305410048","ผากาน","ภาคเหนือ","ลำปาง","2","1","1","0","not_requested"
"1490","att_1490_2011050410304910080","2011050410304910080","ทะเลสาบดอยเต่า","ภาคเหนือ","เชียงใหม่","2","1","1","0","not_requested"
"1491","att_1491_2011050410274409984","2011050410274409984","น้ำตกแม่แก้","ภาคเหนือ","ลำปาง","2","1","1","0","not_requested"
"1492","att_1492_2011050410255610112","2011050410255610112","สวนป่าแม่แจ่ม","ภาคเหนือ","เชียงใหม่","2","1","1","0","not_requested"
"1493","att_1493_2011050410255409920","2011050410255409920","ภาพเขียนประวัติศาสตร์บ้านห้วยหก","ภาคเหนือ","ลำปาง","2","1","1","0","not_requested"
"1494","att_1494_2011050410240209920","2011050410240209920","วัดกองแขก","ภาคเหนือ","เชียงใหม่","2","1","1","0","not_requested"
"1495","att_1495_2011050410225210112","2011050410225210112","วัดยางหลวง","ภาคเหนือ","เชียงใหม่","2","1","1","0","not_requested"
"1496","att_1496_2011050410221609984","2011050410221609984","น้ำตกแม่แจ้ฟ้า","ภาคเหนือ","ลำปาง","2","1","1","0","not_requested"
"1497","att_1497_2011050410212209920","2011050410212209920","วัดกองกาน","ภาคเหนือ","เชียงใหม่","2","1","1","0","not_requested"
"1498","att_1498_2011050410200110080","2011050410200110080","วัดพุทธเอ้น","ภาคเหนือ","เชียงใหม่","2","1","1","0","not_requested"
"1499","att_1499_2011050410194210048","2011050410194210048","ถ้ำโจร","ภาคเหนือ","ลำปาง","2","1","1","0","not_requested"
"1500","att_1500_2011050410174810112","2011050410174810112","ถ้ำผาไท","ภาคเหนือ","ลำปาง","2","1","1","0","not_requested"
"1501","att_1501_2011050410135709952","2011050410135709952","ยอดดอยอินทนนท์","ภาคเหนือ","เชียงใหม่","2","1","1","0","not_requested"
"1502","att_1502_2011050410115109888","2011050410115109888","ถ้ำผางาม","ภาคเหนือ","ลำปาง","2","1","1","0","not_requested"
"1503","att_1503_2011050410092509952","2011050410092509952","น้ำตกแม่ขุน","ภาคเหนือ","ลำปาง","2","1","1","0","not_requested"
"1504","att_1504_2011050410081009920","2011050410081009920","วัดพระธาตุดอยน้อย","ภาคเหนือ","เชียงใหม่","2","1","1","0","not_requested"
"1505","att_1505_2011050410073710080","2011050410073710080","น้ำตกแม่มอญ","ภาคเหนือ","ลำปาง","2","1","1","0","not_requested"
"1506","att_1506_2011050409524209920","2011050409524209920","วัดอินทราวาส (วัดต้นเกว๋น)","ภาคเหนือ","เชียงใหม่","2","1","1","0","not_requested"
"1507","att_1507_2011050409510309888","2011050409510309888","บ้าน 100 อัน 1,000 อย่าง","ภาคเหนือ","เชียงใหม่","2","1","1","0","not_requested"
"1508","att_1508_2011050409461210112","2011050409461210112","หมู่บ้านเครื่องปั้นดินเผาเหมืองกุง","ภาคเหนือ","เชียงใหม่","2","1","1","0","not_requested"
"1509","att_1509_2011050316275310080","2011050316275310080","บ่อน้ำร้อนแจ้ซ้อน","ภาคเหนือ","ลำปาง","2","1","1","0","not_requested"
"1510","att_1510_2011050316192410112","2011050316192410112","ศูนย์วิจัยเกษตรหลวงเชียงใหม่","ภาคเหนือ","เชียงใหม่","2","1","1","0","not_requested"
"1511","att_1511_2011050316043709952","2011050316043709952","ม่อนอังเกตุ","ภาคเหนือ","เชียงใหม่","2","1","1","0","not_requested"
"1512","att_1512_2011050315464709888","2011050315464709888","โป่งเดือด ป่าแป๋","ภาคเหนือ","เชียงใหม่","2","1","1","0","not_requested"
"1513","att_1513_2011050315213009920","2011050315213009920","วัดโลกโมฬี","ภาคเหนือ","เชียงใหม่","2","1","1","0","not_requested"
"1514","att_1514_2011050315182010112","2011050315182010112","วัดช่างฆ้อง","ภาคเหนือ","เชียงใหม่","2","1","1","0","not_requested"
"1515","att_1515_2011050315161910016","2011050315161910016","วัดบุพพาราม","ภาคเหนือ","เชียงใหม่","2","1","1","0","not_requested"
"1516","att_1516_2011050315043109888","2011050315043109888","อุทยานแห่งชาติแม่วงก์ นครสวรรค์","ภาคเหนือ","นครสวรรค์","2","1","1","0","not_requested"
"1517","att_1517_2011042813502210048","2011042813502210048","ถ้ำลอด","ภาคเหนือ","แม่ฮ่องสอน","2","1","1","0","not_requested"
"1518","att_1518_2011042813412910080","2011042813412910080","ชุมชนจ่าโบ่","ภาคเหนือ","แม่ฮ่องสอน","2","1","1","0","not_requested"
"1519","att_1519_2011042714035010048","2011042714035010048","เขตอนุรักษ์สัตว์ป่าถ้ำเขาพลู","ภาคใต้","ชุมพร","2","1","1","0","not_requested"
"1520","att_1520_2011042713230909952","2011042713230909952","วนอุทยานน้ำตกกะเปาะ","ภาคใต้","ชุมพร","2","1","1","0","not_requested"
"1521","att_1521_2011042712005110016","2011042712005110016","ศูนย์ศึกษาธรรมชาติอุทยานแห่งชาติทางทะเลจังหวัดชุมพร","ภาคใต้","ชุมพร","2","1","1","0","not_requested"
"1522","att_1522_2011042711002710016","2011042711002710016","หน่วยอนุรักษ์และจัดการต้นน้ำพะโต๊ะ","ภาคใต้","ชุมพร","2","1","1","0","not_requested"
"1523","att_1523_2011042710153809920","2011042710153809920","โฮมสเตย์ หมู่บ้านคลองเรือ","ภาคใต้","ชุมพร","2","1","1","0","not_requested"
"1524","att_1524_2011042615422909952","2011042615422909952","อุทยานแห่งชาติหมู่เกาะชุมพร","ภาคใต้","ชุมพร","2","1","1","0","not_requested"
"1525","att_1525_2011042614311810048","2011042614311810048","พิพิธภัณฑสถานแห่งชาติชุมพร","ภาคใต้","ชุมพร","2","1","1","0","not_requested"
"1526","att_1526_2011042613331310080","2011042613331310080","โครงการพัฒนาพื้นที่หนองใหญ่ตามพระราชดำริ จังหวัดชุมพร","ภาคใต้","ชุมพร","2","1","1","0","not_requested"
"1527","att_1527_2011042114184509952","2011042114184509952","เวียงกุมกาม","ภาคเหนือ","เชียงใหม่","2","1","1","0","not_requested"
"1528","att_1528_2011042114012410112","2011042114012410112","ตลาดวโรรส","ภาคเหนือ","เชียงใหม่","2","1","1","0","not_requested"
"1529","att_1529_2011040811553110016","2011040811553110016","น้ำตกวังใต้หนาน","ภาคใต้","สตูล","2","1","1","0","not_requested"
"1530","att_1530_2011040810195109888","2011040810195109888","ถ้ำภูผาเพชร","ภาคใต้","สตูล","2","1","1","0","not_requested"
"1531","att_1531_2011040615351510016","2011040615351510016","น้ำพุร้อนสันกำแพง","ภาคเหนือ","เชียงใหม่","2","1","1","0","not_requested"
"1532","att_1532_2011040615305509888","2011040615305509888","วัดป่าตึง","ภาคเหนือ","เชียงใหม่","2","1","1","0","not_requested"
"1533","att_1533_2011040615292410112","2011040615292410112","ป่าดงปงไหว","ภาคเหนือ","เชียงใหม่","2","1","1","0","not_requested"
"1534","att_1534_2011040615270210048","2011040615270210048","บ้านจ๊างนัก","ภาคเหนือ","เชียงใหม่","2","1","1","0","not_requested"
"1535","att_1535_2011040615242510080","2011040615242510080","วัดดอยแม่ปั๋ง","ภาคเหนือ","เชียงใหม่","2","1","1","0","not_requested"
"1536","att_1536_2011040615010510080","2011040615010510080","หมู่บ้านท่องเที่ยวเชิงอนุรักษ์ แม่กำปอง","ภาคเหนือ","เชียงใหม่","2","1","1","0","not_requested"
"1537","att_1537_2011040614570609920","2011040614570609920","ช้างไถนา","ภาคเหนือ","เชียงใหม่","2","1","1","0","not_requested"
"1538","att_1538_2011040614530609920","2011040614530609920","วัดพระพุทธบาทตะเมาะ","ภาคเหนือ","เชียงใหม่","2","1","1","0","not_requested"
"1539","att_1539_2011040614504110080","2011040614504110080","ศูนย์ศึกษาการพัฒนาห้วยฮ่องไคร้ อันเนื่องมาจากพระราชดำริ","ภาคเหนือ","เชียงใหม่","2","1","1","0","not_requested"
"1540","att_1540_2011040614500809984","2011040614500809984","สถานีทดลองปลูกพรรณไม้บ่อแก้ว","ภาคเหนือ","เชียงใหม่","2","1","1","0","not_requested"
"1541","att_1541_2011040614475010048","2011040614475010048","วัดพระธาตุดอยสะเก็ด","ภาคเหนือ","เชียงใหม่","2","1","1","0","not_requested"
"1542","att_1542_2011040614455209984","2011040614455209984","วัดโมคคัลลาน","ภาคเหนือ","เชียงใหม่","2","1","1","0","not_requested"
"1543","att_1543_2011040614450210048","2011040614450210048","หนองบัวพระเจ้าหลวง","ภาคเหนือ","เชียงใหม่","2","1","1","0","not_requested"
"1544","att_1544_2011040614432610048","2011040614432610048","เขื่อนแม่กวงอุดมธารา","ภาคเหนือ","เชียงใหม่","2","1","1","0","not_requested"
"1545","att_1545_2011040614430309888","2011040614430309888","พระมหาธาตุนภเมทนีดล และพระมหาธาตุนภพลภูมิสิริ","ภาคเหนือ","เชียงใหม่","2","1","1","0","not_requested"
"1546","att_1546_2011040614412410112","2011040614412410112","ชุมชนท่องเที่ยวเชิงนิเวศน์บ้านโปง","ภาคเหนือ","เชียงใหม่","2","1","1","0","not_requested"
"1547","att_1547_2011040614375409920","2011040614375409920","ไร่ช้างขาว","ภาคเหนือ","เชียงใหม่","2","1","1","0","not_requested"
"1548","att_1548_2011040614360709888","2011040614360709888","ถ้ำโบราณ","ภาคเหนือ","เชียงใหม่","2","1","1","0","not_requested"
"1549","att_1549_2011040614331209984","2011040614331209984","วัดฟ้าเวียงอินทร์","ภาคเหนือ","เชียงใหม่","2","1","1","0","not_requested"
"1550","att_1550_2011040614311810048","2011040614311810048","บ้านเปียงหลวง","ภาคเหนือ","เชียงใหม่","2","1","1","0","not_requested"
"1551","att_1551_2011040614290810112","2011040614290810112","พระสถูปเจดีย์สมเด็จพระนเรศวรมหาราชานุสรณ์","ภาคเหนือ","เชียงใหม่","2","1","1","0","not_requested"
"1552","att_1552_2011040614270909952","2011040614270909952","พระบรมธาตุแสนไห","ภาคเหนือ","เชียงใหม่","2","1","1","0","not_requested"
"1553","att_1553_2011040614235109888","2011040614235109888","วัดแม่อายหลวง","ภาคเหนือ","เชียงใหม่","2","1","1","0","not_requested"
"1554","att_1554_2011040614221910016","2011040614221910016","น้ำตกตาดหมอก-ตาดเหมย","ภาคเหนือ","เชียงใหม่","2","1","1","0","not_requested"
"1555","att_1555_2011040614204610048","2011040614204610048","วัดท่าตอน","ภาคเหนือ","เชียงใหม่","2","1","1","0","not_requested"
"1556","att_1556_2011040614154510080","2011040614154510080","พิพิธภัณฑ์โรงงานหลวงที่ 1 (ฝาง)","ภาคเหนือ","เชียงใหม่","2","1","1","0","not_requested"
"1557","att_1557_2011040614130510080","2011040614130510080","ถ้ำห้วยบอน","ภาคเหนือ","เชียงใหม่","2","1","1","0","not_requested"
"1558","att_1558_2011040614113309952","2011040614113309952","ดอยผ้าห่มปก","ภาคเหนือ","เชียงใหม่","2","1","1","0","not_requested"
"1559","att_1559_2011040614091010048","2011040614091010048","บ่อน้ำร้อนฝาง","ภาคเหนือ","เชียงใหม่","2","1","1","0","not_requested"
"1560","att_1560_2011040614061910016","2011040614061910016","บ่อน้ำมันฝาง","ภาคเหนือ","เชียงใหม่","2","1","1","0","not_requested"
"1561","att_1561_2011040614035909888","2011040614035909888","ดอยอ่างขาง","ภาคเหนือ","เชียงใหม่","2","1","1","0","not_requested"
"1562","att_1562_2011040614004910080","2011040614004910080","ประตูหินโบราณ","ภาคเหนือ","เชียงใหม่","2","1","1","0","not_requested"
"1563","att_1563_2011040613585110016","2011040613585110016","บ้านไร่ไผ่งาม","ภาคเหนือ","เชียงใหม่","2","1","1","0","not_requested"
"1564","att_1564_2011040613574510080","2011040613574510080","หมู่บ้านหัตถกรรมเครื่องปั้นดินเผา","ภาคเหนือ","เชียงใหม่","2","1","1","0","not_requested"
"1565","att_1565_2011040613561110016","2011040613561110016","กองบัญชาการกองทัพ 3 คณะชาติ ก๊กมินตั๋ง กองทัพ 93 (ถ้ำง๊อบ)","ภาคเหนือ","เชียงใหม่","2","1","1","0","not_requested"
"1566","att_1566_2011040613554010112","2011040613554010112","วัดพระธาตุศรีจอมทองวรวิหาร","ภาคเหนือ","เชียงใหม่","2","1","1","0","not_requested"
"1567","att_1567_2011040613513509888","2011040613513509888","ป่าพันปี สระมรกต","ภาคเหนือ","เชียงใหม่","2","1","1","0","not_requested"
"1568","att_1568_2011040613491709952","2011040613491709952","กาดเมืองผี","ภาคเหนือ","เชียงใหม่","2","1","1","0","not_requested"
"1569","att_1569_2011040613482109952","2011040613482109952","วัดหนองพันเงิน","ภาคเหนือ","เชียงใหม่","2","1","1","0","not_requested"
"1570","att_1570_2011040613472110080","2011040613472110080","ถ้ำผีแมน","ภาคเหนือ","เชียงใหม่","2","1","1","0","not_requested"
"1571","att_1571_2011040613455810048","2011040613455810048","อ่างเก็บน้ำหนองสะเรียม","ภาคเหนือ","เชียงใหม่","2","1","1","0","not_requested"
"1572","att_1572_2011040613441710080","2011040613441710080","วัดป่าเจริญธรรม","ภาคเหนือ","เชียงใหม่","2","1","1","0","not_requested"
"1573","att_1573_2011040613425609984","2011040613425609984","วัดศรีนวรัฐ","ภาคเหนือ","เชียงใหม่","2","1","1","0","not_requested"
"1574","att_1574_2011040613401309952","2011040613401309952","พิพิธภัณฑ์ตุ๊กตา","ภาคเหนือ","เชียงใหม่","2","1","1","0","not_requested"
"1575","att_1575_2011040613211109888","2011040613211109888","พิพิธภัณฑ์สุภา","ภาคเหนือ","เชียงใหม่","2","1","1","0","not_requested"
"1576","att_1576_2011040516303810048","2011040516303810048","ศูนย์พัฒนาโครงการหลวงวัดจันทร์","ภาคเหนือ","เชียงใหม่","2","1","1","0","not_requested"
"1577","att_1577_2011040516255310080","2011040516255310080","วัดถ้ำตับเต่า","ภาคเหนือ","เชียงใหม่","2","1","1","0","not_requested"
"1578","att_1578_2011040516172310016","2011040516172310016","ปางช้างแม่วาง","ภาคเหนือ","เชียงใหม่","2","1","1","0","not_requested"
"1579","att_1579_2011040516083810048","2011040516083810048","ไร่สตรอเบอรี่วงค์วาน","ภาคเหนือ","เชียงใหม่","2","1","1","0","not_requested"
"1580","att_1580_2011040516055310080","2011040516055310080","สถานีวิจัยเกษตรหลวงปางดะ","ภาคเหนือ","เชียงใหม่","2","1","1","0","not_requested"
"1581","att_1581_2011040516034309888","2011040516034309888","เขตรักษาพันธุ์สัตว์ป่าสะเมิง","ภาคเหนือ","เชียงใหม่","2","1","1","0","not_requested"
"1582","att_1582_2011040515565009920","2011040515565009920","ขุนแม่ยะ","ภาคเหนือ","เชียงใหม่","2","1","1","0","not_requested"
"1583","att_1583_2011040515523209984","2011040515523209984","วัดถ้ำผาปล่อง","ภาคเหนือ","เชียงใหม่","2","1","1","0","not_requested"
"1584","att_1584_2011040515501809920","2011040515501809920","ถ้ำเชียงดาว","ภาคเหนือ","เชียงใหม่","2","1","1","0","not_requested"
"1585","att_1585_2011040515483510016","2011040515483510016","วัดพระพุทธบาทสี่รอย","ภาคเหนือ","เชียงใหม่","2","1","1","0","not_requested"
"1586","att_1586_2011040515461210112","2011040515461210112","ห้วยน้ำรู","ภาคเหนือ","เชียงใหม่","2","1","1","0","not_requested"
"1587","att_1587_2011040515434409984","2011040515434409984","สถานีวิจัยเกษตรที่ราบสูงป่าเกี๊ยะดอยเชียงดาว","ภาคเหนือ","เชียงใหม่","2","1","1","0","not_requested"
"1588","att_1588_2011040515390710016","2011040515390710016","ป่าเกี๊ยะ","ภาคเหนือ","เชียงใหม่","2","1","1","0","not_requested"
"1589","att_1589_2011040515375109888","2011040515375109888","คุ้มเสือแม่ริม","ภาคเหนือ","เชียงใหม่","2","1","1","0","not_requested"
"1590","att_1590_2011040515360009984","2011040515360009984","ดอยหลวงเชียงดาว","ภาคเหนือ","เชียงใหม่","2","1","1","0","not_requested"
"1591","att_1591_2011040515101910016","2011040515101910016","ข่วงพระเจ้าล้านนา","ภาคเหนือ","เชียงใหม่","2","1","1","0","not_requested"
"1592","att_1592_2011040515012110080","2011040515012110080","ศูนย์ศึกษาและสาธิตการเลี้ยงไก่ชน","ภาคเหนือ","เชียงใหม่","2","1","1","0","not_requested"
"1593","att_1593_2011040514582510080","2011040514582510080","พิพิธภัณฑ์ชาวเขา","ภาคเหนือ","เชียงใหม่","2","1","1","0","not_requested"
"1594","att_1594_2011040514552809984","2011040514552809984","พิพิธภัณฑ์และศูนย์การเรียนรู้ด้านปิโตรเลียม กรมการพลังงาน","ภาคเหนือ","เชียงใหม่","2","1","1","0","not_requested"
"1595","att_1595_2011040514481509888","2011040514481509888","หมู่บ้านชาวเขาเผ่าม้ง (แม้ว) ดอยปุย","ภาคเหนือ","เชียงใหม่","2","1","1","0","not_requested"
"1596","att_1596_2011040514435209984","2011040514435209984","พระตำหนักภูพิงคราชนิเวศน์","ภาคเหนือ","เชียงใหม่","2","1","1","0","not_requested"
"1597","att_1597_2011040514411310080","2011040514411310080","วัดพระธาตุดอยสุเทพราชวรวิหาร","ภาคเหนือ","เชียงใหม่","2","1","1","0","not_requested"
"1598","att_1598_2011040514375709952","2011040514375709952","อนุสาวรีย์ครูบาศรีวิชัย","ภาคเหนือ","เชียงใหม่","2","1","1","0","not_requested"
"1599","att_1599_2011040514361210112","2011040514361210112","บ้านแกะสลัก","ภาคเหนือ","ลำปาง","2","1","1","0","not_requested"
"1600","att_1600_2011040514333309952","2011040514333309952","วัดจองคำ","ภาคเหนือ","ลำปาง","2","1","1","0","not_requested"
"1601","att_1601_2011040514313509888","2011040514313509888","สวนสัตว์เชียงใหม่","ภาคเหนือ","เชียงใหม่","2","1","1","0","not_requested"
"1602","att_1602_2011040514302810112","2011040514302810112","สวนป่าทุ่งเกวียน","ภาคเหนือ","ลำปาง","2","1","1","0","not_requested"
"1603","att_1603_2011040514280610048","2011040514280610048","อุทยานหลวงราชพฤกษ์","ภาคเหนือ","เชียงใหม่","2","1","1","0","not_requested"
"1604","att_1604_2011040514233309952","2011040514233309952","วัดพุทธบาทวัดตวง","ภาคเหนือ","ลำปาง","2","1","1","0","not_requested"
"1605","att_1605_2011040514231109888","2011040514231109888","เชียงใหม่ไนท์ซาฟารี","ภาคเหนือ","เชียงใหม่","2","1","1","0","not_requested"
"1606","att_1606_2011040514213009920","2011040514213009920","ศูนย์ศิลปชีพแม่ต๋ำ","ภาคเหนือ","ลำปาง","2","1","1","0","not_requested"
"1607","att_1607_2011040514204110080","2011040514204110080","วัดพระธาตุดอยคำ","ภาคเหนือ","เชียงใหม่","2","1","1","0","not_requested"
"1608","att_1608_2011040514161410048","2011040514161410048","วัดร่ำเปิงตโปธาราม","ภาคเหนือ","เชียงใหม่","2","1","1","0","not_requested"
"1609","att_1609_2011040514133110016","2011040514133110016","วัดอุโมงค์ สวนพุทธธรรม","ภาคเหนือ","เชียงใหม่","2","1","1","0","not_requested"
"1610","att_1610_2011040514090309888","2011040514090309888","พิพิธภัณฑ์แมลงโลก และสิ่งมหัศจรรย์ธรรมชาติ","ภาคเหนือ","เชียงใหม่","2","1","1","0","not_requested"
"1611","att_1611_2011040514051510016","2011040514051510016","พิพิธภัณฑสถานแห่งชาติเชียงใหม่","ภาคเหนือ","เชียงใหม่","2","1","1","0","not_requested"
"1612","att_1612_2011040514011810048","2011040514011810048","วัดเจ็ดยอดพระอารามหลวง","ภาคเหนือ","เชียงใหม่","2","1","1","0","not_requested"
"1613","att_1613_2011040514000809984","2011040514000809984","วัดบ้านก่อ","ภาคเหนือ","ลำปาง","2","1","1","0","not_requested"
"1614","att_1614_2011040513572809984","2011040513572809984","อนุสาวรีย์สามกษัตริย์","ภาคเหนือ","เชียงใหม่","2","1","1","0","not_requested"
"1615","att_1615_2011040513564009984","2011040513564009984","วัดพระพุทธบาทสุทธาวาส","ภาคเหนือ","ลำปาง","2","1","1","0","not_requested"
"1616","att_1616_2011040513542109952","2011040513542109952","อนุสาวรีย์เจ้าพ่อพญาคำลือ","ภาคเหนือ","ลำปาง","2","1","1","0","not_requested"
"1617","att_1617_2011040513541609984","2011040513541609984","วัดศรีสุพรรณ","ภาคเหนือ","เชียงใหม่","2","1","1","0","not_requested"
"1618","att_1618_2011040513515109888","2011040513515109888","ชุมชนบ้านวัดเกต","ภาคเหนือ","เชียงใหม่","2","1","1","0","not_requested"
"1619","att_1619_2011040513491409920","2011040513491409920","คุ้มเจ้าบุรีรัตน์ (มหาอินทร์)","ภาคเหนือ","เชียงใหม่","2","1","1","0","not_requested"
"1620","att_1620_2011040513461309952","2011040513461309952","ศาลาธนารักษ์ 1 จังหวัดเชียงใหม่","ภาคเหนือ","เชียงใหม่","2","1","1","0","not_requested"
"1621","att_1621_2011040513425110016","2011040513425110016","หอศิลปวัฒนธรรมเมืองเชียงใหม่","ภาคเหนือ","เชียงใหม่","2","1","1","0","not_requested"
"1622","att_1622_2011040513395010048","2011040513395010048","เสาอินทขิล","ภาคเหนือ","เชียงใหม่","2","1","1","0","not_requested"
"1623","att_1623_2011040513364910080","2011040513364910080","อุทยานแห่งชาติแม่วาง","ภาคเหนือ","เชียงใหม่","2","1","1","0","not_requested"
"1624","att_1624_2011040513334609920","2011040513334609920","อุทยานแห่งชาติแม่ตะไคร้","ภาคเหนือ","เชียงใหม่","2","1","1","0","not_requested"
"1625","att_1625_2011040513312410112","2011040513312410112","อุทยานแห่งชาติศรีลานนา","ภาคเหนือ","เชียงใหม่","2","1","1","0","not_requested"
"1626","att_1626_2011040511205309952","2011040511205309952","อุทยานแห่งชาติห้วยน้ำดัง","ภาคเหนือ","เชียงใหม่","2","1","1","0","not_requested"
"1627","att_1627_2011040511170210048","2011040511170210048","อุทยานแห่งชาติขุนขาน","ภาคเหนือ","เชียงใหม่","2","1","1","0","not_requested"
"1628","att_1628_2011040511143010048","2011040511143010048","อุทยานแห่งชาติดอยผ้าห่มปก","ภาคเหนือ","เชียงใหม่","2","1","1","0","not_requested"
"1629","att_1629_2011040511114909952","2011040511114909952","อุทยานแห่งชาติดอยเวียงผา","ภาคเหนือ","เชียงใหม่","2","1","1","0","not_requested"
"1630","att_1630_2011040511073710080","2011040511073710080","อุทยานแห่งชาติผาแดง","ภาคเหนือ","เชียงใหม่","2","1","1","0","not_requested"
"1631","att_1631_2011040511044610048","2011040511044610048","อุทยานแห่งชาติแม่โถ","ภาคเหนือ","เชียงใหม่","2","1","1","0","not_requested"
"1632","att_1632_2011040511013609984","2011040511013609984","อุทยานแห่งชาติออบหลวง","ภาคเหนือ","เชียงใหม่","2","1","1","0","not_requested"
"1633","att_1633_2011040510573110016","2011040510573110016","อุทยานแห่งชาติออบขาน","ภาคเหนือ","เชียงใหม่","2","1","1","0","not_requested"
"1634","att_1634_2011040510530510080","2011040510530510080","อุทยานแห่งชาติดอยอินทนนท์","ภาคเหนือ","เชียงใหม่","2","1","1","0","not_requested"
"1635","att_1635_2011040510500910080","2011040510500910080","อุทยานแห่งชาติดอยสุเทพ-ปุย","ภาคเหนือ","เชียงใหม่","2","1","1","0","not_requested"
"1636","att_1636_2011040510375209984","2011040510375209984","วัดชัยมงคล","ภาคเหนือ","เชียงใหม่","2","1","1","0","not_requested"
"1637","att_1637_2011040510354409984","2011040510354409984","วัดลอยเคราะห์","ภาคเหนือ","เชียงใหม่","2","1","1","0","not_requested"
"1638","att_1638_2011040510341009920","2011040510341009920","วัดปงสนุกเหนือ","ภาคเหนือ","ลำปาง","2","1","1","0","not_requested"
"1639","att_1639_2011040510332809984","2011040510332809984","วัดเชียงยืน","ภาคเหนือ","เชียงใหม่","2","1","1","0","not_requested"
"1640","att_1640_2011040510304910080","2011040510304910080","วัดบุญวาทย์วิหาร","ภาคเหนือ","ลำปาง","2","1","1","0","not_requested"
"1641","att_1641_2011040510304809984","2011040510304809984","วัดเชียงมั่น","ภาคเหนือ","เชียงใหม่","2","1","1","0","not_requested"
"1642","att_1642_2011040510281009920","2011040510281009920","วัดดวงดี","ภาคเหนือ","เชียงใหม่","2","1","1","0","not_requested"
"1643","att_1643_2011040510255709952","2011040510255709952","วัดเจดีย์หลวงวรวิหาร","ภาคเหนือ","เชียงใหม่","2","1","1","0","not_requested"
"1644","att_1644_2011040510223709952","2011040510223709952","วัดหมื่นเงินกอง","ภาคเหนือ","เชียงใหม่","2","1","1","0","not_requested"
"1645","att_1645_2011040510190810112","2011040510190810112","วัดพระสิงห์วรมหาวิหาร","ภาคเหนือ","เชียงใหม่","2","1","1","0","not_requested"
"1646","att_1646_2011040510093110016","2011040510093110016","วัดดับภัย","ภาคเหนือ","เชียงใหม่","2","1","1","0","not_requested"
"1647","att_1647_2011040415591610112","2011040415591610112","น้ำตกวังสายทอง","ภาคใต้","สตูล","2","1","1","0","not_requested"
"1648","att_1648_2011040415551310080","2011040415551310080","ถ้ำเจ็ดคต","ภาคใต้","สตูล","2","1","1","0","not_requested"
"1649","att_1649_2011040415475810048","2011040415475810048","ถ้ำลอดปูยู","ภาคใต้","สตูล","2","1","1","0","not_requested"
"1650","att_1650_2011040415292509952","2011040415292509952","มัสยิดกลางจังหวัดสตูล หรือมัสยิดมำบัง","ภาคใต้","สตูล","2","1","1","0","not_requested"
"1651","att_1651_2011040415182609920","2011040415182609920","พิพิธภัณฑสถานแห่งชาติสตูล (คฤหาสน์กูเด็น)","ภาคใต้","สตูล","2","1","1","0","not_requested"
"1652","att_1652_2011040414585410048","2011040414585410048","วัดชนาธิปเฉลิม","ภาคใต้","สตูล","2","1","1","0","not_requested"
"1653","att_1653_2011040414532110080","2011040414532110080","สวนสาธารณะเขาโต๊ะพญาวัง","ภาคใต้","สตูล","2","1","1","0","not_requested"
"1654","att_1654_2011040414424610048","2011040414424610048","อุทยานแห่งชาติตะรุเตา","ภาคใต้","สตูล","2","1","1","0","not_requested"
"1655","att_1655_2011040414354210048","2011040414354210048","อุทยานแห่งชาติทะเลบัน","ภาคใต้","สตูล","2","1","1","0","not_requested"
"1656","att_1656_2011040414170510080","2011040414170510080","เกาะหินงาม","ภาคใต้","สตูล","2","1","1","0","not_requested"
"1657","att_1657_2011040414034409984","2011040414034409984","เกาะหลีเป๊ะ","ภาคใต้","สตูล","2","1","1","0","not_requested"
"1658","att_1658_2011040413545809920","2011040413545809920","เกาะราวี","ภาคใต้","สตูล","2","1","1","0","not_requested"
"1659","att_1659_2011040413215810048","2011040413215810048","เกาะอาดัง","ภาคใต้","สตูล","2","1","1","0","not_requested"
"1660","att_1660_2011040413132410112","2011040413132410112","เกาะไข่","ภาคใต้","สตูล","2","1","1","0","not_requested"
"1661","att_1661_2011033116170210048","2011033116170210048","ผาแมว","ภาคเหนือ","ลำพูน","2","1","1","0","not_requested"
"1662","att_1662_2011033011083610112","2011033011083610112","ตลาดกลางสินค้าเกษตร","ภาคเหนือ","ลำพูน","2","1","1","0","not_requested"
"1663","att_1663_2011033010584709888","2011033010584709888","สวนไม้ไทยบ้านพ่อเลี้ยงหมื่น","ภาคเหนือ","ลำพูน","2","1","1","0","not_requested"
"1664","att_1664_2011033010390309888","2011033010390309888","พระแสงราชศัตราวุธประจำเมืองอุทัยธานี","ภาคเหนือ","อุทัยธานี","2","1","1","0","not_requested"
"1665","att_1665_2011032916590210048","2011032916590210048","น้ำตกตาดดาว","ภาคเหนือ","อุทัยธานี","2","1","1","0","not_requested"
"1666","att_1666_2011032916565609984","2011032916565609984","ถ้ำเกร็ดดาว","ภาคเหนือ","อุทัยธานี","2","1","1","0","not_requested"
"1667","att_1667_2011032916530810112","2011032916530810112","ศูนย์วัฒนธรรมชาวเขาบ้านอีมาด-อีทราย","ภาคเหนือ","อุทัยธานี","2","1","1","0","not_requested"
"1668","att_1668_2011032916444509952","2011032916444509952","ศูนย์แสดงและสาธิตการทอผ้าพื้นเมืองบ้านนาตาโพ","ภาคเหนือ","อุทัยธานี","2","1","1","0","not_requested"
"1669","att_1669_2011032916332209920","2011032916332209920","ศูนย์ทอผ้าพื้นเมืองลายโบราณผาทั่ง","ภาคเหนือ","อุทัยธานี","2","1","1","0","not_requested"
"1670","att_1670_2011032916082510080","2011032916082510080","วนอุทยานถ้ำเขาวง","ภาคเหนือ","อุทัยธานี","2","1","1","0","not_requested"
"1671","att_1671_2011032913453910016","2011032913453910016","วัดถ้ำเขาวง","ภาคเหนือ","อุทัยธานี","2","1","1","0","not_requested"
"1672","att_1672_2011032911552910080","2011032911552910080","วัดเขาวงพรหมจรรย์","ภาคเหนือ","อุทัยธานี","2","1","1","0","not_requested"
"1673","att_1673_2011032911485910016","2011032911485910016","วัดถ้ำเขาตะพาบ","ภาคเหนือ","อุทัยธานี","2","1","1","0","not_requested"
"1674","att_1674_2011032911385509888","2011032911385509888","เมืองโบราณบ้านการุ้ง","ภาคเหนือ","อุทัยธานี","2","1","1","0","not_requested"
"1675","att_1675_2011032911212110080","2011032911212110080","น้ำพุร้อนสมอทอง","ภาคเหนือ","อุทัยธานี","2","1","1","0","not_requested"
"1676","att_1676_2011032911054609920","2011032911054609920","น้ำตกไซเบอร์","ภาคเหนือ","อุทัยธานี","2","1","1","0","not_requested"
"1677","att_1677_2011032910472509952","2011032910472509952","เขื่อนทับเสลา","ภาคเหนือ","อุทัยธานี","2","1","1","0","not_requested"
"1678","att_1678_2011032910332809984","2011032910332809984","ถ้ำเขาฆ้องชัย","ภาคเหนือ","อุทัยธานี","2","1","1","0","not_requested"
"1679","att_1679_2011032910264809984","2011032910264809984","หุบป่าตาด","ภาคเหนือ","อุทัยธานี","2","1","1","0","not_requested"
"1680","att_1680_2011032910162710016","2011032910162710016","เขาปลาร้า","ภาคเหนือ","อุทัยธานี","2","1","1","0","not_requested"
"1681","att_1681_2011032910011909888","2011032910011909888","เขาผาแรด","ภาคเหนือ","อุทัยธานี","2","1","1","0","not_requested"
"1682","att_1682_2011032909513210112","2011032909513210112","เขาพระยาพายเรือ","ภาคเหนือ","อุทัยธานี","2","1","1","0","not_requested"
"1683","att_1683_2011032909455310080","2011032909455310080","เขตรักษาพันธุ์สัตว์ป่าทุ่งใหญ่นเรศวร-ห้วยขาแข้ง","ภาคเหนือ","อุทัยธานี","2","1","1","0","not_requested"
"1684","att_1684_2011032909291909888","2011032909291909888","เมืองโบราณบึงคอกช้าง","ภาคเหนือ","อุทัยธานี","2","1","1","0","not_requested"
"1685","att_1685_2011032815462309888","2011032815462309888","วัดทัพทันวัฒนาราม","ภาคเหนือ","อุทัยธานี","2","1","1","0","not_requested"
"1686","att_1686_2011032815404310016","2011032815404310016","วัดหนองขุนชาติ","ภาคเหนือ","อุทัยธานี","2","1","1","0","not_requested"
"1687","att_1687_2011032815361110016","2011032815361110016","เมืองอุไทยธานีเก่า","ภาคเหนือ","อุทัยธานี","2","1","1","0","not_requested"
"1688","att_1688_2011032815301210112","2011032815301210112","วัดหนองพลวง","ภาคเหนือ","อุทัยธานี","2","1","1","0","not_requested"
"1689","att_1689_2011032813241910016","2011032813241910016","พิพิธภัณฑ์ประวัติศาสตร์และวัฒนธรรมท้องถิ่นจังหวัดอุทัยธานี","ภาคเหนือ","อุทัยธานี","2","1","1","0","not_requested"
"1690","att_1690_2011032813115810048","2011032813115810048","วัดอุโปสถาราม","ภาคเหนือ","อุทัยธานี","2","1","1","0","not_requested"
"1691","att_1691_2011032813010909952","2011032813010909952","เกาะเทโพ","ภาคเหนือ","อุทัยธานี","2","1","1","0","not_requested"
"1692","att_1692_2011032812495709952","2011032812495709952","ลำน้ำสะแกกรัง","ภาคเหนือ","อุทัยธานี","2","1","1","0","not_requested"
"1693","att_1693_2011032716142109952","2011032716142109952","ภูเก็ต บางเทา (ลากูน่า) ไรด์ดิ้ง คลับ","ภาคใต้","ภูเก็ต","2","1","1","0","not_requested"
"1694","att_1694_2011032716074409984","2011032716074409984","มิชชั่นฮิลล์ภูเก็ตกอล์ฟ รีสอร์ท แอนด์ สปา","ภาคใต้","ภูเก็ต","2","1","1","0","not_requested"
"1695","att_1695_2011032715570109952","2011032715570109952","บลู แคนยอน คันทรี คลับ","ภาคใต้","ภูเก็ต","2","1","1","0","not_requested"
"1696","att_1696_2011032715510710016","2011032715510710016","ลากูน่า ภูเก็ต กอล์ฟ คลับ","ภาคใต้","ภูเก็ต","2","1","1","0","not_requested"
"1697","att_1697_2011032715271209984","2011032715271209984","วัดม่วงโกมารภัจจ์","ภาคใต้","ภูเก็ต","2","1","1","0","not_requested"
"1698","att_1698_2011032715152509952","2011032715152509952","วัดพระทอง","ภาคใต้","ภูเก็ต","2","1","1","0","not_requested"
"1699","att_1699_2011032714571409920","2011032714571409920","วัดพระนางสร้าง","ภาคใต้","ภูเก็ต","2","1","1","0","not_requested"
"1700","att_1700_2011032714452410112","2011032714452410112","บ้านพระยาวิชิตสงคราม","ภาคใต้","ภูเก็ต","2","1","1","0","not_requested"
"1701","att_1701_2011032714085309952","2011032714085309952","หมู่บ้านวัฒนธรรมถลางบ้านแขนน","ภาคใต้","ภูเก็ต","2","1","1","0","not_requested"
"1702","att_1702_2011032713571909888","2011032713571909888","ชุมชนบ้านคอเอน","ภาคใต้","ภูเก็ต","2","1","1","0","not_requested"
"1703","att_1703_2011032713500910080","2011032713500910080","ชุมชนท่องเที่ยวบ้านท่าฉัตรไชย-ไม้ขาว","ภาคใต้","ภูเก็ต","2","1","1","0","not_requested"
"1704","att_1704_2011032713181210112","2011032713181210112","พิพิธภัณฑ์สถานแห่งชาติถลาง","ภาคใต้","ภูเก็ต","2","1","1","0","not_requested"
"1705","att_1705_2011032711410109952","2011032711410109952","อนุสาวรีย์ท้าวเทพกษัตรีและท้าวศรีสุนทร","ภาคใต้","ภูเก็ต","2","1","1","0","not_requested"
"1706","att_1706_2011032711355010048","2011032711355010048","โคกชนะพม่า","ภาคใต้","ภูเก็ต","2","1","1","0","not_requested"
"1707","att_1707_2011032711283810048","2011032711283810048","ท่องเที่ยวเกษตรเชิงอนุรักษ์บ้านบางโรง","ภาคใต้","ภูเก็ต","2","1","1","0","not_requested"
"1708","att_1708_2011032711060709888","2011032711060709888","น้ำตกบางแป","ภาคใต้","ภูเก็ต","2","1","1","0","not_requested"
"1709","att_1709_2011032711005009920","2011032711005009920","ศูนย์ศึกษาธรรมชาติและสัตว์ป่าเขาพระแทว","ภาคใต้","ภูเก็ต","2","1","1","0","not_requested"
"1710","att_1710_2011032710432610048","2011032710432610048","สถานีพัฒนาและส่งเสริมการอนุรักษ์สัตว์ป่าเขาพระแทว","ภาคใต้","ภูเก็ต","2","1","1","0","not_requested"
"1711","att_1711_2011032710322909952","2011032710322909952","เกาะกะทะ","ภาคใต้","ภูเก็ต","2","1","1","0","not_requested"
"1712","att_1712_2011032710271310080","2011032710271310080","เกาะแรด","ภาคใต้","ภูเก็ต","2","1","1","0","not_requested"
"1713","att_1713_2011032710223709952","2011032710223709952","เกาะนาคาใหญ่","ภาคใต้","ภูเก็ต","2","1","1","0","not_requested"
"1714","att_1714_2011032710180310016","2011032710180310016","เกาะนาคาน้อย","ภาคใต้","ภูเก็ต","2","1","1","0","not_requested"
"1715","att_1715_2011032709555810048","2011032709555810048","เกาะมะพร้าว","ภาคใต้","ภูเก็ต","2","1","1","0","not_requested"
"1716","att_1716_2011032709495209984","2011032709495209984","เกาะรังใหญ่","ภาคใต้","ภูเก็ต","2","1","1","0","not_requested"
"1717","att_1717_2011032709261110016","2011032709261110016","จุดชมวิวหาดแหลมสิงห์ กมลา","ภาคใต้","ภูเก็ต","2","1","1","0","not_requested"
"1718","att_1718_2011032516084009984","2011032516084009984","อ่าวปอ","ภาคใต้","ภูเก็ต","2","1","1","0","not_requested"
"1719","att_1719_2011032516003409920","2011032516003409920","หาดพันทรี","ภาคใต้","ภูเก็ต","2","1","1","0","not_requested"
"1720","att_1720_2011032515543610112","2011032515543610112","หาดสุรินทร์","ภาคใต้","ภูเก็ต","2","1","1","0","not_requested"
"1721","att_1721_2011032515101809920","2011032515101809920","สถานศึกษาธรรมชาติ ป่าชายเลนแหลมสนลายันหาดลายัน","ภาคใต้","ภูเก็ต","2","1","1","0","not_requested"
"1722","att_1722_2011032514251109888","2011032514251109888","หาดหินกรวย","ภาคใต้","ภูเก็ต","2","1","1","0","not_requested"
"1723","att_1723_2011032513010810112","2011032513010810112","หาดในทอน","ภาคใต้","ภูเก็ต","2","1","1","0","not_requested"
"1724","att_1724_2011032512531909888","2011032512531909888","หาดในยาง","ภาคใต้","ภูเก็ต","2","1","1","0","not_requested"
"1725","att_1725_2011032512390109952","2011032512390109952","หาดไม้ขาว","ภาคใต้","ภูเก็ต","2","1","1","0","not_requested"
"1726","att_1726_2011032512304509952","2011032512304509952","หาดทรายแก้ว","ภาคใต้","ภูเก็ต","2","1","1","0","not_requested"
"1727","att_1727_2011032512150109952","2011032512150109952","อุทยานแห่งชาติสิรินาถ","ภาคใต้","ภูเก็ต","2","1","1","0","not_requested"
"1728","att_1728_2011032511525509888","2011032511525509888","ห้างสรรพสินค้าจังซีลอน","ภาคใต้","ภูเก็ต","2","1","1","0","not_requested"
"1729","att_1729_2011032511454109952","2011032511454109952","แคมป์ช้างกะหลิม","ภาคใต้","ภูเก็ต","2","1","1","0","not_requested"
"1730","att_1730_2011032511254710016","2011032511254710016","ภูเก็ต บันจี้ จั๊ม","ภาคใต้","ภูเก็ต","2","1","1","0","not_requested"
"1731","att_1731_2011032511183010048","2011032511183010048","ป่าตองโกคาร์ท สปีทเวย์","ภาคใต้","ภูเก็ต","2","1","1","0","not_requested"
"1732","att_1732_2011032511103010048","2011032511103010048","ป่าตอง พาร์ค","ภาคใต้","ภูเก็ต","2","1","1","0","not_requested"
"1733","att_1733_2011032511044910080","2011032511044910080","เร๊ดเมาท์เท่นกอล์ฟคอร์ส","ภาคใต้","ภูเก็ต","2","1","1","0","not_requested"
"1734","att_1734_2011032415272209920","2011032415272209920","อุทยานแห่งชาติหมู่เกาะเภตรา","ภาคใต้","สตูล","2","1","1","0","not_requested"
"1735","att_1735_2011032415204509952","2011032415204509952","อุทยานแห่งชาติหาดเจ้าไหม","ภาคใต้","ตรัง","2","1","1","0","not_requested"
"1736","att_1736_2011032409452709888","2011032409452709888","ล๊อคปาล์มกอล์ฟคลับภูเก็ต","ภาคใต้","ภูเก็ต","2","1","1","0","not_requested"
"1737","att_1737_2011032409292610048","2011032409292610048","ภูเก็ต คันทรี่ คลับ","ภาคใต้","ภูเก็ต","2","1","1","0","not_requested"
"1738","att_1738_2011032409175209984","2011032409175209984","ภูเก็ตไซม่อน คาบาเรต์","ภาคใต้","ภูเก็ต","2","1","1","0","not_requested"
"1739","att_1739_2011032316075510016","2011032316075510016","ภูเขาหินปะการัง","ภาคเหนือ","เพชรบูรณ์","2","1","1","0","not_requested"
"1740","att_1740_2011032316023209984","2011032316023209984","ภูทับเบิก","ภาคเหนือ","เพชรบูรณ์","2","1","1","0","not_requested"
"1741","att_1741_2011032315491709952","2011032315491709952","วัดศรีมงคล","ภาคเหนือ","เพชรบูรณ์","2","1","1","0","not_requested"
"1742","att_1742_2011032315453410048","2011032315453410048","ดงรอยเท้าไดโนเสาร์","ภาคเหนือ","เพชรบูรณ์","2","1","1","0","not_requested"
"1743","att_1743_2011032315262609920","2011032315262609920","ศาลหลักเมืองนครบาลเพชรบูรณ์","ภาคเหนือ","เพชรบูรณ์","2","1","1","0","not_requested"
"1744","att_1744_2011032315205710080","2011032315205710080","อุทยานแห่งชาติเขาหลวง","ภาคใต้","นครศรีธรรมราช","2","1","1","0","not_requested"
"1745","att_1745_2011032315181809920","2011032315181809920","อนุสาวรีย์พ่อขุนผาเมือง","ภาคเหนือ","เพชรบูรณ์","2","1","1","0","not_requested"
"1746","att_1746_2011032315120410112","2011032315120410112","สวนป่าหิมพานต์","ภาคเหนือ","เพชรบูรณ์","2","1","1","0","not_requested"
"1747","att_1747_2011032315082409984","2011032315082409984","วัดพระธาตุผาซ่อนแก้ว","ภาคเหนือ","เพชรบูรณ์","2","1","1","0","not_requested"
"1748","att_1748_2011032314593110016","2011032314593110016","ภูแก้ว แอดเวนเจอร์ ปาร์ค","ภาคเหนือ","เพชรบูรณ์","2","1","1","0","not_requested"
"1749","att_1749_2011032314471409920","2011032314471409920","อุทยานแห่งชาติทุ่งแสลงหลวง (หนองแม่นา)","ภาคเหนือ","เพชรบูรณ์","2","1","1","0","not_requested"
"1750","att_1750_2011032313561910016","2011032313561910016","พิพิธภัณฑ์เมืองนครศรีธรรมราช","ภาคใต้","นครศรีธรรมราช","2","1","1","0","not_requested"
"1751","att_1751_2011032313211510016","2011032313211510016","อุทยานแห่งชาติขุนน่าน","ภาคเหนือ","น่าน","2","1","1","0","not_requested"
"1752","att_1752_2011032311484509952","2011032311484509952","ภูเก็ตแฟนตาซี","ภาคใต้","ภูเก็ต","2","1","1","0","not_requested"
"1753","att_1753_2011032311152610048","2011032311152610048","พิพิธภัณฑ์พื้นบ้านหนังตะลุงสุชาติ ทรัพย์สิน","ภาคใต้","นครศรีธรรมราช","2","1","1","0","not_requested"
"1754","att_1754_2011032311145110016","2011032311145110016","พิพิธภัณฑ์เหมืองแร่ภูเก็ต","ภาคใต้","ภูเก็ต","2","1","1","0","not_requested"
"1755","att_1755_2011032311042409984","2011032311042409984","น้ำตกกะทู้","ภาคใต้","ภูเก็ต","2","1","1","0","not_requested"
"1756","att_1756_2011032311002109952","2011032311002109952","หาดกมลา","ภาคใต้","ภูเก็ต","2","1","1","0","not_requested"
"1757","att_1757_2011032310533009920","2011032310533009920","หาดฟรีดอม","ภาคใต้","ภูเก็ต","2","1","1","0","not_requested"
"1758","att_1758_2011032310471010048","2011032310471010048","หาดไตรตรัง","ภาคใต้","ภูเก็ต","2","1","1","0","not_requested"
"1759","att_1759_2011032310422409984","2011032310422409984","หาดนาคาเลย์","ภาคใต้","ภูเก็ต","2","1","1","0","not_requested"
"1760","att_1760_2011032310374510080","2011032310374510080","หาดกะหลิม","ภาคใต้","ภูเก็ต","2","1","1","0","not_requested"
"1761","att_1761_2011032310330109952","2011032310330109952","หาดป่าตอง","ภาคใต้","ภูเก็ต","2","1","1","0","not_requested"
"1762","att_1762_2011032310170609920","2011032310170609920","บ่อเกลือสินเธาว์","ภาคเหนือ","น่าน","2","1","1","0","not_requested"
"1763","att_1763_2011032310131109888","2011032310131109888","ตลาดการค้าชายแดนห้วยโก๋น","ภาคเหนือ","น่าน","2","1","1","0","not_requested"
"1764","att_1764_2011032310102210048","2011032310102210048","อนุสรณ์สถานยุทธภูมิบ้านห้วยโก๋นเก่า","ภาคเหนือ","น่าน","2","1","1","0","not_requested"
"1765","att_1765_2011032310090409984","2011032310090409984","เยอร์บีร่าเฮ้าส์","ภาคใต้","ภูเก็ต","2","1","1","0","not_requested"
"1766","att_1766_2011032310062010112","2011032310062010112","ดอยผาผึ้ง","ภาคเหนือ","น่าน","2","1","1","0","not_requested"
"1767","att_1767_2011032310030409984","2011032310030409984","ถ้ำผาผึ้ง","ภาคเหนือ","น่าน","2","1","1","0","not_requested"
"1768","att_1768_2011032309593210112","2011032309593210112","โครงการพัฒนาเพื่อความมั่นคง (พมพ.) บ้านมณีพฤกษ์","ภาคเหนือ","น่าน","2","1","1","0","not_requested"
"1769","att_1769_2011032309542909952","2011032309542909952","อนุสาวรีย์วีรกรรม พลเรือน ตำรวจ ทหาร ทุ่งช้าง และ พิพิธภัณฑ์ทหารทุ่งช้าง","ภาคเหนือ","น่าน","2","1","1","0","not_requested"
"1770","att_1770_2011032309521009920","2011032309521009920","ตลาดเจ้าฟ้าวาไรตี้","ภาคใต้","ภูเก็ต","2","1","1","0","not_requested"
"1771","att_1771_2011032216301009920","2011032216301009920","บริษัทอุตสาหกรรมการเกษตรเขาค้อ จำกัด ในโครงการพัฒนาลุ่มน้ำเข็ก (เขาค้อ) อันเนื่องมาจากพระราชดำริ","ภาคเหนือ","เพชรบูรณ์","2","1","1","0","not_requested"
"1772","att_1772_2011032216060009984","2011032216060009984","สโมสรขี่ม้าภูเก็ต","ภาคใต้","ภูเก็ต","2","1","1","0","not_requested"
"1773","att_1773_2011032215574710016","2011032215574710016","หอชมวิวทิวทัศน์เขาขาด","ภาคใต้","ภูเก็ต","2","1","1","0","not_requested"
"1774","att_1774_2011032215481609984","2011032215481609984","หาดแหลมกา","ภาคใต้","ภูเก็ต","2","2","0","0","not_requested"
"1775","att_1775_2011032215375709952","2011032215375709952","แหลมพันวา","ภาคใต้","ภูเก็ต","2","1","1","0","not_requested"
"1776","att_1776_2011032215314409984","2011032215314409984","แหลมพรหมเทพ","ภาคใต้","ภูเก็ต","2","1","1","0","not_requested"
"1777","att_1777_2011032215260009984","2011032215260009984","ไดโนปาร์ค","ภาคใต้","ภูเก็ต","2","1","1","0","not_requested"
"1778","att_1778_2011032215195010048","2011032215195010048","อ่างเก็บน้ำรัตนัย","ภาคเหนือ","เพชรบูรณ์","2","1","1","0","not_requested"
"1779","att_1779_2011032215004110080","2011032215004110080","พิพิธภัณฑ์เปลือกหอย","ภาคใต้","ภูเก็ต","2","1","1","0","not_requested"
"1780","att_1780_2011032214580110080","2011032214580110080","พุน้ำร้อนน้ำแร่บ้านครู","ภาคเหนือ","เพชรบูรณ์","2","1","1","0","not_requested"
"1781","att_1781_2011032214543709952","2011032214543709952","กะรน ปาร์ค","ภาคใต้","ภูเก็ต","2","1","1","0","not_requested"
"1782","att_1782_2011032214433809920","2011032214433809920","วัดวิเชียรบำรุง","ภาคเหนือ","เพชรบูรณ์","2","1","1","0","not_requested"
"1783","att_1783_2011032214405509888","2011032214405509888","สวนสาธารณะสะพานหิน","ภาคใต้","ภูเก็ต","2","1","1","0","not_requested"
"1784","att_1784_2011032214343810048","2011032214343810048","สวนสาธารณะและสวนสุขภาพเขารัง","ภาคใต้","ภูเก็ต","2","1","1","0","not_requested"
"1785","att_1785_2011032214204809984","2011032214204809984","บึงสามพัน","ภาคเหนือ","เพชรบูรณ์","2","1","1","0","not_requested"
"1786","att_1786_2011032214184410112","2011032214184410112","สถานแสดงพันธุ์สัตว์น้ำ ภูเก็ต","ภาคใต้","ภูเก็ต","2","1","1","0","not_requested"
"1787","att_1787_2011032214164910080","2011032214164910080","ทานตะวันบานบนภูที่บึงสามพัน","ภาคเหนือ","เพชรบูรณ์","2","1","1","0","not_requested"
"1788","att_1788_2011032214071510016","2011032214071510016","สวนรุกขชาติซับชมภู","ภาคเหนือ","เพชรบูรณ์","2","1","1","0","not_requested"
"1789","att_1789_2011032213454210048","2011032213454210048","ศูนย์ศิลปวัฒนธรรมจังหวัดภูเก็ต","ภาคใต้","ภูเก็ต","2","1","1","0","not_requested"
"1790","att_1790_2011032213391610112","2011032213391610112","วัดไตรภูมิ","ภาคเหนือ","เพชรบูรณ์","2","1","1","0","not_requested"
"1791","att_1791_2011032213311109888","2011032213311109888","ศาลเจ้าพ่อหลักเมืองเพชรบูรณ์","ภาคเหนือ","เพชรบูรณ์","2","1","1","0","not_requested"
"1792","att_1792_2011032212305309952","2011032212305309952","วัดมหาธาตุ","ภาคเหนือ","เพชรบูรณ์","2","1","1","0","not_requested"
"1793","att_1793_2011032212200310016","2011032212200310016","ศูนย์รวมพรรณไม้บ้านร่มเกล้า","ภาคเหนือ","พิษณุโลก","2","1","1","0","not_requested"
"1794","att_1794_2011032211505110016","2011032211505110016","วัดหนองแดง","ภาคเหนือ","น่าน","2","1","1","0","not_requested"
"1795","att_1795_2011032211500009984","2011032211500009984","ถ้ำเดือน ถ้ำดาว","ภาคเหนือ","พิษณุโลก","2","1","1","0","not_requested"
"1796","att_1796_2011032211481410048","2011032211481410048","สำนักสงฆ์เกาะแก้วพิศดาร","ภาคใต้","ภูเก็ต","2","1","1","0","not_requested"
"1797","att_1797_2011032211440709888","2011032211440709888","วัดสีลสุภาราม","ภาคใต้","ภูเก็ต","2","1","1","0","not_requested"
"1798","att_1798_2011032211422309888","2011032211422309888","ดอยภูแว","ภาคเหนือ","น่าน","2","1","1","0","not_requested"
"1799","att_1799_2011032211365110016","2011032211365110016","น้ำตกแก่งโสภา","ภาคเหนือ","พิษณุโลก","2","1","1","0","not_requested"
"1800","att_1800_2011032211331610112","2011032211331610112","อุทยานแห่งชาติดอยภูคา","ภาคเหนือ","น่าน","2","1","1","0","not_requested"
"1801","att_1801_2011032211313009920","2011032211313009920","วัดไชยธาราราม","ภาคใต้","ภูเก็ต","2","1","1","0","not_requested"
"1802","att_1802_2011032211243209984","2011032211243209984","พระพุทธมิ่งมงคลเอกนาคคีรี","ภาคใต้","ภูเก็ต","2","1","1","0","not_requested"
"1803","att_1803_2011032211140809984","2011032211140809984","หอนาฬิกาวงเวียนสุรินทร์","ภาคใต้","ภูเก็ต","2","1","1","0","not_requested"
"1804","att_1804_2011032211024610048","2011032211024610048","หอศิลปและวัฒนธรรมมหาวิทยาลัยนเรศวร","ภาคเหนือ","พิษณุโลก","2","1","1","0","not_requested"
"1805","att_1805_2011032210531909888","2011032210531909888","ศูนย์วิจัยและพัฒนาทรัพยากรทางทะเลและชายฝั่งทะเลอันดามัน","ภาคใต้","ภูเก็ต","2","1","1","0","not_requested"
"1806","att_1806_2011032210324610048","2011032210324610048","เสาหลักเมืองพิษณุโลก","ภาคเหนือ","พิษณุโลก","2","1","1","0","not_requested"
"1807","att_1807_2011032210232809984","2011032210232809984","พิพิธภัณฑ์เมืองพิจิตร","ภาคเหนือ","พิจิตร","2","1","1","0","not_requested"
"1808","att_1808_2011032210100209920","2011032210100209920","วัดสำนักขุนเณร","ภาคเหนือ","พิจิตร","2","1","1","0","not_requested"
"1809","att_1809_2011032209120410112","2011032209120410112","ศาลเจ้าปุดจ้อ","ภาคใต้","ภูเก็ต","2","1","1","0","not_requested"
"1810","att_1810_2011032115001110016","2011032115001110016","หมู่บ้านไทลื้อร้องแง","ภาคเหนือ","น่าน","2","1","1","0","not_requested"
"1811","att_1811_2011032112015310080","2011032112015310080","บ้านพระอร่ามสาครเขตร","ภาคใต้","ภูเก็ต","2","1","1","0","not_requested"
"1812","att_1812_2011032111142309888","2011032111142309888","หอทะเบียนที่ดินจังหวัดภูเก็ต","ภาคใต้","ภูเก็ต","2","1","1","0","not_requested"
"1813","att_1813_2011032110271310080","2011032110271310080","ชุมชนบ้านบ่อแร่","ภาคใต้","ภูเก็ต","2","1","1","0","not_requested"
"1814","att_1814_2011032110134810112","2011032110134810112","ชุมชนชาวเลบ้านแหลมตุ๊กแก","ภาคใต้","ภูเก็ต","2","1","1","0","not_requested"
"1815","att_1815_2011032109511709952","2011032109511709952","เมืองเก่าภูเก็ต","ภาคใต้","ภูเก็ต","2","1","1","0","not_requested"
"1816","att_1816_2011032109424610048","2011032109424610048","อนุสาวรีย์หลัก 60 ปี","ภาคใต้","ภูเก็ต","2","1","1","0","not_requested"
"1817","att_1817_2011032016243409920","2011032016243409920","พิพิธภัณฑ์โรงแรมถาวร","ภาคใต้","ภูเก็ต","2","1","1","0","not_requested"
"1818","att_1818_2011032016083810048","2011032016083810048","พิพิธภัณฑ์ภูเก็ตไทยหัว","ภาคใต้","ภูเก็ต","2","1","1","0","not_requested"
"1819","att_1819_2011032015501110016","2011032015501110016","อ่าวหลา","ภาคใต้","ภูเก็ต","2","1","1","0","not_requested"
"1820","att_1820_2011032015455810048","2011032015455810048","อ่าวทือ","ภาคใต้","ภูเก็ต","2","1","1","0","not_requested"
"1821","att_1821_2011032015415409920","2011032015415409920","อ่าวขอนแค","ภาคใต้","ภูเก็ต","2","1","1","0","not_requested"
"1822","att_1822_2011032015353509888","2011032015353509888","อ่าวสยาม","ภาคใต้","ภูเก็ต","2","1","1","0","not_requested"
"1823","att_1823_2011032015290810112","2011032015290810112","อ่าวปะตก","ภาคใต้","ภูเก็ต","2","1","1","0","not_requested"
"1824","att_1824_2011032015205809920","2011032015205809920","แหลมหิน","ภาคใต้","ภูเก็ต","2","2","0","0","not_requested"
"1825","att_1825_2011032015010010112","2011032015010010112","อ่าวป่าหล่าย","ภาคใต้","ภูเก็ต","2","1","1","0","not_requested"
"1826","att_1826_2011032014443109888","2011032014443109888","อ่าวฉลอง","ภาคใต้","ภูเก็ต","2","1","1","0","not_requested"
"1827","att_1827_2011032014230710016","2011032014230710016","อ่าวมะขาม","ภาคใต้","ภูเก็ต","2","1","1","0","not_requested"
"1828","att_1828_2011032013554909952","2011032013554909952","หาดมิตรภาพ","ภาคใต้","ภูเก็ต","2","1","1","0","not_requested"
"1829","att_1829_2011032013484310016","2011032013484310016","หาดยะนุ้ย","ภาคใต้","ภูเก็ต","2","1","1","0","not_requested"
"1830","att_1830_2011032013423010048","2011032013423010048","หาดราไวย์","ภาคใต้","ภูเก็ต","2","1","1","0","not_requested"
"1831","att_1831_2011032012320809984","2011032012320809984","หาดกะตะน้อย","ภาคใต้","ภูเก็ต","2","1","1","0","not_requested"
"1832","att_1832_2011032012042810112","2011032012042810112","หาดกะรน","ภาคใต้","ภูเก็ต","2","1","1","0","not_requested"
"1833","att_1833_2011032011561809920","2011032011561809920","อ่าวเสน","ภาคใต้","ภูเก็ต","2","1","1","0","not_requested"
"1834","att_1834_2011032011071810048","2011032011071810048","หาดกะตะ","ภาคใต้","ภูเก็ต","2","1","1","0","not_requested"
"1835","att_1835_2011032010452610048","2011032010452610048","เกาะสิเหร่","ภาคใต้","ภูเก็ต","2","1","1","0","not_requested"
"1836","att_1836_2011032010392809984","2011032010392809984","เกาะตะเภาน้อย","ภาคใต้","ภูเก็ต","2","1","1","0","not_requested"
"1837","att_1837_2011032010323010048","2011032010323010048","เกาะตะเภาใหญ่","ภาคใต้","ภูเก็ต","2","1","1","0","not_requested"
"1838","att_1838_2011032010281110016","2011032010281110016","เกาะไม้ท่อน","ภาคใต้","ภูเก็ต","2","1","1","0","not_requested"
"1839","att_1839_2011032010183810048","2011032010183810048","เกาะแอว","ภาคใต้","ภูเก็ต","2","1","1","0","not_requested"
"1840","att_1840_2011032010104410112","2011032010104410112","เกาะบอน","ภาคใต้","ภูเก็ต","2","1","1","0","not_requested"
"1841","att_1841_2011032009312910080","2011032009312910080","เกาะราชาน้อย","ภาคใต้","ภูเก็ต","2","1","1","0","not_requested"
"1842","att_1842_2011031911242210048","2011031911242210048","ศูนย์แสดงเครื่องปั้นดินเผาบ้านมอญ","ภาคเหนือ","นครสวรรค์","2","1","1","0","not_requested"
"1843","att_1843_2011031816463909888","2011031816463909888","เกาะราชาใหญ่","ภาคใต้","ภูเก็ต","2","1","1","0","not_requested"
"1844","att_1844_2011031815500009984","2011031815500009984","วัดพระธาตุเบ็งสกัด","ภาคเหนือ","น่าน","2","1","1","0","not_requested"
"1845","att_1845_2011031815462609920","2011031815462609920","วัดต้นแหลง","ภาคเหนือ","น่าน","2","1","1","0","not_requested"
"1846","att_1846_2011031815331909888","2011031815331909888","วัดหนองบัว","ภาคเหนือ","น่าน","2","1","1","0","not_requested"
"1847","att_1847_2011031815273910016","2011031815273910016","หมู่บ้านไทยลื้อหนองบัว","ภาคเหนือ","น่าน","2","1","1","0","not_requested"
"1848","att_1848_2011031815211810048","2011031815211810048","อุทยานแห่งชาตินันทบุรี","ภาคเหนือ","น่าน","2","1","1","0","not_requested"
"1849","att_1849_2011031814225809920","2011031814225809920","หมู่บ้านประมงปากนาย","ภาคเหนือ","น่าน","2","1","1","0","not_requested"
"1850","att_1850_2011031814175209984","2011031814175209984","อุทยานแห่งชาติศรีน่าน","ภาคเหนือ","น่าน","2","1","1","0","not_requested"
"1851","att_1851_2011031811440110080","2011031811440110080","วนอุทยานถ้ำผาตูบ","ภาคเหนือ","น่าน","2","1","1","0","not_requested"
"1852","att_1852_2011031811392610048","2011031811392610048","แหล่งโบราณคดีบ้านบ่อสวก","ภาคเหนือ","น่าน","2","1","1","0","not_requested"
"1853","att_1853_2011031811320610048","2011031811320610048","วัดพญาวัด","ภาคเหนือ","น่าน","2","1","1","0","not_requested"
"1854","att_1854_2011031811293509888","2011031811293509888","วัดสวนตาล","ภาคเหนือ","น่าน","2","1","1","0","not_requested"
"1855","att_1855_2011031811254309888","2011031811254309888","วัดมิ่งเมือง น่าน","ภาคเหนือ","น่าน","2","1","1","0","not_requested"
"1856","att_1856_2011031809530309888","2011031809530309888","พิพิธภัณฑสถานแห่งชาติน่าน","ภาคเหนือ","น่าน","2","1","1","0","not_requested"
"1857","att_1857_2011031809380209920","2011031809380209920","วัดพระธาตุช้างค้ำวรวิหาร","ภาคเหนือ","น่าน","2","1","1","0","not_requested"
"1858","att_1858_2011031809344410112","2011031809344410112","วัดภูมินทร์","ภาคเหนือ","น่าน","2","1","1","0","not_requested"
"1859","att_1859_2011031809320509952","2011031809320509952","วัดพระธาตุแช่แห้ง พระอารามหลวง","ภาคเหนือ","น่าน","2","1","1","0","not_requested"
"1860","att_1860_2011031714300110080","2011031714300110080","เขื่อนสิริกิติ์","ภาคเหนือ","อุตรดิตถ์","2","1","1","0","not_requested"
"1861","att_1861_2011031714245210112","2011031714245210112","แก่งนางพญา","ภาคเหนือ","อุตรดิตถ์","2","1","1","0","not_requested"
"1862","att_1862_2011031713534109952","2011031713534109952","วัดดงสระแก้ว","ภาคเหนือ","อุตรดิตถ์","2","1","1","0","not_requested"
"1863","att_1863_2011031713442909952","2011031713442909952","วัดพระยืนพุทธบาทยุคล","ภาคเหนือ","อุตรดิตถ์","2","1","1","0","not_requested"
"1864","att_1864_2011031713320209920","2011031713320209920","อนุสาวรีย์พระศรีพนมมาศ","ภาคเหนือ","อุตรดิตถ์","2","1","1","0","not_requested"
"1865","att_1865_2011031711545009920","2011031711545009920","วัดใหญ่ท่าเสา","ภาคเหนือ","อุตรดิตถ์","2","1","1","0","not_requested"
"1866","att_1866_2011031711494710016","2011031711494710016","วัดธรรมาธิปไตย","ภาคเหนือ","อุตรดิตถ์","2","1","1","0","not_requested"
"1867","att_1867_2011031710161410048","2011031710161410048","อุทยานแห่งชาติแม่ยม","ภาคเหนือ","แพร่","2","1","1","0","not_requested"
"1868","att_1868_2011031110103709952","2011031110103709952","วัดสะแล่ง","ภาคเหนือ","แพร่","2","1","1","0","not_requested"
"1869","att_1869_2011031109172110080","2011031109172110080","วัดพระหลวง","ภาคเหนือ","แพร่","2","1","1","0","not_requested"
"1870","att_1870_2011030810050810112","2011030810050810112","วัดหลวง","ภาคเหนือ","แพร่","2","1","1","0","not_requested"
"1871","att_1871_2011030716155109888","2011030716155109888","ศูนย์วิจัยและพัฒนาประมงชายฝั่งพังงา","ภาคใต้","พังงา","2","1","1","0","not_requested"
"1872","att_1872_2011030715503310080","2011030715503310080","คลองสังเหน่","ภาคใต้","พังงา","2","1","1","0","not_requested"
"1873","att_1873_2011030711405710080","2011030711405710080","คุ้มวิชัยราชา","ภาคเหนือ","แพร่","2","1","1","0","not_requested"
"1874","att_1874_2011030711092910080","2011030711092910080","คุ้มเจ้าหลวงเมืองแพร่","ภาคเหนือ","แพร่","2","1","1","0","not_requested"
"1875","att_1875_2011030710545809920","2011030710545809920","ศาลเจ้าพ่อแสนชัย","ภาคเหนือ","แพร่","2","1","1","0","not_requested"
"1876","att_1876_2011021010543510016","2011021010543510016","ชุมชนท่องเที่ยวตำบลทรายขาว","ภาคใต้","ปัตตานี","2","1","1","0","not_requested"
"1877","att_1877_2011020815351709952","2011020815351709952","วัดอรัญวาสิการาม","ภาคใต้","ปัตตานี","2","1","1","0","not_requested"
"1878","att_1878_2010121514431409920","2010121514431409920","หาดชลาลัย","ภาคใต้","ปัตตานี","2","1","1","0","not_requested"
"1879","att_1879_2010120911214109952","2010120911214109952","เกาะง่ามน้อย","ภาคใต้","ชุมพร","2","1","1","0","not_requested"
"1880","att_1880_2010120911214109952","2010120911214109952","เกาะลังกาจิว","ภาคใต้","ชุมพร","2","1","1","0","not_requested"
"1881","att_1881_2010120911214109952","2010120911214109952","วัดติโลกอาราม","ภาคเหนือ","พะเยา","2","1","1","0","not_requested"
"1882","att_1882_2010120911214109952","2010120911214109952","ตลาดน้ำคลองแห","ภาคใต้","สงขลา","2","1","1","0","not_requested"
"1883","att_1883_2010120911214109952","2010120911214109952","น้ำตกชุมแสง","ภาคใต้","ระนอง","2","1","1","0","not_requested"
"1884","att_1884_2010120911214109952","2010120911214109952","วิสาหกิจชุมชนบ้านทะเลนอกโฮมสเตย์","ภาคใต้","ระนอง","2","1","1","0","not_requested"
"1885","att_1885_2010120911214109952","2010120911214109952","เขตรักษาพันธุ์สัตว์ป่าคลองนาคา","ภาคใต้","ระนอง","2","1","1","0","not_requested"
"1886","att_1886_2010120911214109952","2010120911214109952","พระราชวังรัตนรังสรรค์ (จำลอง)","ภาคใต้","ระนอง","2","1","1","0","not_requested"
"1887","att_1887_2010120911214109952","2010120911214109952","ศูนย์วิจัยป่าชายเลนหงาว","ภาคใต้","ระนอง","2","1","1","0","not_requested"
"1888","att_1888_2010120911214109952","2010120911214109952","เขตรักษาพันธุ์สัตว์ป่า ฮาลา-บาลา","ภาคใต้","นราธิวาส","2","1","1","0","not_requested"
"1889","att_1889_2010120911214109952","2010120911214109952","อุทยานแห่งชาติเทือกเขาบูโด-สุไหงปาดี","ภาคใต้","นราธิวาส","2","1","1","0","not_requested"
"1890","att_1890_2010120911214109952","2010120911214109952","มัสยิดวาดีอัลฮูเซ็น","ภาคใต้","นราธิวาส","2","1","1","0","not_requested"
"1891","att_1891_2010120911214109952","2010120911214109952","ชายหาดกูบู","ภาคใต้","นราธิวาส","2","1","1","0","not_requested"
"1892","att_1892_2010120911214109952","2010120911214109952","สวนรวมพรรณไม้ป่า 60 พรรษา มหาราชินี","ภาคใต้","นราธิวาส","2","1","1","0","not_requested"
"1893","att_1893_2010120911214109952","2010120911214109952","ศูนย์ศึกษาการพัฒนาพิกุลทอง","ภาคใต้","นราธิวาส","2","1","1","0","not_requested"
"1894","att_1894_2010120911214109952","2010120911214109952","อุทยานแห่งชาติอ่าวมะนาว-เขาตันหยง","ภาคใต้","นราธิวาส","2","1","1","0","not_requested"
"1895","att_1895_2010120911214109952","2010120911214109952","พุทธมณฑลจังหวัดนราธิวาส (พระพุทธอุทยานเขากง)","ภาคใต้","นราธิวาส","2","1","1","0","not_requested"
"1896","att_1896_2010120911214109952","2010120911214109952","ค่ายจุฬาภรณ์","ภาคใต้","นราธิวาส","2","1","1","0","not_requested"
"1897","att_1897_2010120911214109952","2010120911214109952","หมู่บ้านจุฬาภรณ์พัฒนา 9","ภาคใต้","ยะลา","2","1","1","0","not_requested"
"1898","att_1898_2010120911214109952","2010120911214109952","น้ำตกสุขทาลัย","ภาคใต้","ยะลา","2","1","1","0","not_requested"
"1899","att_1899_2010120911214109952","2010120911214109952","อุทยานแห่งชาติบางลาง","ภาคใต้","ยะลา","2","1","1","0","not_requested"
"1900","att_1900_2010120911214109952","2010120911214109952","น้ำตกเฉลิมพระเกียรติ ร.9","ภาคใต้","ยะลา","2","1","1","0","not_requested"
"1901","att_1901_2010120911214109952","2010120911214109952","วัดพุทธาธิวาส","ภาคใต้","ยะลา","2","1","1","0","not_requested"
"1902","att_1902_2010120911214109952","2010120911214109952","สวนขวัญเมือง","ภาคใต้","ยะลา","2","1","1","0","not_requested"
"1903","att_1903_2010120911214109952","2010120911214109952","แหล่งโบราณสถานถ้ำศิลป์","ภาคใต้","ยะลา","2","1","1","0","not_requested"
"1904","att_1904_2010120911214109952","2010120911214109952","ถ้ำแม่นางมณโฑ","ภาคใต้","ยะลา","2","1","1","0","not_requested"
"1905","att_1905_2010120911214109952","2010120911214109952","มัสยิดกลางจังหวัดยะลา","ภาคใต้","ยะลา","2","1","1","0","not_requested"
"1906","att_1906_2010120911214109952","2010120911214109952","อุทยานการเรียนรู้ยะลา (TKpark Yala)","ภาคใต้","ยะลา","2","1","1","0","not_requested"
"1907","att_1907_2010120911214109952","2010120911214109952","หาดทรายชายบึงบ้านละเวง","ภาคใต้","ปัตตานี","2","1","1","0","not_requested"
"1908","att_1908_2010120911214109952","2010120911214109952","บ่อน้ำศักดิ์สิทธิ์ วัดเขาฤาษี","ภาคใต้","ปัตตานี","2","1","1","0","not_requested"
"1909","att_1909_2010120911214109952","2010120911214109952","หาดปะนาเระ","ภาคใต้","ปัตตานี","2","1","1","0","not_requested"
"1910","att_1910_2010120911214109952","2010120911214109952","มัสยิดบ้านดาโต๊ะ","ภาคใต้","ปัตตานี","2","1","1","0","not_requested"
"1911","att_1911_2010120911214109952","2010120911214109952","สถาบันวัฒนธรรมศึกษากัลยาณิวัฒนา","ภาคใต้","ปัตตานี","2","1","1","0","not_requested"
"1912","att_1912_2010120911214109952","2010120911214109952","เมืองโบราณยะรัง","ภาคใต้","ปัตตานี","2","1","1","0","not_requested"
"1913","att_1913_2010120911214109952","2010120911214109952","น้ำตกธารปลิว","ภาคใต้","สตูล","2","1","1","0","not_requested"
"1914","att_1914_2010120911214109952","2010120911214109952","พิพิธภัณฑ์พื้นบ้านละงู","ภาคใต้","สตูล","2","1","1","0","not_requested"
"1915","att_1915_2010120911214109952","2010120911214109952","น้ำตกโตนปาหนัน","ภาคใต้","สตูล","2","1","1","0","not_requested"
"1916","att_1916_2010120911214109952","2010120911214109952","วนอุทยานน้ำตกธาราสวรรค์","ภาคใต้","สตูล","2","1","1","0","not_requested"
"1917","att_1917_2010120911214109952","2010120911214109952","เกาะหินซ้อน","ภาคใต้","สตูล","2","1","1","0","not_requested"
"1918","att_1918_2010120911214109952","2010120911214109952","อุทยานแห่งชาติเขาน้ำค้าง","ภาคใต้","สงขลา","2","1","1","0","not_requested"
"1919","att_1919_2010120911214109952","2010120911214109952","วัดขวด","ภาคใต้","สงขลา","2","1","1","0","not_requested"
"1920","att_1920_2010120911214109952","2010120911214109952","วัดถ้ำเขารูปช้าง","ภาคใต้","สงขลา","2","1","1","0","not_requested"
"1921","att_1921_2010120911214109952","2010120911214109952","สถานแสดงพันธุ์สัตว์น้ำสงขลา","ภาคใต้","สงขลา","2","1","1","0","not_requested"
"1922","att_1922_2010120911214109952","2010120911214109952","หมู่บ้านทำกรงนก","ภาคใต้","สงขลา","2","1","1","0","not_requested"
"1923","att_1923_2010120911214109952","2010120911214109952","ย่านเมืองเก่าสงขลา","ภาคใต้","สงขลา","2","1","1","0","not_requested"
"1924","att_1924_2010120911214109952","2010120911214109952","บ้านลุงหนังฉิ้น อรมุต","ภาคใต้","สงขลา","2","1","1","0","not_requested"
"1925","att_1925_2010120911214109952","2010120911214109952","พิพิธภัณฑ์พธำมะรงค์","ภาคใต้","สงขลา","2","1","1","0","not_requested"
"1926","att_1926_2010120911214109952","2010120911214109952","สวนนายดำ","ภาคใต้","ชุมพร","2","1","1","0","not_requested"
"1927","att_1927_2010120911214109952","2010120911214109952","วัดพระบรมธาตุสวี","ภาคใต้","ชุมพร","2","1","1","0","not_requested"
"1928","att_1928_2010120911214109952","2010120911214109952","ยอดเขาพ่อตามังเคร","ภาคใต้","ชุมพร","2","1","1","0","not_requested"
"1929","att_1929_2010120911214109952","2010120911214109952","ยอดเขาพ่อตาโชงโดง","ภาคใต้","ชุมพร","2","1","1","0","not_requested"
"1930","att_1930_2010120911214109952","2010120911214109952","สวนสมเด็จพระศรีนครินทร์ฯ ชุมพร","ภาคใต้","ชุมพร","2","1","1","0","not_requested"
"1931","att_1931_2010120911214109952","2010120911214109952","อนุสรณ์สถาน พลเรือเอกพระเจ้าบรมวงศ์เธอกรมหลวงชุมพร เขตอุดมศักดิ์","ภาคใต้","ชุมพร","2","1","1","0","not_requested"
"1932","att_1932_2010120911214109952","2010120911214109952","เขาดินสอ","ภาคใต้","ชุมพร","2","1","1","0","not_requested"
"1933","att_1933_2010120911214109952","2010120911214109952","หาดถ้ำธง","ภาคใต้","ชุมพร","2","1","1","0","not_requested"
"1934","att_1934_2010120911214109952","2010120911214109952","หนึ่งในสยาม เนินทรายงามที่ชุมพร","ภาคใต้","ชุมพร","2","1","1","0","not_requested"
"1935","att_1935_2010120911214109952","2010120911214109952","วัดถ้ำเขาพลู","ภาคใต้","ชุมพร","2","1","1","0","not_requested"
"1936","att_1936_2010120911214109952","2010120911214109952","วัดแก้วประเสริฐ","ภาคใต้","ชุมพร","2","1","1","0","not_requested"
"1937","att_1937_2010120911214109952","2010120911214109952","วัดเขาเจดีย์","ภาคใต้","ชุมพร","2","1","1","0","not_requested"
"1938","att_1938_2010120911214109952","2010120911214109952","น้ำตกคลองเพรา","ภาคใต้","ชุมพร","2","1","1","0","not_requested"
"1939","att_1939_2010120911214109952","2010120911214109952","วัดประเดิม","ภาคใต้","ชุมพร","2","1","1","0","not_requested"
"1940","att_1940_2010120911214109952","2010120911214109952","ซากเรือรบญี่ปุ่น","ภาคใต้","ระนอง","2","1","1","0","not_requested"
"1941","att_1941_2010120911214109952","2010120911214109952","น้ำตกวิภาวดี","ภาคใต้","สุราษฎร์ธานี","2","1","1","0","not_requested"
"1942","att_1942_2010120911214109952","2010120911214109952","วัดเขาสุวรรณประดิษฐ์","ภาคใต้","สุราษฎร์ธานี","2","1","1","0","not_requested"
"1943","att_1943_2010120911214109952","2010120911214109952","อุทยานแห่งชาติคลองพนม","ภาคใต้","สุราษฎร์ธานี","2","1","1","0","not_requested"
"1944","att_1944_2010120911214109952","2010120911214109952","เขื่อนรัชชประภา","ภาคใต้","สุราษฎร์ธานี","2","1","1","0","not_requested"
"1945","att_1945_2010120911214109952","2010120911214109952","ศูนย์ฝึกลิงเพื่อการเกษตรกระแดะแจะ","ภาคใต้","สุราษฎร์ธานี","2","1","1","0","not_requested"
"1946","att_1946_2010120911214109952","2010120911214109952","ประตูเมืองภูเก็ต","ภาคใต้","ภูเก็ต","2","1","1","0","not_requested"
"1947","att_1947_2010120911214109952","2010120911214109952","ศาลเจ้าบางเหนียว","ภาคใต้","ภูเก็ต","2","1","1","0","not_requested"
"1948","att_1948_2010120911214109952","2010120911214109952","ศาลเจ้าจุ้ยตุ่ย","ภาคใต้","ภูเก็ต","2","1","1","0","not_requested"
"1949","att_1949_2010120911214109952","2010120911214109952","ศาลเจ้ากะทู้","ภาคใต้","ภูเก็ต","2","1","1","0","not_requested"
"1950","att_1950_2010120911214109952","2010120911214109952","ศาลเจ้าแสงธรรม","ภาคใต้","ภูเก็ต","2","1","1","0","not_requested"
"1951","att_1951_2010120911214109952","2010120911214109952","ภูเก็ต อาร์ต แกลลอรี่","ภาคใต้","ภูเก็ต","2","1","1","0","not_requested"
"1952","att_1952_2010120911214109952","2010120911214109952","บ้านชินประชา","ภาคใต้","ภูเก็ต","2","1","1","0","not_requested"
"1953","att_1953_2010120911214109952","2010120911214109952","อนุสาวรีย์พระยารัษฎานุประดิษฐ์ (คอซิมบี้ ณ ระนอง)","ภาคใต้","ภูเก็ต","2","1","1","0","not_requested"
"1954","att_1954_2010120911214109952","2010120911214109952","ศูนย์บริการวิชาการด้านพันธุ์พืชและปัจจัยการผลิตภูเก็ต","ภาคใต้","ภูเก็ต","2","1","1","0","not_requested"
"1955","att_1955_2010120911214109952","2010120911214109952","บ่ออนุบาลเต่า กองทัพเรือ ภาค 3","ภาคใต้","พังงา","2","1","1","0","not_requested"
"1956","att_1956_2010120911214109952","2010120911214109952","สวนอนุสรณ์สึนามิ บ้านน้ำเค็ม","ภาคใต้","พังงา","2","1","1","0","not_requested"
"1957","att_1957_2010120911214109952","2010120911214109952","เมืองเก่าตะกั่วป่า","ภาคใต้","พังงา","2","1","1","0","not_requested"
"1958","att_1958_2010120911214109952","2010120911214109952","เรือ ต.813","ภาคใต้","พังงา","2","1","1","0","not_requested"
"1959","att_1959_2010120911214109952","2010120911214109952","อาคารพิพิธภัณฑ์กลางแจ้งธรณีพิบัติภัยสึนามิ บ้านน้ำเค็ม","ภาคใต้","พังงา","2","1","1","0","not_requested"
"1960","att_1960_2010120911214109952","2010120911214109952","ชายทะเลท่านุ่น","ภาคใต้","พังงา","2","1","1","0","not_requested"
"1961","att_1961_2010120911214109952","2010120911214109952","วนอุทยานน้ำตกรามัญ","ภาคใต้","พังงา","2","1","1","0","not_requested"
"1962","att_1962_2010120911214109952","2010120911214109952","วัดสุวรรณคูหา","ภาคใต้","พังงา","2","1","1","0","not_requested"
"1963","att_1963_2010120911214109952","2010120911214109952","พิพิธภัณฑ์เหมืองลิกไนท์ กระบี่","ภาคใต้","กระบี่","2","1","1","0","not_requested"
"1964","att_1964_2010120911214109952","2010120911214109952","หมู่บ้านนาตีน","ภาคใต้","กระบี่","2","1","1","0","not_requested"
"1965","att_1965_2010120911214109952","2010120911214109952","อ่าวท่าเลน","ภาคใต้","กระบี่","2","1","1","0","not_requested"
"1966","att_1966_2010120911214109952","2010120911214109952","หาดคอเขา","ภาคใต้","นครศรีธรรมราช","2","1","1","0","not_requested"
"1967","att_1967_2010120911214109952","2010120911214109952","พิพิธภัณฑ์เฉลิมพระเกียรติเพื่อพัฒนาพื้นที่ลุ่มน้ำปากพนัง","ภาคใต้","นครศรีธรรมราช","2","1","1","0","not_requested"
"1968","att_1968_2010120911214109952","2010120911214109952","สำนักวิปัสสนากรรมฐานสวนพุทธธรรมวัดชายนา","ภาคใต้","นครศรีธรรมราช","2","1","1","0","not_requested"
"1969","att_1969_2010120911214109952","2010120911214109952","พุทธภูมิ","ภาคใต้","นครศรีธรรมราช","2","1","1","0","not_requested"
"1970","att_1970_2010120911214109952","2010120911214109952","เก๋งจีนวัดประดู่","ภาคใต้","นครศรีธรรมราช","2","1","1","0","not_requested"
"1971","att_1971_2010120911214109952","2010120911214109952","เก๋งจีนวัดแจ้ง","ภาคใต้","นครศรีธรรมราช","2","1","1","0","not_requested"
"1972","att_1972_2010120911214109952","2010120911214109952","พระตำหนักเมืองนคร","ภาคใต้","นครศรีธรรมราช","2","1","1","0","not_requested"
"1973","att_1973_2010120911214109952","2010120911214109952","สำนักศิลปและวัฒนธรรม สถาบันราชภัฏนครศรีธรรมราช","ภาคใต้","นครศรีธรรมราช","2","1","1","0","not_requested"
"1974","att_1974_2010120911214109952","2010120911214109952","กุฏิทรงไทยวัดวังตะวันตก","ภาคใต้","นครศรีธรรมราช","2","1","1","0","not_requested"
"1975","att_1975_2010120911214109952","2010120911214109952","สวนภูพนา","ภาคเหนือ","เพชรบูรณ์","2","1","1","0","not_requested"
"1976","att_1976_2010120911214109952","2010120911214109952","ศูนย์บริการท่องเที่ยวเชิงเกษตร (ศกร.)","ภาคเหนือ","เพชรบูรณ์","2","1","1","0","not_requested"
"1977","att_1977_2010120911214109952","2010120911214109952","ไร่มะขามหวานชนิกา","ภาคเหนือ","เพชรบูรณ์","2","1","1","0","not_requested"
"1978","att_1978_2010120911214109952","2010120911214109952","สวนสาธารณะพุน้ำร้อนพุเตย","ภาคเหนือ","เพชรบูรณ์","2","1","1","0","not_requested"
"1979","att_1979_2010120911214109952","2010120911214109952","ศูนย์ท่องเที่ยววัฒนธรรมม้งเข็กน้อย","ภาคเหนือ","เพชรบูรณ์","2","1","1","0","not_requested"
"1980","att_1980_2010120911214109952","2010120911214109952","หอสมุดนานาชาติเขาค้อ","ภาคเหนือ","เพชรบูรณ์","2","1","1","0","not_requested"
"1981","att_1981_2010120911214109952","2010120911214109952","สถานีเพาะเลี้ยงสัตว์ป่าเขาค้อ","ภาคเหนือ","เพชรบูรณ์","2","1","1","0","not_requested"
"1982","att_1982_2010120911214109952","2010120911214109952","ไร่กำนันจุล","ภาคเหนือ","เพชรบูรณ์","2","1","1","0","not_requested"
"1983","att_1983_2010120911214109952","2010120911214109952","วัดช้างเผือก เพชรบูรณ์","ภาคเหนือ","เพชรบูรณ์","2","1","1","0","not_requested"
"1984","att_1984_2010120911214109952","2010120911214109952","จุดชมวิวพระอาทิตย์ตก (ถ้ำผาหงษ์)","ภาคเหนือ","เพชรบูรณ์","2","1","1","0","not_requested"
"1985","att_1985_2010120911214109952","2010120911214109952","วนอุทยานน้ำตกธารทิพย์","ภาคเหนือ","เพชรบูรณ์","2","1","1","0","not_requested"
"1986","att_1986_2010120911214109952","2010120911214109952","วัดบ้านน้อย","ภาคเหนือ","พิจิตร","2","1","1","0","not_requested"
"1987","att_1987_2010120911214109952","2010120911214109952","วัดเทวประสาท","ภาคเหนือ","พิจิตร","2","1","1","0","not_requested"
"1988","att_1988_2010120911214109952","2010120911214109952","วัดยางสามต้นวนาราม","ภาคเหนือ","พิจิตร","2","1","1","0","not_requested"
"1989","att_1989_2010120911214109952","2010120911214109952","ศาลเจ้าแม่ทับทิมท่าฬ่อ","ภาคเหนือ","พิจิตร","2","1","1","0","not_requested"
"1990","att_1990_2010120911214109952","2010120911214109952","วัดทับคล้อ","ภาคเหนือ","พิจิตร","2","1","1","0","not_requested"
"1991","att_1991_2010120911214109952","2010120911214109952","สวนรุกชาติสกุโณทยาน","ภาคเหนือ","พิษณุโลก","2","1","1","0","not_requested"
"1992","att_1992_2010120911214109952","2010120911214109952","อุทยานแห่งชาติแก่งเจ็ดแคว","ภาคเหนือ","พิษณุโลก","2","1","1","0","not_requested"
"1993","att_1993_2010120911214109952","2010120911214109952","เขตห้ามล่าสัตว์ป่าเขาน้อย-เขาประดู่","ภาคเหนือ","พิษณุโลก","2","1","1","0","not_requested"
"1994","att_1994_2010120911214109952","2010120911214109952","อนุสาวรีย์พ่อขุนบางกลางท่าว","ภาคเหนือ","พิษณุโลก","2","1","1","0","not_requested"
"1995","att_1995_2010120911214109952","2010120911214109952","พิพิธภัณฑ์ผ้า มหาวิทยาลัยนเรศวร","ภาคเหนือ","พิษณุโลก","2","1","1","0","not_requested"
"1996","att_1996_2010120911214109952","2010120911214109952","สวนนกไทยศึกษา","ภาคเหนือ","พิษณุโลก","2","1","1","0","not_requested"
"1997","att_1997_2010120911214109952","2010120911214109952","สวนบุญชอบ เอมอิ่ม","ภาคเหนือ","สุโขทัย","2","1","1","0","not_requested"
"1998","att_1998_2010120911214109952","2010120911214109952","สาธร พิพิธภัณฑ์ผ้าทองคำ","ภาคเหนือ","สุโขทัย","2","1","1","0","not_requested"
"1999","att_1999_2010120911214109952","2010120911214109952","อุทยานแห่งชาติคลองวังเจ้า","ภาคเหนือ","ตาก","2","1","1","0","not_requested"
"2000","att_2000_2010120911214109952","2010120911214109952","ไร่ปฐมเพชร","ภาคเหนือ","ตาก","2","1","1","0","not_requested"
"2001","att_2001_2010120911214109952","2010120911214109952","ศาลสมเด็จพระนเรศวรมหาราช","ภาคเหนือ","ตาก","2","1","1","0","not_requested"
"2002","att_2002_2010120911214109952","2010120911214109952","โบราณสถานคอกช้างเผือก","ภาคเหนือ","ตาก","2","1","1","0","not_requested"
"2003","att_2003_2010120911214109952","2010120911214109952","วัดมงคลคีรีเขตร์","ภาคเหนือ","ตาก","2","1","1","0","not_requested"
"2004","att_2004_2010120911214109952","2010120911214109952","เมืองเก่าท่าสองยาง","ภาคเหนือ","ตาก","2","1","1","0","not_requested"
"2005","att_2005_2010120911214109952","2010120911214109952","ดอยสอยมาลัย","ภาคเหนือ","ตาก","2","1","1","0","not_requested"
"2006","att_2006_2010120911214109952","2010120911214109952","อุทยานแห่งชาติดอยสอยมาลัย ไม้กลายเป็นหิน","ภาคเหนือ","ตาก","2","1","1","0","not_requested"
"2007","att_2007_2010120911214109952","2010120911214109952","วัดพระพุทธบาทดอยโล้น","ภาคเหนือ","ตาก","2","1","1","0","not_requested"
"2008","att_2008_2010120911214109952","2010120911214109952","วัดชลประทานรังสรรค์","ภาคเหนือ","ตาก","2","1","1","0","not_requested"
"2009","att_2009_2010120911214109952","2010120911214109952","ริมสายธารลานกระทงสาย","ภาคเหนือ","ตาก","2","1","1","0","not_requested"
"2010","att_2010_2010120911214109952","2010120911214109952","สวนกระทงสาย","ภาคเหนือ","ตาก","2","1","1","0","not_requested"
"2011","att_2011_2010120911214109952","2010120911214109952","หาดทรายทองริมแม่ปิงเมืองตาก","ภาคเหนือ","ตาก","2","1","1","0","not_requested"
"2012","att_2012_2010120911214109952","2010120911214109952","วัดสีตลาราม","ภาคเหนือ","ตาก","2","1","1","0","not_requested"
"2013","att_2013_2010120911214109952","2010120911214109952","วัดพระนารายณ์มหาราช","ภาคเหนือ","ตาก","2","1","1","0","not_requested"
"2014","att_2014_2010120911214109952","2010120911214109952","สะพานแขวนสมโภช กรุงรัตนโกสินทร์ 200 ปี","ภาคเหนือ","ตาก","2","1","1","0","not_requested"
"2015","att_2015_2010120911214109952","2010120911214109952","บ่อน้ำพุร้อนพระร่วง","ภาคเหนือ","กำแพงเพชร","2","1","1","0","not_requested"
"2016","att_2016_2010120911214109952","2010120911214109952","อ่างเก็บน้ำคลองมดแดง","ภาคเหนือ","กำแพงเพชร","2","1","1","0","not_requested"
"2017","att_2017_2010120911214109952","2010120911214109952","วัดบาง","ภาคเหนือ","กำแพงเพชร","2","1","1","0","not_requested"
"2018","att_2018_2010120911214109952","2010120911214109952","ถ้ำพุหวาย","ภาคเหนือ","อุทัยธานี","2","1","1","0","not_requested"
"2019","att_2019_2010120911214109952","2010120911214109952","หลวงพ่อโตวัดผาทั่ง","ภาคเหนือ","อุทัยธานี","2","1","1","0","not_requested"
"2020","att_2020_2010120911214109952","2010120911214109952","วัดมณีสถิตย์กปิฏฐาราม","ภาคเหนือ","อุทัยธานี","2","1","1","0","not_requested"
"2021","att_2021_2010120911214109952","2010120911214109952","วัดธรรมโฆษก","ภาคเหนือ","อุทัยธานี","2","1","1","0","not_requested"
"2022","att_2022_2010120911214109952","2010120911214109952","สวนรุกขชาติไพศาลี","ภาคเหนือ","นครสวรรค์","2","1","1","0","not_requested"
"2023","att_2023_2010120911214109952","2010120911214109952","พุทธศาสนสถานหลวงพ่อดำ","ภาคเหนือ","นครสวรรค์","2","1","1","0","not_requested"
"2024","att_2024_2010120911214109952","2010120911214109952","เมืองเก่าเวสาลี","ภาคเหนือ","นครสวรรค์","2","1","1","0","not_requested"
"2025","att_2025_2010120911214109952","2010120911214109952","วัดป่าสิริวัฒนวิสุทธิ์","ภาคเหนือ","นครสวรรค์","2","1","1","0","not_requested"
"2026","att_2026_2010120911214109952","2010120911214109952","วัดช่องแค","ภาคเหนือ","นครสวรรค์","2","1","1","0","not_requested"
"2027","att_2027_2010120911214109952","2010120911214109952","วนอุทยานถ้ำเพชร-ถ้ำทอง","ภาคเหนือ","นครสวรรค์","2","1","1","0","not_requested"
"2028","att_2028_2010120911214109952","2010120911214109952","วัดเขาดินใต้","ภาคเหนือ","นครสวรรค์","2","1","1","0","not_requested"
"2029","att_2029_2010120911214109952","2010120911214109952","เขาพระ-เขาสูง","ภาคเหนือ","นครสวรรค์","2","1","1","0","not_requested"
"2030","att_2030_2010120911214109952","2010120911214109952","วัดหนองกลับ","ภาคเหนือ","นครสวรรค์","2","1","1","0","not_requested"
"2031","att_2031_2010120911214109952","2010120911214109952","วัดเกยไชยเหนือ","ภาคเหนือ","นครสวรรค์","2","1","1","0","not_requested"
"2032","att_2032_2010120911214109952","2010120911214109952","วัดบางมะฝ่อ","ภาคเหนือ","นครสวรรค์","2","1","1","0","not_requested"
"2033","att_2033_2010120911214109952","2010120911214109952","น้ำตกวังน้ำวิ่ง","ภาคเหนือ","นครสวรรค์","2","1","1","0","not_requested"
"2034","att_2034_2010120911214109952","2010120911214109952","เมืองโบราณโคกไม้เดน","ภาคเหนือ","นครสวรรค์","2","1","1","0","not_requested"
"2035","att_2035_2010120911214109952","2010120911214109952","วัดพระปรางค์เหลือง","ภาคเหนือ","นครสวรรค์","2","1","1","0","not_requested"
"2036","att_2036_2010120911214109952","2010120911214109952","อุทยานสวรรค์ (หนองสมบูรณ์)","ภาคเหนือ","นครสวรรค์","2","1","1","0","not_requested"
"2037","att_2037_2010120911214109952","2010120911214109952","อาคารแสดงพันธุ์สัตว์น้ำบึงบอระเพ็ดเฉลิมพระเกียรติ 80 พรรษา (5 ธันวาคม 2550)","ภาคเหนือ","นครสวรรค์","2","1","1","0","not_requested"
"2038","att_2038_2010120911214109952","2010120911214109952","ศูนย์วิจัยและพัฒนาประมงน้ำจืดนครสวรรค์","ภาคเหนือ","นครสวรรค์","2","1","1","0","not_requested"
"2039","att_2039_2010120911214109952","2010120911214109952","หอชมเมืองนครสวรรค์","ภาคเหนือ","นครสวรรค์","2","1","1","0","not_requested"
"2040","att_2040_2010120911214109952","2010120911214109952","ศาลเจ้าแม่หน้าผา","ภาคเหนือ","นครสวรรค์","2","1","1","0","not_requested"
"2041","att_2041_2010120911214109952","2010120911214109952","วัดศรีสวรรค์สังฆาราม (วัดถือน้ำ)","ภาคเหนือ","นครสวรรค์","2","1","1","0","not_requested"
"2042","att_2042_2010120911214109952","2010120911214109952","วัดวรนาถบรรพต (เขากบ)","ภาคเหนือ","นครสวรรค์","2","1","1","0","not_requested"
"2043","att_2043_2010120911214109952","2010120911214109952","วัดจอมคีรีนาคพรต (วัดเขา)","ภาคเหนือ","นครสวรรค์","2","1","1","0","not_requested"
"2044","att_2044_2010120911214109952","2010120911214109952","วัดเกาะหงษ์","ภาคเหนือ","นครสวรรค์","2","1","1","0","not_requested"
"2045","att_2045_2010120911214109952","2010120911214109952","ศาลาที่ประทับ ร.๕ หน้าวัดเขื่อนแดง","ภาคเหนือ","นครสวรรค์","2","1","1","0","not_requested"
"2046","att_2046_2010120911214109952","2010120911214109952","สะพานเดชาติวงศ์","ภาคเหนือ","นครสวรรค์","2","1","1","0","not_requested"
"2047","att_2047_2010120911214109952","2010120911214109952","ถ้ำน้ำบ่อผี","ภาคเหนือ","แม่ฮ่องสอน","2","1","1","0","not_requested"
"2048","att_2048_2010120911214109952","2010120911214109952","ถ้ำน้ำลอด","ภาคเหนือ","แม่ฮ่องสอน","2","1","1","0","not_requested"
"2049","att_2049_2010120911214109952","2010120911214109952","อุทยานแห่งชาติแม่เงา","ภาคเหนือ","แม่ฮ่องสอน","2","1","1","0","not_requested"
"2050","att_2050_2010120911214109952","2010120911214109952","หมู่บ้านละว้า","ภาคเหนือ","แม่ฮ่องสอน","2","1","1","0","not_requested"
"2051","att_2051_2010120911214109952","2010120911214109952","โครงการพระราชดำริปางตอง 2 (ปางอุ๋ง)","ภาคเหนือ","แม่ฮ่องสอน","2","1","1","0","not_requested"
"2052","att_2052_2010120911214109952","2010120911214109952","ทุ่งบัวตองดอยแม่เหาะ","ภาคเหนือ","แม่ฮ่องสอน","2","1","1","0","not_requested"
"2053","att_2053_2010120911214109952","2010120911214109952","หมู่บ้านศูนย์วัฒนธรรมจีนยูนนานบ้านสันติชล","ภาคเหนือ","แม่ฮ่องสอน","2","1","1","0","not_requested"
"2054","att_2054_2010120911214109952","2010120911214109952","น้ำตกซู่ซ่า","ภาคเหนือ","แม่ฮ่องสอน","2","1","1","0","not_requested"
"2055","att_2055_2010120911214109952","2010120911214109952","วัดถ้ำป่าอาชาทอง","ภาคเหนือ","เชียงราย","2","1","1","0","not_requested"
"2056","att_2056_2010120911214109952","2010120911214109952","สถูปดอยช้างมูบ","ภาคเหนือ","เชียงราย","2","1","1","0","not_requested"
"2057","att_2057_2010120911214109952","2010120911214109952","พระตำหนักดอยตุง","ภาคเหนือ","เชียงราย","2","1","1","0","not_requested"
"2058","att_2058_2010120911214109952","2010120911214109952","อนุสรณ์ชาวไทยเชื้อสายจีน","ภาคเหนือ","เชียงราย","2","1","1","0","not_requested"
"2059","att_2059_2010120911214109952","2010120911214109952","ศูนย์วิจัยและพัฒนาการเกษตรที่สูงเชียงราย","ภาคเหนือ","เชียงราย","2","1","1","0","not_requested"
"2060","att_2060_2010120911214109952","2010120911214109952","สวนป่าแม่ยาว-แม่ซ้าย","ภาคเหนือ","เชียงราย","2","1","1","0","not_requested"
"2061","att_2061_2010120911214109952","2010120911214109952","วัดศรีเกิด","ภาคเหนือ","เชียงราย","2","1","1","0","not_requested"
"2062","att_2062_2010120911214109952","2010120911214109952","วัดมุงเมือง","ภาคเหนือ","เชียงราย","2","2","0","0","not_requested"
"2063","att_2063_2010120911214109952","2010120911214109952","วัดมิ่งเมือง","ภาคเหนือ","เชียงราย","2","1","1","0","not_requested"
"2064","att_2064_2010120911214109952","2010120911214109952","พิพิธภัณฑ์ชาวเขา","ภาคเหนือ","เชียงราย","2","1","1","0","not_requested"
"2065","att_2065_2010120911214109952","2010120911214109952","ศาลารอยพระบาท พระบาทสมเด็จพระเจ้าอยู่หัวภูมิพลอดุลยเดช","ภาคเหนือ","เชียงราย","2","1","1","0","not_requested"
"2066","att_2066_2010120911214109952","2010120911214109952","ถ้ำผาจม","ภาคเหนือ","เชียงราย","2","1","1","0","not_requested"
"2067","att_2067_2010120911214109952","2010120911214109952","ถ้ำปุ่ม ถ้ำปลา","ภาคเหนือ","เชียงราย","2","1","1","0","not_requested"
"2068","att_2068_2010120911214109952","2010120911214109952","แหล่งท่องเที่ยวภูลังกา","ภาคเหนือ","พะเยา","2","1","1","0","not_requested"
"2069","att_2069_2010120911214109952","2010120911214109952","อุทยานแห่งชาติแม่ปืม","ภาคเหนือ","พะเยา","2","1","1","0","not_requested"
"2070","att_2070_2010120911214109952","2010120911214109952","ศูนย์พัฒนาโครงการหลวงปังค่า","ภาคเหนือ","พะเยา","2","1","1","0","not_requested"
"2071","att_2071_2010120911214109952","2010120911214109952","น้ำตกห้วยชมพู","ภาคเหนือ","พะเยา","2","1","1","0","not_requested"
"2072","att_2072_2010120911214109952","2010120911214109952","ต้นดิกเดียม วัดปรางค์","ภาคเหนือ","น่าน","2","1","1","0","not_requested"
"2073","att_2073_2010120911214109952","2010120911214109952","เสาดินนาน้อยและคอกเสือ","ภาคเหนือ","น่าน","2","1","1","0","not_requested"
"2074","att_2074_2010120911214109952","2010120911214109952","สถานีพัฒนาการเกษตรที่สูงตามพระราชดำริ ภูพยัคฆ์","ภาคเหนือ","น่าน","2","1","1","0","not_requested"
"2075","att_2075_2010120911214109952","2010120911214109952","วัดท่าถนน","ภาคเหนือ","อุตรดิตถ์","2","1","1","0","not_requested"
"2076","att_2076_2010120911214109952","2010120911214109952","อุทยานแห่งชาติแม่วะ","ภาคเหนือ","ลำปาง","2","1","1","0","not_requested"
"2077","att_2077_2010120911214109952","2010120911214109952","อ่างเก็บน้ำแม่มอก","ภาคเหนือ","ลำปาง","2","1","1","0","not_requested"
"2078","att_2078_2010120911214109952","2010120911214109952","น้ำตกวังแก้ว","ภาคเหนือ","ลำปาง","2","1","1","0","not_requested"
"2079","att_2079_2010120911214109952","2010120911214109952","สะพานรัษฎาภิเศก","ภาคเหนือ","ลำปาง","2","1","1","0","not_requested"
"2080","att_2080_2010120911214109952","2010120911214109952","อุทยานแห่งชาติดอยจง","ภาคเหนือ","ลำปาง","2","1","1","0","not_requested"
"2081","att_2081_2010120911214109952","2010120911214109952","วัดเสลารัตนปัพพตาราม","ภาคเหนือ","ลำปาง","2","1","1","0","not_requested"
"2082","att_2082_2010120911214109952","2010120911214109952","ลำปางรักษ์สมุนไพร","ภาคเหนือ","ลำปาง","2","1","1","0","not_requested"
"2083","att_2083_2010120911214109952","2010120911214109952","วัดป่าฝาง","ภาคเหนือ","ลำปาง","2","1","1","0","not_requested"
"2084","att_2084_2010120911214109952","2010120911214109952","อ่างเก็บน้ำแม่ธิโครงการในพระราชดำริ","ภาคเหนือ","ลำพูน","2","1","1","0","not_requested"
"2085","att_2085_2010120911214109952","2010120911214109952","ศูนย์หัตถกรรมผ้าฝ้ายทอมือบ้านดอนหลวง","ภาคเหนือ","ลำพูน","2","1","1","0","not_requested"
"2086","att_2086_2010120911214109952","2010120911214109952","อ่างเก็บน้ำแม่วังส้าน","ภาคเหนือ","ลำพูน","2","1","1","0","not_requested"
"2087","att_2087_2010120911214109952","2010120911214109952","วัดสันกำแพง","ภาคเหนือ","ลำพูน","2","1","1","0","not_requested"
"2088","att_2088_2010120911214109952","2010120911214109952","วัดป่าซางงาม","ภาคเหนือ","ลำพูน","2","1","1","0","not_requested"
"2089","att_2089_2010120911214109952","2010120911214109952","อุทยานธรรมะและหอศิลป์","ภาคเหนือ","ลำพูน","2","1","1","0","not_requested"
"2090","att_2090_2010120911214109952","2010120911214109952","โบราณสถานวัดเกาะกลาง","ภาคเหนือ","ลำพูน","2","1","1","0","not_requested"
"2091","att_2091_2010120911214109952","2010120911214109952","วัดพระธาตุดอยกวางคำ","ภาคเหนือ","ลำพูน","2","1","1","0","not_requested"
"2092","att_2092_2010120911214109952","2010120911214109952","ศูนย์พัฒนาโครงการหลวงพระบาทห้วยต้ม","ภาคเหนือ","ลำพูน","2","1","1","0","not_requested"
"2093","att_2093_2010120911214109952","2010120911214109952","พระธาตุดวงเดียว","ภาคเหนือ","ลำพูน","2","1","1","0","not_requested"
"2094","att_2094_2010120911214109952","2010120911214109952","วัดมหาธาตุเจดีย์ศรีเวียงชัย","ภาคเหนือ","ลำพูน","2","1","1","0","not_requested"
"2095","att_2095_2010120911214109952","2010120911214109952","พระธาตุเจดีย์ห้าดวง","ภาคเหนือ","ลำพูน","2","1","1","0","not_requested"
"2096","att_2096_2010120911214109952","2010120911214109952","วัดบ้านปาง","ภาคเหนือ","ลำพูน","2","1","1","0","not_requested"
"2097","att_2097_2010120911214109952","2010120911214109952","พระพุทธบาทถ้ำป่าไผ่","ภาคเหนือ","ลำพูน","2","1","1","0","not_requested"
"2098","att_2098_2010120911214109952","2010120911214109952","หมู่บ้านกะเหรี่ยงแม่ขนาด","ภาคเหนือ","ลำพูน","2","1","1","0","not_requested"
"2099","att_2099_2010120911214109952","2010120911214109952","ชุมชนบ้านทาป่าเปา","ภาคเหนือ","ลำพูน","2","1","1","0","not_requested"
"2100","att_2100_2010120911214109952","2010120911214109952","สะพานขาวทาชมภู","ภาคเหนือ","ลำพูน","2","1","1","0","not_requested"
"2101","att_2101_2010120911214109952","2010120911214109952","ดอยขุนตาล","ภาคเหนือ","ลำพูน","2","1","1","0","not_requested"
"2102","att_2102_2010120911214109952","2010120911214109952","อ่างเก็บน้ำทาสบเส้า","ภาคเหนือ","ลำพูน","2","1","1","0","not_requested"
"2103","att_2103_2010120911214109952","2010120911214109952","บ้านม้า ลำพูน","ภาคเหนือ","ลำพูน","2","1","1","0","not_requested"
"2104","att_2104_2010120911214109952","2010120911214109952","ดอยขะม้อ บ่อน้ำทิพย์","ภาคเหนือ","ลำพูน","2","1","1","0","not_requested"
"2105","att_2105_2010120911214109952","2010120911214109952","วัดหมูเปิ้ง","ภาคเหนือ","ลำพูน","2","1","1","0","not_requested"
"2106","att_2106_2010120911214109952","2010120911214109952","วัดพระคงฤาษี","ภาคเหนือ","ลำพูน","2","1","1","0","not_requested"
"2107","att_2107_2010120911214109952","2010120911214109952","สวนส้มธนาธร","ภาคเหนือ","เชียงใหม่","2","1","1","0","not_requested"
"2108","att_2108_2010120911214109952","2010120911214109952","ศูนย์การเรียนรู้ปรัชญาเศรษฐกิจพอเพียงตามแนวพระราชดำริฯ","ภาคเหนือ","เชียงใหม่","2","1","1","0","not_requested"
"2109","att_2109_2010120911214109952","2010120911214109952","บ้านควายไทย","ภาคเหนือ","เชียงใหม่","2","1","1","0","not_requested"
"2110","att_2110_2010120911214109952","2010120911214109952","สวนสัตว์แมลงสยาม","ภาคเหนือ","เชียงใหม่","2","1","1","0","not_requested"
"2111","att_2111_2010120911214109952","2010120911214109952","สวนกล้วยไม้และฟาร์มผีเสื้อ","ภาคเหนือ","เชียงใหม่","2","1","1","0","not_requested"
"2112","att_2112_2010120911214109952","2010120911214109952","กาดดารา","ภาคเหนือ","เชียงใหม่","2","1","1","0","not_requested"
"2113","att_2113_2010120911214109952","2010120911214109952","น้ำตกแม่สา","ภาคเหนือ","เชียงใหม่","2","1","1","0","not_requested"
"2114","att_2114_2010120911214109952","2010120911214109952","ปางช้างแอลลี่","ภาคเหนือ","เชียงใหม่","2","1","1","0","not_requested"
"2115","att_2115_2010120911214109952","2010120911214109952","บ้านม้งแม่สาใหม่","ภาคเหนือ","เชียงใหม่","2","1","1","0","not_requested"
"2116","att_2116_2010120911214109952","2010120911214109952","พิพิธภัณฑ์แหล่งเตาเผาอินทขิล","ภาคเหนือ","เชียงใหม่","2","1","1","0","not_requested"
"2117","att_2117_2010120911214109952","2010120911214109952","หมู่บ้านม้งแม่ขุนวาก","ภาคเหนือ","เชียงใหม่","2","1","1","0","not_requested"
"2118","att_2118_2010120911214109952","2010120911214109952","ดอยม่อนจอง","ภาคเหนือ","เชียงใหม่","2","1","1","0","not_requested"
"2119","att_2119_2010120911214109952","2010120911214109952","พิพิธภัณฑ์วัดร้องเม็ง","ภาคเหนือ","เชียงใหม่","2","1","1","0","not_requested"
"2120","att_2120_2010120911214109952","2010120911214109952","สวนส้ม ไทย อโกร แพลนเทค","ภาคเหนือ","เชียงใหม่","2","1","1","0","not_requested"
"2121","att_2121_2010120911214109952","2010120911214109952","ถนนนิมมานเหมินทร์","ภาคเหนือ","เชียงใหม่","2","1","1","0","not_requested"
"2122","att_2122_2010120911214109952","2010120911214109952","ถนนคนเดินสันกำแพง","ภาคเหนือ","เชียงใหม่","2","1","1","0","not_requested"
"2123","att_2123_2010120911214109952","2010120911214109952","เจเจ มาร์เก็ต เชียงใหม่","ภาคเหนือ","เชียงใหม่","2","1","1","0","not_requested"
"2124","att_2124_2010120911214109952","2010120911214109952","อาสนวิหารพระหฤทัย","ภาคเหนือ","เชียงใหม่","2","1","1","0","not_requested"
"2125","att_2125_2010120911214109952","2010120911214109952","วัดอู่ทรายคำ","ภาคเหนือ","เชียงใหม่","2","1","1","0","not_requested"
"2126","att_2126_2010120911214109952","2010120911214109952","วัดพวกหงษ์","ภาคเหนือ","เชียงใหม่","2","1","1","0","not_requested"
"2127","att_2127_2010120911214109952","2010120911214109952","วัดบวกครกหลวง","ภาคเหนือ","เชียงใหม่","2","1","1","0","not_requested"
"2128","att_2128_2010120911214109952","2010120911214109952","สถาบันล้านนาศึกษา","ภาคเหนือ","เชียงใหม่","2","1","1","0","not_requested"
"2129","att_2129_2010120911214109952","2010120911214109952","พิพิธภัณฑ์บ้านคำอูน","ภาคเหนือ","เชียงใหม่","2","1","1","0","not_requested"
"2130","att_2130_2010120911214109952","2010120911214109952","พิพิธภัณฑ์ ธนาคารแห่งประเทศไทย สำนักงานภาคเหนือ","ภาคเหนือ","เชียงใหม่","2","1","1","0","not_requested"
"2131","att_2131_2010120911214109952","2010120911214109952","ศูนย์ธรรมชาติวิทยาดอยสุเทพเฉลิมพระเกียรติฯ","ภาคเหนือ","เชียงใหม่","2","1","1","0","not_requested"
"2132","att_2132_2010120911214109952","2010120911214109952","บ้านป๊อก","ภาคเหนือ","เชียงใหม่","2","1","1","0","not_requested"
"2133","att_2133_2010120911214109952","2010120911214109952","พิพิธภัณฑ์พระพิฆเนศ","ภาคเหนือ","เชียงใหม่","2","1","1","0","not_requested"
"2134","att_2134_2010120911214109952","2010120911214109952","น้ำตกทีลอเล","ภาคเหนือ","ตาก","2","1","1","0","not_requested"
"2135","att_2135_2010120911214109952","2010120911214109952","น้ำตกเซปละ","ภาคเหนือ","ตาก","2","1","1","0","not_requested"
"2136","att_2136_2010120911214109952","2010120911214109952","น้ำตกทีลอจ่อ","ภาคเหนือ","ตาก","2","1","1","0","not_requested"
"2137","att_2137_2010120911214109952","2010120911214109952","แม่น้ำเมย","ภาคเหนือ","ตาก","2","1","1","0","not_requested"
"2138","att_2138_2010120911214109952","2010120911214109952","อ่าวนุ่น","ภาคใต้","สตูล","2","1","1","0","not_requested"
"2139","att_2139_2010120911214109952","2010120911214109952","หมู่เกาะดง","ภาคใต้","สตูล","2","1","1","0","not_requested"
"2140","att_2140_2010120911214109952","2010120911214109952","อ่าวสน","ภาคใต้","สตูล","2","1","1","0","not_requested"
"2141","att_2141_2010120911214109952","2010120911214109952","อ่าวพันเตมะละกา","ภาคใต้","สตูล","2","1","1","0","not_requested"
"2142","att_2142_2010120911214109952","2010120911214109952","เกาะกำ","ภาคใต้","ระนอง","2","1","1","0","not_requested"
"2143","att_2143_2010120911214109952","2010120911214109952","เกาะพยาม","ภาคใต้","ระนอง","2","1","1","0","not_requested"
"2144","att_2144_2010120911214109952","2010120911214109952","บ่อน้ำร้อน-สวนสาธารณะรักษะวาริน","ภาคใต้","ระนอง","2","1","1","0","not_requested"
"2145","att_2145_2010120911214109952","2010120911214109952","ศูนย์ศิลปหัตถกรรมรูปหนังบางแก้ว","ภาคใต้","พัทลุง","2","1","1","0","not_requested"
"2146","att_2146_2010120911214109952","2010120911214109952","อุทยานแห่งชาติเขาปู่-เขาย่า","ภาคใต้","พัทลุง","2","1","1","0","not_requested"
"2147","att_2147_2010120911214109952","2010120911214109952","ศูนย์รวมหัตถกรรมกะลามะพร้าวเมืองพัทลุง","ภาคใต้","พัทลุง","2","1","1","0","not_requested"
"2148","att_2148_2010120911214109952","2010120911214109952","เขตรักษาพันธุ์สัตว์ป่าถ้ำเจ้าราม","ภาคเหนือ","สุโขทัย","2","1","1","0","not_requested"
"2149","att_2149_2010120911214109952","2010120911214109952","น้ำตกตาดดาว","ภาคเหนือ","สุโขทัย","2","1","1","0","not_requested"
"2150","att_2150_2010120911214109952","2010120911214109952","ศูนย์ศึกษาและอนุรักษ์เตาสังคโลก","ภาคเหนือ","สุโขทัย","2","1","1","0","not_requested"
"2151","att_2151_2010120911214109952","2010120911214109952","วัดพระศรีรัตนมหาธาตุเชลียง","ภาคเหนือ","สุโขทัย","2","1","1","0","not_requested"
"2152","att_2152_2010120911214109952","2010120911214109952","สวนหลวงพระร่วงเฉลิมพระเกียรติ (ทุ่งแม่ระวิง)","ภาคเหนือ","สุโขทัย","2","1","1","0","not_requested"
"2153","att_2153_2010120911214109952","2010120911214109952","หาดกะรนน้อย","ภาคใต้","ภูเก็ต","2","1","1","0","not_requested"
"2154","att_2154_2010120911214109952","2010120911214109952","ศูนย์อนุรักษ์อุทยานใต้ทะเลจุฬาภรณ์","ภาคใต้","พังงา","2","1","1","0","not_requested"
"2155","att_2155_2010120911214109952","2010120911214109952","แหลมปะการัง","ภาคใต้","พังงา","2","1","1","0","not_requested"
"2156","att_2156_2010120911214109952","2010120911214109952","เกาะคอเขา","ภาคใต้","พังงา","2","1","1","0","not_requested"
"2157","att_2157_2010120911214109952","2010120911214109952","กำแพงค่าย พระยาเสนานุชิต","ภาคใต้","พังงา","2","1","1","0","not_requested"
"2158","att_2158_2010120911214109952","2010120911214109952","อ่าวมังกร","ภาคใต้","พังงา","2","1","1","0","not_requested"
"2159","att_2159_2010120911214109952","2010120911214109952","วัดพระธาตุจอมทอง","ภาคเหนือ","แม่ฮ่องสอน","2","1","1","0","not_requested"
"2160","att_2160_2010120911214109952","2010120911214109952","อนุสรณ์สถานมิตรภาพไทย-ญี่ปุ่น","ภาคเหนือ","แม่ฮ่องสอน","2","1","1","0","not_requested"
"2161","att_2161_2010120911214109952","2010120911214109952","พระตำหนักปางตอง","ภาคเหนือ","แม่ฮ่องสอน","2","1","1","0","not_requested"
"2162","att_2162_2010120911214109952","2010120911214109952","น้ำตกผาเสื่อ","ภาคเหนือ","แม่ฮ่องสอน","2","1","1","0","not_requested"
"2163","att_2163_2010120911214109952","2010120911214109952","อุทยานแห่งชาติถ้ำปลา-น้ำตกผาเสื่อ","ภาคเหนือ","แม่ฮ่องสอน","2","1","1","0","not_requested"
"2164","att_2164_2010120911214109952","2010120911214109952","น้ำตกผาบ่อง","ภาคเหนือ","แม่ฮ่องสอน","2","1","1","0","not_requested"
"2165","att_2165_2010120911214109952","2010120911214109952","เกาะไก่","ภาคใต้","กระบี่","2","1","1","0","not_requested"
"2166","att_2166_2010120911214109952","2010120911214109952","เขากาโรส","ภาคใต้","กระบี่","2","1","1","0","not_requested"
"2167","att_2167_2010120911214109952","2010120911214109952","ศูนย์ส่งเสริมและพัฒนาอาชีพการเกษตรจังหวัดกระบี่ (พืชสวน)","ภาคใต้","กระบี่","2","1","1","0","not_requested"
"2168","att_2168_2010120911214109952","2010120911214109952","หาดทับแขก","ภาคใต้","กระบี่","2","1","1","0","not_requested"
"2169","att_2169_2010120911214109952","2010120911214109952","หาดคลองม่วง","ภาคใต้","กระบี่","2","1","1","0","not_requested"
"2170","att_2170_2010120911214109952","2010120911214109952","เกาะไผ่","ภาคใต้","กระบี่","2","1","1","0","not_requested"
"2171","att_2171_2010120911214109952","2010120911214109952","วัดพระธาตุผาเงา","ภาคเหนือ","เชียงราย","2","1","1","0","not_requested"
"2172","att_2172_2010120911214109952","2010120911214109952","กู่พระเจ้าเม็งราย","ภาคเหนือ","เชียงราย","2","1","1","0","not_requested"
"2173","att_2173_2010120911214109952","2010120911214109952","เขื่อนแม่งัดสมบูรณ์ชล","ภาคเหนือ","เชียงใหม่","2","1","1","0","not_requested"
"2174","att_2174_20100518224629900","20100518224629900","ถ้ำแก้วโครำ","ภาคใต้","ชุมพร","2","1","1","0","not_requested"
"2175","att_2175_20100518224629900","20100518224629900","น้ำตกผาเท","ภาคเหนือ","ตาก","2","1","1","0","not_requested"
"2176","att_2176_20100518224629900","20100518224629900","น้ำตกตาดม่าน","ภาคเหนือ","น่าน","2","1","1","0","not_requested"
"2177","att_2177_20100518224629900","20100518224629900","ศาลหลักเมืองปัตตานี","ภาคใต้","ปัตตานี","2","1","1","0","not_requested"
"2178","att_2178_20100518224629900","20100518224629900","น้ำตกโตนต้นเตย","ภาคใต้","พังงา","2","1","1","0","not_requested"
"2179","att_2179_20100518224629900","20100518224629900","สุสานเจ้าเมืองระนอง","ภาคใต้","ระนอง","2","1","1","0","not_requested"
"2180","att_2180_20100518224629900","20100518224629900","วัดม่อนพญาแช่","ภาคเหนือ","ลำปาง","2","1","1","0","not_requested"
"2181","att_2181_2010051822462990","2010051822462990","หาดปากบารา","ภาคใต้","สตูล","2","1","1","0","not_requested"
"2182","att_2182_20100518224629900","20100518224629900","พระพุทธบาทเขาเล่","ภาคใต้","สุราษฎร์ธานี","2","1","1","0","not_requested"
"2183","att_2183_20100518224629900","20100518224629900","วัดพระธาตุจอมปิง","ภาคเหนือ","ลำปาง","2","1","1","0","not_requested"
"2184","att_2184_20100518224629900","20100518224629900","วัดมุจลินทวาปีวิหาร","ภาคใต้","ปัตตานี","2","1","1","0","not_requested"
"2185","att_2185_20100518224629900","20100518224629900","น้ำตกหินเพิง","ภาคใต้","กระบี่","2","1","1","0","not_requested"
"2186","att_2186_20100518224629900","20100518224629900","น้ำตกผาผึ้ง","ภาคเหนือ","ตาก","2","1","1","0","not_requested"
"2187","att_2187_20100518224629900","20100518224629900","วัดชลธาราสิงเห","ภาคใต้","นราธิวาส","2","1","1","0","not_requested"
"2188","att_2188_20100518224629900","20100518224629900","ถ้ำผาหลัก","ภาคเหนือ","น่าน","2","1","1","0","not_requested"
"2189","att_2189_20100518224629900","20100518224629900","อุทยานแห่งชาติภูซาง","ภาคเหนือ","พะเยา","2","1","1","0","not_requested"
"2190","att_2190_20100518224629900","20100518224629900","น้ำตกโตนช่องฟ้า","ภาคใต้","พังงา","2","1","1","0","not_requested"
"2191","att_2191_20100518224629900","20100518224629900","วัดเขารูปช้าง","ภาคเหนือ","พิจิตร","2","1","1","0","not_requested"
"2192","att_2192_20100518224629900","20100518224629900","พระตำหนักเขาค้อ","ภาคเหนือ","เพชรบูรณ์","2","1","1","0","not_requested"
"2193","att_2193_20100518224629900","20100518224629900","บ่อน้ำร้อนเบตง","ภาคใต้","ยะลา","2","1","1","0","not_requested"
"2194","att_2194_2010051822462990","2010051822462990","ทะเลสาบสงขลา","ภาคใต้","สงขลา","2","1","1","0","not_requested"
"2195","att_2195_20100518224629900","20100518224629900","อุทยานวิทยาศาสตร์ มหาวิทยาลัยสงขลานครินทร์","ภาคใต้","สงขลา","2","1","1","0","not_requested"
"2196","att_2196_20100518224629900","20100518224629900","น้ำตกยาโรย","ภาคใต้","สตูล","2","1","1","0","not_requested"
"2197","att_2197_201005182246299","201005182246299","อาคารสัญลักษณ์ต้นแม่น้ำเจ้าพระยา(พาสาน)","ภาคเหนือ","นครสวรรค์","2","1","1","0","not_requested"
"2198","att_2198_20100518224629800","20100518224629800","วัดสังกัสรัตนคีรี","ภาคเหนือ","อุทัยธานี","2","1","1","0","not_requested"
"2199","att_2199_20100518224629800","20100518224629800","วนอุทยานทุ่งบัวตอง","ภาคเหนือ","แม่ฮ่องสอน","2","1","1","0","not_requested"
"2200","att_2200_20100518224629800","20100518224629800","น้ำตกป่าหวาย","ภาคเหนือ","ตาก","2","1","1","0","not_requested"
"2201","att_2201_2010051822462980","2010051822462980","วัดถ้ำคูหา","ภาคใต้","สุราษฎร์ธานี","2","1","1","0","not_requested"
"2202","att_2202_20100518224629800","20100518224629800","น้ำตกลาดเตย","ภาคใต้","พัทลุง","2","1","1","0","not_requested"
"2203","att_2203_20100518224629800","20100518224629800","น้ำตกอินทสร","ภาคใต้","ยะลา","2","1","1","0","not_requested"
"2204","att_2204_20100518224629800","20100518224629800","มัสยิดกลางนราธิวาส (เก่า)","ภาคใต้","นราธิวาส","2","1","1","0","not_requested"
"2205","att_2205_20100518224629800","20100518224629800","วัดห้วยเขน","ภาคเหนือ","พิจิตร","2","1","1","0","not_requested"
"2206","att_2206_20100518224629800","20100518224629800","สำนักวิปัสสนาถ้ำตุ๊ปู่","ภาคเหนือ","เชียงราย","2","1","1","0","not_requested"
"2207","att_2207_20100518224629800","20100518224629800","หอวัฒนธรรมจังหวัดนครสวรรค์","ภาคเหนือ","นครสวรรค์","2","1","1","0","not_requested"
"2208","att_2208_20100518224629800","20100518224629800","วัดราษฎร์บูรณะ (วัดช้างให้)","ภาคใต้","ปัตตานี","2","1","1","0","not_requested"
"2209","att_2209_20100518224629800","20100518224629800","น้ำตกแสงทอง","ภาคใต้","พังงา","2","1","1","0","not_requested"
"2210","att_2210_20100518224629800","20100518224629800","ศิลาสลักพระปรมาภิไธย ย่อ จปร.","ภาคใต้","ระนอง","2","1","1","0","not_requested"
"2211","att_2211_20100518224629800","20100518224629800","พิพิธภัณฑสถานแห่งชาติสงขลา","ภาคใต้","สงขลา","2","1","1","0","not_requested"
"2212","att_2212_20100518224629800","20100518224629800","น้ำตกละอองรุ้ง","ภาคใต้","ยะลา","2","1","1","0","not_requested"
"2213","att_2213_20100518224629800","20100518224629800","วัดหาดส้มแป้น","ภาคใต้","ระนอง","2","1","1","0","not_requested"
"2214","att_2214_20100518224629800","20100518224629800","เชียงรายไนท์บาซ่าร์","ภาคเหนือ","เชียงราย","2","1","1","0","not_requested"
"2215","att_2215_20100518224629700","20100518224629700","วนอุทยานปราสาทนางผมหอม","ภาคใต้","ปัตตานี","2","1","1","0","not_requested"
"2216","att_2216_20100518224629700","20100518224629700","น้ำตกร้อน","ภาคใต้","กระบี่","2","1","1","0","not_requested"
"2217","att_2217_20100518224629700","20100518224629700","วัดถ้ำเขาเกรียบ","ภาคใต้","ชุมพร","2","1","1","0","not_requested"
"2218","att_2218_20100518224629700","20100518224629700","ศาลเจ้าพ่อเทพารักษ์-เจ้าแม่ทับทิม","ภาคเหนือ","นครสวรรค์","2","1","1","0","not_requested"
"2219","att_2219_2010051822462970","2010051822462970","หาดนราทัศน์","ภาคใต้","นราธิวาส","2","1","1","0","not_requested"
"2220","att_2220_20100518224629700","20100518224629700","วัดพระธาตุดอยจุก","ภาคเหนือ","พะเยา","2","1","1","0","not_requested"
"2221","att_2221_20100518224629700","20100518224629700","น้ำตกเต่าทอง","ภาคใต้","พังงา","2","1","1","0","not_requested"
"2222","att_2222_20100518224629700","20100518224629700","วัดหิรัญญาราม (วัดบางคลาน)","ภาคเหนือ","พิจิตร","2","1","1","0","not_requested"
"2223","att_2223_20100518224629700","20100518224629700","น้ำตกแก่งซอง","ภาคเหนือ","พิษณุโลก","2","1","1","0","not_requested"
"2224","att_2224_20100518224629700","20100518224629700","ถ้ำแม่ฮู","ภาคเหนือ","แม่ฮ่องสอน","2","1","1","0","not_requested"
"2225","att_2225_20100518224629700","20100518224629700","พลับพลาวิหารแดง","ภาคใต้","สงขลา","2","1","1","0","not_requested"
"2226","att_2226_20100518224629700","20100518224629700","พระธาตุศรีสุราษฎร์","ภาคใต้","สุราษฎร์ธานี","2","1","1","0","not_requested"
"2227","att_2227_20100518224629700","20100518224629700","วัดปงยางคก","ภาคเหนือ","ลำปาง","2","1","1","0","not_requested"
"2228","att_2228_20100518224629700","20100518224629700","บึงขุนทะเล","ภาคใต้","สุราษฎร์ธานี","2","1","1","0","not_requested"
"2229","att_2229_20100518224629700","20100518224629700","ทุ่งหญ้าวังประ","ภาคใต้","สตูล","2","1","1","0","not_requested"
"2230","att_2230_2010051822462970","2010051822462970","กะเหรี่ยงคอยาวบ้านห้วยเสือเฒ่า","ภาคเหนือ","แม่ฮ่องสอน","2","1","1","0","not_requested"
"2231","att_2231_20100518224629700","20100518224629700","วัดมหาธาตุ","ภาคเหนือ","พิจิตร","2","1","1","0","not_requested"
"2232","att_2232_20100518224629700","20100518224629700","อุทยานแห่งชาติถ้ำผาไท","ภาคเหนือ","ลำปาง","2","1","1","0","not_requested"
"2233","att_2233_20100518224629700","20100518224629700","สระมรกต","ภาคใต้","กระบี่","2","1","1","0","not_requested"
"2234","att_2234_20100518224629700","20100518224629700","วัดถ้ำเขาทะเลทรัพย์","ภาคใต้","ชุมพร","2","1","1","0","not_requested"
"2235","att_2235_20100518224629700","20100518224629700","ดอยแม่สลอง","ภาคเหนือ","เชียงราย","2","1","1","0","not_requested"
"2236","att_2236_20100518224629700","20100518224629700","น้ำตกธารารักษ์","ภาคเหนือ","ตาก","2","1","1","0","not_requested"
"2237","att_2237_20100518224629700","20100518224629700","พิพิธภัณฑ์พื้นบ้านโละจูด","ภาคใต้","นราธิวาส","2","1","1","0","not_requested"
"2238","att_2238_2010051822462970","2010051822462970","คอคอดกระ","ภาคใต้","ระนอง","2","1","1","0","not_requested"
"2239","att_2239_20100518224629600","20100518224629600","น้ำตกหินลาด","ภาคใต้","พังงา","2","1","1","0","not_requested"
"2240","att_2240_20100518224629600","20100518224629600","น้ำตกโตนแพรทอง","ภาคใต้","พัทลุง","2","1","1","0","not_requested"
"2241","att_2241_20100518224629600","20100518224629600","วัดสุวรรณคีรีวิหาร","ภาคใต้","ระนอง","2","1","1","0","not_requested"
"2242","att_2242_2010051822462960","2010051822462960","พิพิธภัณฑ์อาวุธ","ภาคเหนือ","เพชรบูรณ์","2","1","1","0","not_requested"
"2243","att_2243_20100518224629600","20100518224629600","ตำหนักเขาน้อย","ภาคใต้","สงขลา","2","1","1","0","not_requested"
"2244","att_2244_20100518224629600","20100518224629600","วัดจันทาราม","ภาคเหนือ","อุทัยธานี","2","1","1","0","not_requested"
"2245","att_2245_20100518224629600","20100518224629600","วัดพระพุทธบาทเขารวก","ภาคเหนือ","พิจิตร","2","1","1","0","not_requested"
"2246","att_2246_20100518224629600","20100518224629600","ป้อมปากน้ำแหลมทราย","ภาคใต้","สงขลา","2","1","1","0","not_requested"
"2247","att_2247_20100518224629600","20100518224629600","มัสยิดกลางจังหวัดปัตตานี","ภาคใต้","ปัตตานี","2","1","1","0","not_requested"
"2248","att_2248_20100518224629600","20100518224629600","พิพิธภัณฑสถานแห่งชาติกำแพงเพชร","ภาคเหนือ","กำแพงเพชร","2","1","1","0","not_requested"
"2249","att_2249_20100518224629600","20100518224629600","ภูเขาไฟผาลาด","ภาคเหนือ","ลำปาง","2","1","1","0","not_requested"
"2250","att_2250_20100518224629600","20100518224629600","น้ำตกลำรู่","ภาคใต้","พังงา","2","1","1","0","not_requested"
"2251","att_2251_20100518224629600","20100518224629600","พระตำหนักพระศรีนครินทราบรมราชชนนี","ภาคเหนือ","พะเยา","2","1","1","0","not_requested"
"2252","att_2252_20100518224629600","20100518224629600","น้ำตกธารโบกขรณี","ภาคใต้","กระบี่","2","1","1","0","not_requested"
"2253","att_2253_20100518224629600","20100518224629600","วัดถ้ำเขาขุนกระทิง","ภาคใต้","ชุมพร","2","1","1","0","not_requested"
"2254","att_2254_20100518224629600","20100518224629600","เทศกาลดอกบัวตองบานที่ดอยหัวแม่คำ","ภาคเหนือ","เชียงราย","2","1","1","0","not_requested"
"2255","att_2255_20100518224629600","20100518224629600","พระตำหนักทักษิณราชนิเวศน์","ภาคใต้","นราธิวาส","2","1","1","0","not_requested"
"2256","att_2256_20100518224629600","20100518224629600","ถ้ำผีแมน","ภาคเหนือ","แม่ฮ่องสอน","2","1","1","0","not_requested"
"2257","att_2257_20100518224629600","20100518224629600","น้ำตกตะวันรัศมี","ภาคใต้","ยะลา","2","1","1","0","not_requested"
"2258","att_2258_20100518224629600","20100518224629600","ภูเขาหญ้า","ภาคใต้","ระนอง","2","1","1","0","not_requested"
"2259","att_2259_20100518224629500","20100518224629500","น้ำตกสิรินธร","ภาคใต้","นราธิวาส","2","1","1","0","not_requested"
"2260","att_2260_20100518224629500","20100518224629500","บ้านทองสมสมัย","ภาคเหนือ","สุโขทัย","2","1","1","0","not_requested"
"2261","att_2261_20100518224629500","20100518224629500","ดอยวาวี","ภาคเหนือ","เชียงราย","2","1","1","0","not_requested"
"2262","att_2262_20100518224629500","20100518224629500","น้ำตกสี่ขีด","ภาคใต้","นครศรีธรรมราช","2","1","1","0","not_requested"
"2263","att_2263_20100518224629500","20100518224629500","วัดนครสวรรค์ (วัดหัวเมือง)","ภาคเหนือ","นครสวรรค์","2","1","1","0","not_requested"
"2264","att_2264_20100518224629500","20100518224629500","มัสยิดกรือเซะ","ภาคใต้","ปัตตานี","2","1","1","0","not_requested"
"2265","att_2265_20100518224629500","20100518224629500","ฝั่งต้า","ภาคเหนือ","พะเยา","2","1","1","0","not_requested"
"2266","att_2266_20100518224629500","20100518224629500","น้ำตกลำปี","ภาคใต้","พังงา","2","1","1","0","not_requested"
"2267","att_2267_20100518224629500","20100518224629500","วัดนครชุม","ภาคเหนือ","พิจิตร","2","1","1","0","not_requested"
"2268","att_2268_20100518224629500","20100518224629500","น้ำตกท่าช้าง","ภาคใต้","พัทลุง","2","1","1","0","not_requested"
"2269","att_2269_20100518224629500","20100518224629500","น้ำตกศรีดิษฐ์","ภาคเหนือ","เพชรบูรณ์","2","1","1","0","not_requested"
"2270","att_2270_20100518224629500","20100518224629500","ถ้ำผามอน","ภาคเหนือ","แม่ฮ่องสอน","2","1","1","0","not_requested"
"2271","att_2271_20100518224629500","20100518224629500","น้ำตกตาดเมย","ภาคเหนือ","ลำพูน","2","1","1","0","not_requested"
"2272","att_2272_20100518224629500","20100518224629500","บ้านศรัทธา","ภาคใต้","สงขลา","2","1","1","0","not_requested"
"2273","att_2273_2010051822462950","2010051822462950","ป้อมทุ่งเศรษฐี","ภาคเหนือ","กำแพงเพชร","2","1","1","0","not_requested"
"2274","att_2274_20100518224629500","20100518224629500","วัดท่าหลวง พระอารามหลวง","ภาคเหนือ","พิจิตร","2","1","1","0","not_requested"
"2275","att_2275_20100518224629500","20100518224629500","น้ำตกปาโจ","ภาคใต้","นราธิวาส","2","1","1","0","not_requested"
"2276","att_2276_20100518224629500","20100518224629500","น้ำตกธารสวรรค์","ภาคเหนือ","พะเยา","2","1","1","0","not_requested"
"2277","att_2277_20100518224629500","20100518224629500","น้ำตกตะโหมด","ภาคใต้","พัทลุง","2","1","1","0","not_requested"
"2278","att_2278_20100518224629500","20100518224629500","น้ำตกโตนเพชร","ภาคใต้","ระนอง","2","1","1","0","not_requested"
"2279","att_2279_20100518224629400","20100518224629400","วัดเทพเจริญ","ภาคใต้","ชุมพร","2","1","1","0","not_requested"
"2280","att_2280_2010051822462940","2010051822462940","อุทยานแห่งชาติถ้ำหลวง - ขุนน้ำนางนอน (เตรียมการ)","ภาคเหนือ","เชียงราย","2","1","1","0","not_requested"
"2281","att_2281_20100518224629400","20100518224629400","ถ้ำแม่อุสุ","ภาคเหนือ","ตาก","2","1","1","0","not_requested"
"2282","att_2282_20100518224629400","20100518224629400","วัดถ้ำพรสวรรค์","ภาคเหนือ","นครสวรรค์","2","1","1","0","not_requested"
"2283","att_2283_20100518224629400","20100518224629400","น้ำตกก้อหลวง","ภาคเหนือ","ลำพูน","2","1","1","0","not_requested"
"2284","att_2284_20100518224629400","20100518224629400","ถ้ำเขาทะนาน","ภาคใต้","สตูล","2","1","1","0","not_requested"
"2285","att_2285_20100518224629400","20100518224629400","บ่อน้ำศักดิ์สิทธิ์ วัดแหลมบ่อท่อ","ภาคใต้","สงขลา","2","1","1","0","not_requested"
"2286","att_2286_2010051822462940","2010051822462940","ดอยหัวหมด","ภาคเหนือ","ตาก","2","1","1","0","not_requested"
"2287","att_2287_20100518224629400","20100518224629400","จุดชมวิวสามอ่าว","ภาคใต้","ภูเก็ต","2","1","1","0","not_requested"
"2288","att_2288_20100518224629400","20100518224629400","อุทยานแห่งชาติน้ำตกซีโป","ภาคใต้","นราธิวาส","2","1","1","0","not_requested"
"2289","att_2289_20100518224629400","20100518224629400","กลุ่มทอผ้าไทลื้อบ้านหล่ายทุ่ง","ภาคเหนือ","น่าน","2","1","1","0","not_requested"
"2290","att_2290_20100518224629400","20100518224629400","น้ำตกตำหนัง","ภาคใต้","พังงา","2","1","1","0","not_requested"
"2291","att_2291_20100518224629400","20100518224629400","น้ำตกอีซ่า","ภาคเหนือ","อุทัยธานี","2","1","1","0","not_requested"
"2292","att_2292_20100518224629400","20100518224629400","ถ้ำเพชร","ภาคใต้","กระบี่","2","2","0","0","not_requested"
"2293","att_2293_20100518224629400","20100518224629400","ถ้ำพิสดาร","ภาคใต้","ชุมพร","2","1","1","0","not_requested"
"2294","att_2294_20100518224629400","20100518224629400","ดอยดินแดง เครื่องปั้นดินเผา","ภาคเหนือ","เชียงราย","2","1","1","0","not_requested"
"2295","att_2295_20100518224629400","20100518224629400","วนอุทยานถ้ำตะโค๊ะบิ","ภาคเหนือ","ตาก","2","1","1","0","not_requested"
"2296","att_2296_20100518224629300","20100518224629300","วัดท่าช้าง","ภาคเหนือ","พิจิตร","2","1","1","0","not_requested"
"2297","att_2297_20100518224629300","20100518224629300","น้ำตกปอย","ภาคเหนือ","พิษณุโลก","2","1","1","0","not_requested"
"2298","att_2298_20100518224629300","20100518224629300","จุดชมวิวดอยช้าง","ภาคเหนือ","แม่ฮ่องสอน","2","1","1","0","not_requested"
"2299","att_2299_20100518224629300","20100518224629300","ทุ่งกิ๊ก","ภาคเหนือ","ลำพูน","2","1","1","0","not_requested"
"2300","att_2300_20100518224629300","20100518224629300","น้ำพุร้อน","ภาคใต้","สงขลา","2","1","1","0","not_requested"
"2301","att_2301_2010051822462930","2010051822462930","สุสานบ้านดาโต๊ะ (สุสานโต๊ะปาแย)","ภาคใต้","ปัตตานี","2","1","1","0","not_requested"
"2302","att_2302_20100518224629300","20100518224629300","ดอยปู่หมื่น","ภาคเหนือ","เชียงใหม่","2","1","1","0","not_requested"
"2303","att_2303_20100518224629300","20100518224629300","จุดชมวิวกิ่วลม","ภาคเหนือ","แม่ฮ่องสอน","2","1","1","0","not_requested"
"2304","att_2304_20100518224629300","20100518224629300","ถ้ำมาลัย","ภาคใต้","พัทลุง","2","1","1","0","not_requested"
"2305","att_2305_20100518224629300","20100518224629300","น้ำตกโตนงาช้าง","ภาคใต้","สงขลา","2","1","1","0","not_requested"
"2306","att_2306_20100518224629300","20100518224629300","น้ำตกฉัตรวาริน","ภาคใต้","นราธิวาส","2","1","1","0","not_requested"
"2307","att_2307_20100518224629300","20100518224629300","ต้นกระบากใหญ่","ภาคเหนือ","ตาก","2","1","1","0","not_requested"
"2308","att_2308_201005182246292992","201005182246292992","น้ำตกแม่โถ","ภาคเหนือ","เชียงราย","2","1","1","0","not_requested"
"2309","att_2309_201005182246292992","201005182246292992","ดอยมด","ภาคเหนือ","เชียงราย","2","1","1","0","not_requested"
"2310","att_2310_201005182246292992","201005182246292992","อุทยานแห่งชาติขุนแจ","ภาคเหนือ","เชียงราย","2","1","1","0","not_requested"
"2311","att_2311_201005182246292992","201005182246292992","ศูนย์ส่งเสริมการเกษตรที่สูงหัวแม่คำ","ภาคเหนือ","เชียงราย","2","1","1","0","not_requested"
"2312","att_2312_20100518224629300","20100518224629300","น้ำตกกรุงชิง","ภาคใต้","นครศรีธรรมราช","2","1","1","0","not_requested"
"2313","att_2313_201005182246292992","201005182246292992","บ้านเทอดไทย","ภาคเหนือ","เชียงราย","2","1","1","0","not_requested"
"2314","att_2314_201005182246292992","201005182246292992","บ้านม้งเก้าหลัง","ภาคเหนือ","เชียงราย","2","1","1","0","not_requested"
"2315","att_2315_201005182246292992","201005182246292992","น้ำพุร้อนป่าตึง","ภาคเหนือ","เชียงราย","2","1","1","0","not_requested"
"2316","att_2316_201005182246292992","201005182246292992","น้ำตกปางสา","ภาคเหนือ","เชียงราย","2","1","1","0","not_requested"
"2317","att_2317_201005182246292992","201005182246292992","วัดร่องขุ่น","ภาคเหนือ","เชียงราย","2","1","1","0","not_requested"
"2318","att_2318_2010051822462930","2010051822462930","กว๊านพะเยา","ภาคเหนือ","พะเยา","2","1","1","0","not_requested"
"2319","att_2319_201005182246292992","201005182246292992","วัดกลางเวียง","ภาคเหนือ","เชียงราย","2","1","1","0","not_requested"
"2320","att_2320_201005182246292992","201005182246292992","วัดศรีบุญเรือง","ภาคเหนือ","เชียงราย","2","1","1","0","not_requested"
"2321","att_2321_201005182246292992","201005182246292992","น้ำตกนางแลใน","ภาคเหนือ","เชียงราย","2","1","1","0","not_requested"
"2322","att_2322_201005182246292992","201005182246292992","น้ำพุร้อนห้วยหมากเลี่ยม","ภาคเหนือ","เชียงราย","2","1","1","0","not_requested"
"2323","att_2323_201005182246292992","201005182246292992","บ่อน้ำพุร้อนห้วยทรายขาว","ภาคเหนือ","เชียงราย","2","1","1","0","not_requested"
"2324","att_2324_201005182246292992","201005182246292992","สถานีทดลองเกษตรที่สูงแม่จอนหลวง","ภาคเหนือ","เชียงใหม่","2","1","1","0","not_requested"
"2325","att_2325_201005182246292992","201005182246292992","อ่างเก็บน้ำห้วยตาดควัน","ภาคเหนือ","เชียงราย","2","1","1","0","not_requested"
"2326","att_2326_201005182246292992","201005182246292992","ชายแดนไทย-ลาว อำเภอเชียงแสน","ภาคเหนือ","เชียงราย","2","1","1","0","not_requested"
"2327","att_2327_201005182246292992","201005182246292992","บ้านท้องฝาย","ภาคเหนือ","เชียงใหม่","2","1","1","0","not_requested"
"2328","att_2328_20100518224629300","20100518224629300","จุดชมวิวบริเวณห้วยน้ำดัง","ภาคเหนือ","เชียงใหม่","2","1","1","0","not_requested"
"2329","att_2329_201005182246292992","201005182246292992","วัดศรีดอนชัย","ภาคเหนือ","เชียงราย","2","1","1","0","not_requested"
"2330","att_2330_201005182246292992","201005182246292992","วัดป่าแดด","ภาคเหนือ","เชียงใหม่","2","1","1","0","not_requested"
"2331","att_2331_201005182246292992","201005182246292992","บ้านกิ่วกาญจน์","ภาคเหนือ","เชียงราย","2","1","1","0","not_requested"
"2332","att_2332_201005182246292992","201005182246292992","ป่าสนบ้านวัดจันทร์","ภาคเหนือ","เชียงใหม่","2","1","1","0","not_requested"
"2333","att_2333_201005182246292992","201005182246292992","อุทยานศิลปะวัฒนธรรมแม่ฟ้าหลวง","ภาคเหนือ","เชียงราย","2","1","1","0","not_requested"
"2334","att_2334_201005182246292992","201005182246292992","โป่งน้ำร้อนห้วยหินฝน","ภาคเหนือ","เชียงราย","2","1","1","0","not_requested"
"2335","att_2335_201005182246292992","201005182246292992","วัดป่าเป้า","ภาคเหนือ","เชียงใหม่","2","1","1","0","not_requested"
"2336","att_2336_201005182246292992","201005182246292992","โป่งน้ำร้อนปูเฟื่อง","ภาคเหนือ","เชียงราย","2","1","1","0","not_requested"
"2337","att_2337_201005182246292992","201005182246292992","เมืองโบราณเวียงกาหลง","ภาคเหนือ","เชียงราย","2","1","1","0","not_requested"
"2338","att_2338_201005182246292992","201005182246292992","วัดพันเตา","ภาคเหนือ","เชียงใหม่","2","1","1","0","not_requested"
"2339","att_2339_201005182246292992","201005182246292992","วัดปราสาท","ภาคเหนือ","เชียงใหม่","2","1","1","0","not_requested"
"2340","att_2340_201005182246292992","201005182246292992","วัดอุปคุต","ภาคเหนือ","เชียงใหม่","2","1","1","0","not_requested"
"2341","att_2341_2010051822462930","2010051822462930","ถ้ำพุงช้าง","ภาคใต้","พังงา","2","1","1","0","not_requested"
"2342","att_2342_201005182246292992","201005182246292992","วัดบุปผาราม","ภาคเหนือ","เชียงใหม่","2","1","1","0","not_requested"
"2343","att_2343_201005182246292992","201005182246292992","อ่างเก็บน้ำถ้ำเสาหินพญานาค","ภาคเหนือ","เชียงราย","2","1","1","0","not_requested"
"2344","att_2344_201005182246292992","201005182246292992","อุทยานแห่งชาติดอยหลวง","ภาคเหนือ","เชียงราย","2","1","1","0","not_requested"
"2345","att_2345_201005182246292992","201005182246292992","หมู่บ้านคุ้ม","ภาคเหนือ","เชียงใหม่","2","1","1","0","not_requested"
"2346","att_2346_201005182246292992","201005182246292992","วนอุทยานประวัติศาสตร์เวียงเชียงรุ้ง","ภาคเหนือ","เชียงราย","2","1","1","0","not_requested"
"2347","att_2347_201005182246292992","201005182246292992","หมู่บ้านขอบด้ง","ภาคเหนือ","เชียงใหม่","2","1","1","0","not_requested"
"2348","att_2348_201005182246292992","201005182246292992","อาคารเทิดพระเกียรติ 90 ปี","ภาคเหนือ","เชียงราย","2","1","1","0","not_requested"
"2349","att_2349_201005182246292992","201005182246292992","อนุสาวรีย์พ่อขุนเม็งรายมหาราช","ภาคเหนือ","เชียงราย","2","1","1","0","not_requested"
"2350","att_2350_201005182246292992","201005182246292992","สวนบอนไซ","ภาคเหนือ","เชียงใหม่","2","1","1","0","not_requested"
"2351","att_2351_201005182246292992","201005182246292992","จุดชมวิวกิ่วลม เชียงใหม่","ภาคเหนือ","เชียงใหม่","2","1","1","0","not_requested"
"2352","att_2352_201005182246292992","201005182246292992","หาดเชียงราย","ภาคเหนือ","เชียงราย","2","1","1","0","not_requested"
"2353","att_2353_20100518224629300","20100518224629300","ถ้ำน้ำลอด เขาพลู","ภาคใต้","ชุมพร","2","1","1","0","not_requested"
"2354","att_2354_201005182246292992","201005182246292992","สถานีเกษตรหลวงอ่างขาง","ภาคเหนือ","เชียงใหม่","2","1","1","0","not_requested"
"2355","att_2355_201005182246292992","201005182246292992","แก่งผาได","ภาคเหนือ","เชียงราย","2","1","1","0","not_requested"
"2356","att_2356_201005182246292992","201005182246292992","หาดไคร้","ภาคเหนือ","เชียงราย","2","1","1","0","not_requested"
"2357","att_2357_20100518224629300","20100518224629300","ดอยผาตั้ง","ภาคเหนือ","เชียงราย","2","1","1","0","not_requested"
"2358","att_2358_201005182246292992","201005182246292992","บ้านผาหมี","ภาคเหนือ","เชียงราย","2","1","1","0","not_requested"
"2359","att_2359_201005182246292992","201005182246292992","หมู่บ้านแสนใจ (สามแยกอีก้อ)","ภาคเหนือ","เชียงราย","2","1","1","0","not_requested"
"2360","att_2360_201005182246292992","201005182246292992","หมู่บ้านกะเหรี่ยงรวมมิตร","ภาคเหนือ","เชียงราย","2","1","1","0","not_requested"
"2361","att_2361_201005182246292992","201005182246292992","อ่างกาหลวง","ภาคเหนือ","เชียงใหม่","2","1","1","0","not_requested"
"2362","att_2362_201005182246292992","201005182246292992","หนองรงค์","ภาคเหนือ","เชียงราย","2","1","1","0","not_requested"
"2363","att_2363_20100518224629300","20100518224629300","บึงบอระเพ็ด","ภาคเหนือ","นครสวรรค์","2","1","1","0","not_requested"
"2364","att_2364_201005182246292992","201005182246292992","หนองน้ำพุ","ภาคเหนือ","เชียงราย","2","1","1","0","not_requested"
"2365","att_2365_201005182246292992","201005182246292992","น้ำตกแม่เตี๊ยะ","ภาคเหนือ","เชียงใหม่","2","1","1","0","not_requested"
"2366","att_2366_201005182246292992","201005182246292992","สามเหลี่ยมทองคำ","ภาคเหนือ","เชียงราย","2","1","1","0","not_requested"
"2367","att_2367_201005182246292992","201005182246292992","โรงงานไทยศิลาดล","ภาคเหนือ","เชียงใหม่","2","1","1","0","not_requested"
"2368","att_2368_20100518224629300","20100518224629300","กลุ่มสตรีสหกรณ์ดอนไชย-ไร่อ้อย","ภาคเหนือ","น่าน","2","1","1","0","not_requested"
"2369","att_2369_201005182246292992","201005182246292992","โรงงานทำเครื่องเขิน","ภาคเหนือ","เชียงใหม่","2","1","1","0","not_requested"
"2370","att_2370_201005182246292992","201005182246292992","สวนสมเด็จพระศรีนครินทร์","ภาคเหนือ","เชียงราย","2","1","1","0","not_requested"
"2371","att_2371_2010051822462930","2010051822462930","แอ่งน้ำหูแร่","ภาคใต้","พัทลุง","2","1","1","0","not_requested"
"2372","att_2372_201005182246292992","201005182246292992","สวนรุกขชาติแม่ฟ้าหลวง","ภาคเหนือ","เชียงราย","2","1","1","0","not_requested"
"2373","att_2373_201005182246292992","201005182246292992","สถานีเกษตรหลวงอินทนนท์","ภาคเหนือ","เชียงใหม่","2","1","1","0","not_requested"
"2374","att_2374_201005182246292992","201005182246292992","โครงการหลวงห้วยลึก","ภาคเหนือ","เชียงใหม่","2","1","1","0","not_requested"
"2375","att_2375_201005182246292992","201005182246292992","เขตรักษาพันธุ์สัตว์ป่าโตนปริวรรต","ภาคใต้","พังงา","2","1","1","0","not_requested"
"2376","att_2376_201005182246292992","201005182246292992","ศูนย์พัฒนาโครงการหลวงทุ่งเริง (สวนกุหลาบหลวงห้วยผักไผ๋)","ภาคเหนือ","เชียงใหม่","2","1","1","0","not_requested"
"2377","att_2377_20100518224629300","20100518224629300","พลับพลาที่ประทับของรัชกาลที่ 7","ภาคใต้","ปัตตานี","2","1","1","0","not_requested"
"2378","att_2378_201005182246292992","201005182246292992","ศูนย์ส่งเสริมและพัฒนาอาชีพการเกษตรจังหวัดเชียงราย (เกษตรที่สูง)","ภาคเหนือ","เชียงราย","2","1","1","0","not_requested"
"2379","att_2379_201005182246292992","201005182246292992","ศาลหลักเมืองแม่สาย","ภาคเหนือ","เชียงราย","2","1","1","0","not_requested"
"2380","att_2380_201005182246292992","201005182246292992","เกาะห้อง","ภาคใต้","พังงา","2","1","1","0","not_requested"
"2381","att_2381_201005182246292992","201005182246292992","สวนสมเด็จพระศรีนครินทร์","ภาคใต้","พังงา","2","1","1","0","not_requested"
"2382","att_2382_201005182246292992","201005182246292992","ศาลสมเด็จพระนเรศวรมหาราช","ภาคเหนือ","เชียงราย","2","1","1","0","not_requested"
"2383","att_2383_201005182246292992","201005182246292992","วนอุทยานน้ำตกแม่สวรรค์น้อย","ภาคเหนือ","แม่ฮ่องสอน","2","1","1","0","not_requested"
"2384","att_2384_20100518224629300","20100518224629300","วนอุทยานน้ำตกน้ำมิน","ภาคเหนือ","พะเยา","2","1","1","0","not_requested"
"2385","att_2385_201005182246292992","201005182246292992","วัดผาสุการาม","ภาคเหนือ","เชียงราย","2","1","1","0","not_requested"
"2386","att_2386_201005182246292992","201005182246292992","ชายทะเลบ้านนาใต้","ภาคใต้","พังงา","2","1","1","0","not_requested"
"2387","att_2387_201005182246292992","201005182246292992","วนอุทยานถ้ำแก้วโกมล","ภาคเหนือ","แม่ฮ่องสอน","2","1","1","0","not_requested"
"2388","att_2388_201005182246292992","201005182246292992","วัดพระธาตุดอยแก้ว","ภาคเหนือ","เชียงราย","2","1","1","0","not_requested"
"2389","att_2389_201005182246292992","201005182246292992","ชุมชนบ้านนาป่าแปก","ภาคเหนือ","แม่ฮ่องสอน","2","1","1","0","not_requested"
"2390","att_2390_201005182246292992","201005182246292992","วัดอุดมวารี","ภาคเหนือ","เชียงราย","2","1","1","0","not_requested"
"2391","att_2391_201005182246292992","201005182246292992","หาดบางเนียง","ภาคใต้","พังงา","2","1","1","0","not_requested"
"2392","att_2392_201005182246292992","201005182246292992","ภูโคลน คันทรีคลับ เฮลท์ มัท สปา","ภาคเหนือ","แม่ฮ่องสอน","2","1","1","0","not_requested"
"2393","att_2393_201005182246292992","201005182246292992","หาดนางทอง","ภาคใต้","พังงา","2","1","1","0","not_requested"
"2394","att_2394_201005182246292992","201005182246292992","อนุสาวรีย์พระยาสิงหนาทราชา","ภาคเหนือ","แม่ฮ่องสอน","2","1","1","0","not_requested"
"2395","att_2395_201005182246292992","201005182246292992","แก่งบกไฟ","ภาคใต้","ชุมพร","2","1","1","0","not_requested"
"2396","att_2396_201005182246292992","201005182246292992","แม่น้ำปาย","ภาคเหนือ","แม่ฮ่องสอน","2","1","1","0","not_requested"
"2397","att_2397_201005182246292992","201005182246292992","เรือรบหลวงชุมพร","ภาคใต้","ชุมพร","2","1","1","0","not_requested"
"2398","att_2398_201005182246292992","201005182246292992","เขาเจ้าเมือง","ภาคใต้","ชุมพร","2","1","1","0","not_requested"
"2399","att_2399_201005182246292992","201005182246292992","น้ำตกสายรุ้ง","ภาคใต้","พังงา","2","1","1","0","not_requested"
"2400","att_2400_201005182246292992","201005182246292992","ห้วยจอกหลวง","ภาคเหนือ","แม่ฮ่องสอน","2","1","1","0","not_requested"
"2401","att_2401_201005182246292992","201005182246292992","วัดพระแก้ว เชียงราย","ภาคเหนือ","เชียงราย","2","1","1","0","not_requested"
"2402","att_2402_201005182246292992","201005182246292992","โป่งน้ำร้อนท่าปาย","ภาคเหนือ","แม่ฮ่องสอน","2","1","1","0","not_requested"
"2403","att_2403_201005182246292992","201005182246292992","เกาะไข่","ภาคใต้","ชุมพร","2","1","1","0","not_requested"
"2404","att_2404_201005182246292992","201005182246292992","วัดพระเจ้าล้านทอง","ภาคเหนือ","เชียงราย","2","1","1","0","not_requested"
"2405","att_2405_201005182246292992","201005182246292992","วัดพระเจ้าทองทิพย์","ภาคเหนือ","เชียงราย","2","1","1","0","not_requested"
"2406","att_2406_20100518224629300","20100518224629300","น้ำตกปุญญบาล","ภาคใต้","ระนอง","2","1","1","0","not_requested"
"2407","att_2407_201005182246292992","201005182246292992","หาดไม้งาม","ภาคใต้","พังงา","2","1","1","0","not_requested"
"2408","att_2408_201005182246292992","201005182246292992","เกาะหลักแรด","ภาคใต้","ชุมพร","2","1","1","0","not_requested"
"2409","att_2409_201005182246292992","201005182246292992","ออบหลวง","ภาคเหนือ","เชียงใหม่","2","1","1","0","not_requested"
"2410","att_2410_201005182246292992","201005182246292992","อ่าวเต่า","ภาคใต้","พังงา","2","1","1","0","not_requested"
"2411","att_2411_201005182246292992","201005182246292992","เกาะเสม็ด","ภาคใต้","ชุมพร","2","1","1","0","not_requested"
"2412","att_2412_201005182246292992","201005182246292992","วัดพระสิงห์","ภาคเหนือ","เชียงราย","2","1","1","0","not_requested"
"2413","att_2413_201005182246292992","201005182246292992","โครงการอนุรักษ์พันธุ์กล้วยไม้รองเท้านารีอินทนนท์ตามพระราชดำริในพื้นที่ภาคเหนือ (ขุนยวม)","ภาคเหนือ","แม่ฮ่องสอน","2","1","1","0","not_requested"
"2414","att_2414_201005182246292992","201005182246292992","อ่าวสุเทพ","ภาคใต้","พังงา","2","1","1","0","not_requested"
"2415","att_2415_201005182246292992","201005182246292992","วัดพระธาตุแม่เจดีย์","ภาคเหนือ","เชียงราย","2","1","1","0","not_requested"
"2416","att_2416_201005182246292992","201005182246292992","เรือนประทับแรมโป่งแดง","ภาคเหนือ","แม่ฮ่องสอน","2","1","1","0","not_requested"
"2417","att_2417_201005182246292992","201005182246292992","เกาะละวะ","ภาคใต้","ชุมพร","2","1","1","0","not_requested"
"2418","att_2418_201005182246292992","201005182246292992","วัดเจดีย์หลวง","ภาคเหนือ","เชียงราย","2","1","1","0","not_requested"
"2419","att_2419_201005182246292992","201005182246292992","อ่าวผักกาด","ภาคใต้","พังงา","2","1","1","0","not_requested"
"2420","att_2420_201005182246292992","201005182246292992","วัดพระธาตุสองพี่น้อง","ภาคเหนือ","เชียงราย","2","1","1","0","not_requested"
"2421","att_2421_20100518224629300","20100518224629300","พระพุทธนิรโรคันตรายชัยวัฒน์จตุรทิศ","ภาคเหนือ","ลำปาง","2","1","1","0","not_requested"
"2422","att_2422_201005182246292992","201005182246292992","หมู่บ้านหนองอาบช้าง","ภาคเหนือ","เชียงใหม่","2","1","1","0","not_requested"
"2423","att_2423_20100518224629300","20100518224629300","ถ้ำเอราวัณ","ภาคเหนือ","ลำพูน","2","1","1","0","not_requested"
"2424","att_2424_201005182246292992","201005182246292992","เกาะไข่ใน","ภาคใต้","พังงา","2","1","1","0","not_requested"
"2425","att_2425_201005182246292992","201005182246292992","วัดเจดีย์เจ็ดยอด","ภาคเหนือ","เชียงราย","2","1","1","0","not_requested"
"2426","att_2426_201005182246292992","201005182246292992","เกาะมัตรา","ภาคใต้","ชุมพร","2","1","1","0","not_requested"
"2427","att_2427_201005182246292992","201005182246292992","วัดพระธาตุดอยกู่แก้ว","ภาคเหนือ","เชียงราย","2","1","1","0","not_requested"
"2428","att_2428_201005182246292992","201005182246292992","เกาะมะพร้าว","ภาคใต้","ชุมพร","2","1","1","0","not_requested"
"2429","att_2429_201005182246292992","201005182246292992","เกาะไข่นอก","ภาคใต้","พังงา","2","1","1","0","not_requested"
"2430","att_2430_201005182246292992","201005182246292992","อุทยานแห่งชาติสาละวิน","ภาคเหนือ","แม่ฮ่องสอน","2","1","1","0","not_requested"
"2431","att_2431_201005182246292992","201005182246292992","วัดพระธาตุจอมแจ้ง","ภาคเหนือ","เชียงราย","2","1","1","0","not_requested"
"2432","att_2432_201005182246292992","201005182246292992","เขาพิงกัน","ภาคใต้","พังงา","2","1","1","0","not_requested"
"2433","att_2433_201005182246292992","201005182246292992","การท่องเที่ยวโดยชุมชนบ้านเกาะพิทักษ์","ภาคใต้","ชุมพร","2","1","1","0","not_requested"
"2434","att_2434_201005182246292992","201005182246292992","ศูนย์อุตสาหกรรมทำร่ม","ภาคเหนือ","เชียงใหม่","2","1","1","0","not_requested"
"2435","att_2435_201005182246292992","201005182246292992","อุทยานแห่งชาติน้ำตกแม่สุรินทร์","ภาคเหนือ","แม่ฮ่องสอน","2","1","1","0","not_requested"
"2436","att_2436_201005182246292992","201005182246292992","เกาะทะลุ","ภาคใต้","ชุมพร","2","1","1","0","not_requested"
"2437","att_2437_201005182246292992","201005182246292992","อ่าวไทรเอน","ภาคใต้","พังงา","2","1","1","0","not_requested"
"2438","att_2438_201005182246292992","201005182246292992","วัดพระธาตุจอมรุ่ง","ภาคเหนือ","เชียงราย","2","1","1","0","not_requested"
"2439","att_2439_201005182246292992","201005182246292992","เขตรักษาพันธุ์สัตว์ป่าอุ้มผาง","ภาคเหนือ","ตาก","2","1","1","0","not_requested"
"2440","att_2440_201005182246292992","201005182246292992","วัดพระธาตุจอมกิตติ เชียงราย","ภาคเหนือ","เชียงราย","2","1","1","0","not_requested"
"2441","att_2441_201005182246292992","201005182246292992","อ่าวจาก","ภาคใต้","พังงา","2","1","1","0","not_requested"
"2442","att_2442_201005182246292992","201005182246292992","เกาะทองหลาง","ภาคใต้","ชุมพร","2","1","1","0","not_requested"
"2443","att_2443_201005182246292992","201005182246292992","หมู่บ้านท่องเที่ยวเชิงหัตถกรรมบ้านถวาย","ภาคเหนือ","เชียงใหม่","2","1","1","0","not_requested"
"2444","att_2444_201005182246292992","201005182246292992","บ้านโบราณ อำเภออุ้มผาง","ภาคเหนือ","ตาก","2","1","1","0","not_requested"
"2445","att_2445_201005182246292992","201005182246292992","อ่าวแม่ยาย","ภาคใต้","พังงา","2","1","1","0","not_requested"
"2446","att_2446_201005182246292992","201005182246292992","เกาะจระเข้","ภาคใต้","ชุมพร","2","1","1","0","not_requested"
"2447","att_2447_201005182246292992","201005182246292992","หมู่บ้านต้นเปา","ภาคเหนือ","เชียงใหม่","2","1","1","0","not_requested"
"2448","att_2448_201005182246292992","201005182246292992","วัดผ้าขาวป้าน","ภาคเหนือ","เชียงราย","2","1","1","0","not_requested"
"2449","att_2449_201005182246292992","201005182246292992","หมู่บ้านรักไทย","ภาคเหนือ","แม่ฮ่องสอน","2","1","1","0","not_requested"
"2450","att_2450_201005182246292992","201005182246292992","เกาะง่ามใหญ่","ภาคใต้","ชุมพร","2","1","1","0","not_requested"
"2451","att_2451_201005182246292992","201005182246292992","พระธาตุหินกิ่วที่ดอยดินจี่","ภาคเหนือ","ตาก","2","1","1","0","not_requested"
"2452","att_2452_201005182246292992","201005182246292992","หาดโล๊ะปาเหรด","ภาคใต้","พังงา","2","1","1","0","not_requested"
"2453","att_2453_201005182246292992","201005182246292992","หมู่บ้านมูเซอยะโป่","ภาคเหนือ","แม่ฮ่องสอน","2","1","1","0","not_requested"
"2454","att_2454_201005182246292992","201005182246292992","หมู่บ้านกะเหรี่ยงแม่ปิง","ภาคเหนือ","แม่ฮ่องสอน","2","1","1","0","not_requested"
"2455","att_2455_201005182246292992","201005182246292992","วัดโพธิคุณ","ภาคเหนือ","ตาก","2","1","1","0","not_requested"
"2456","att_2456_201005182246292992","201005182246292992","วัดถ้ำผาจม","ภาคเหนือ","เชียงราย","2","1","1","0","not_requested"
"2457","att_2457_201005182246292992","201005182246292992","หน่วยพัฒนาต้นน้ำหน่วยที่ 6","ภาคเหนือ","เชียงใหม่","2","1","1","0","not_requested"
"2458","att_2458_201005182246292992","201005182246292992","แหลมหาด","ภาคใต้","พังงา","2","1","1","0","not_requested"
"2459","att_2459_201005182246292992","201005182246292992","ถ้ำเวียงแก","ภาคเหนือ","น่าน","2","1","1","0","not_requested"
"2460","att_2460_201005182246292992","201005182246292992","แหลมนกออก","ภาคใต้","พังงา","2","1","1","0","not_requested"
"2461","att_2461_201005182246292992","201005182246292992","เกาะกะโหลก","ภาคใต้","ชุมพร","2","1","1","0","not_requested"
"2462","att_2462_201005182246292992","201005182246292992","วัดดอยงำเมือง","ภาคเหนือ","เชียงราย","2","1","1","0","not_requested"
"2463","att_2463_201005182246292992","201005182246292992","ถ้ำแม่อุษา","ภาคเหนือ","ตาก","2","1","1","0","not_requested"
"2464","att_2464_201005182246292992","201005182246292992","อุทยานแห่งชาติแม่จริม","ภาคเหนือ","น่าน","2","1","1","0","not_requested"
"2465","att_2465_201005182246292992","201005182246292992","คลองร้อยสาย","ภาคใต้","สุราษฎร์ธานี","2","1","1","0","not_requested"
"2466","att_2466_201005182246292992","201005182246292992","อ่าวยายไอ๋","ภาคใต้","ชุมพร","2","1","1","0","not_requested"
"2467","att_2467_201005182246292992","201005182246292992","วนอุทยานน้ำตกขุนกรณ์","ภาคเหนือ","เชียงราย","2","1","1","0","not_requested"
"2468","att_2468_201005182246292992","201005182246292992","เขาเขียน","ภาคใต้","พังงา","2","1","1","0","not_requested"
"2469","att_2469_201005182246292992","201005182246292992","น้ำตกห้วยต้นผึ้ง","ภาคเหนือ","พะเยา","2","1","1","0","not_requested"
"2470","att_2470_201005182246292992","201005182246292992","สะพานมิตรภาพไทย-พม่า","ภาคเหนือ","ตาก","2","1","1","0","not_requested"
"2471","att_2471_201005182246292992","201005182246292992","เกาะตะเกียง","ภาคใต้","สตูล","2","1","1","0","not_requested"
"2472","att_2472_201005182246292992","201005182246292992","อ่าวพนังตัก","ภาคใต้","ชุมพร","2","1","1","0","not_requested"
"2473","att_2473_201005182246292992","201005182246292992","อุทยานแห่งชาติขุนพะวอ","ภาคเหนือ","ตาก","2","1","1","0","not_requested"
"2474","att_2474_201005182246292992","201005182246292992","วัดศรีสุพรรณ","ภาคเหนือ","พะเยา","2","1","1","0","not_requested"
"2475","att_2475_201005182246292992","201005182246292992","สินมานะฟาร์มสเตย์","ภาคใต้","สุราษฎร์ธานี","2","1","1","0","not_requested"
"2476","att_2476_201005182246292992","201005182246292992","อ่าวบ่อเมา","ภาคใต้","ชุมพร","2","1","1","0","not_requested"
"2477","att_2477_201005182246292992","201005182246292992","อุทยานแห่งชาติภูชี้ฟ้า","ภาคเหนือ","เชียงราย","2","1","1","0","not_requested"
"2478","att_2478_201005182246292992","201005182246292992","ชายหาดเขาหลัก","ภาคใต้","พังงา","2","1","1","0","not_requested"
"2479","att_2479_201005182246292992","201005182246292992","สวนสาธารณะหนองจองคำ","ภาคเหนือ","แม่ฮ่องสอน","2","1","1","0","not_requested"
"2480","att_2480_201005182246292992","201005182246292992","เขตรักษาพันธุ์สัตว์ป่าแม่ตื่น","ภาคเหนือ","ตาก","2","1","1","0","not_requested"
"2481","att_2481_201005182246292992","201005182246292992","วัดหลวงราชสัณฐาน","ภาคเหนือ","พะเยา","2","1","1","0","not_requested"
"2482","att_2482_201005182246292992","201005182246292992","พิพิธภัณฑ์อูบคำ","ภาคเหนือ","เชียงราย","2","1","1","0","not_requested"
"2483","att_2483_201005182246292992","201005182246292992","ตลาดสันติสุข","ภาคใต้","สงขลา","2","1","1","0","not_requested"
"2484","att_2484_201005182246292992","201005182246292992","วัดพระพุทธบาทศรีสุราษฎร์","ภาคใต้","สุราษฎร์ธานี","2","1","1","0","not_requested"
"2485","att_2485_201005182246292992","201005182246292992","อ่าวบางเบิด","ภาคใต้","ชุมพร","2","1","1","0","not_requested"
"2486","att_2486_201005182246292992","201005182246292992","สวนรุกขชาติห้วยแก้ว","ภาคเหนือ","เชียงใหม่","2","1","1","0","not_requested"
"2487","att_2487_201005182246292992","201005182246292992","เขาหมาจู","ภาคใต้","พังงา","2","1","1","0","not_requested"
"2488","att_2488_201005182246292992","201005182246292992","ศูนย์ศิลปาชีพจังหวัดแม่ฮ่องสอน ในพระบรมราชินูปถัมถ์","ภาคเหนือ","แม่ฮ่องสอน","2","1","1","0","not_requested"
"2489","att_2489_201005182246292992","201005182246292992","อ่าวตะโล๊ะวาว","ภาคใต้","สตูล","2","1","1","0","not_requested"
"2490","att_2490_201005182246292992","201005182246292992","ตลาดกิมหยง","ภาคใต้","สงขลา","2","1","1","0","not_requested"
"2491","att_2491_201005182246292992","201005182246292992","ปากน้ำตาปี","ภาคใต้","สุราษฎร์ธานี","2","1","1","0","not_requested"
"2492","att_2492_201005182246292992","201005182246292992","พิพิธภัณฑ์สถานแห่งชาติ เชียงแสน","ภาคเหนือ","เชียงราย","2","1","1","0","not_requested"
"2493","att_2493_201005182246292992","201005182246292992","วัดโบสถ์มณีศรีบุญเรือง","ภาคเหนือ","ตาก","2","1","1","0","not_requested"
"2494","att_2494_201005182246292992","201005182246292992","อ่าวจาก","ภาคใต้","สตูล","2","1","1","0","not_requested"
"2495","att_2495_20100518224629300","20100518224629300","ถ้ำทะลุ","ภาคใต้","ยะลา","2","1","1","0","not_requested"
"2496","att_2496_201005182246292992","201005182246292992","พระโพธิสัตว์กวนอิมหยกขาว","ภาคใต้","สงขลา","2","1","1","0","not_requested"
"2497","att_2497_201005182246292992","201005182246292992","อ่าวทุ่งมะขาม","ภาคใต้","ชุมพร","2","1","1","0","not_requested"
"2498","att_2498_201005182246292992","201005182246292992","พิพิธภัณฑ์บ้านฝิ่น","ภาคเหนือ","เชียงราย","2","1","1","0","not_requested"
"2499","att_2499_20100518224629300","20100518224629300","น้ำตกบริพัตร","ภาคใต้","สงขลา","2","1","1","0","not_requested"
"2500","att_2500_201005182246292000","201005182246292000","เกาะลอย หรือ หนองน้ำมณีบรรพต","ภาคเหนือ","ตาก","2","1","1","0","not_requested"
"2501","att_2501_201005182246292000","201005182246292000","หาดทุ่งสะโบ๊ะ","ภาคใต้","สตูล","2","1","1","0","not_requested"
"2502","att_2502_201005182246292000","201005182246292000","พระบาททุ่งก่อ","ภาคเหนือ","เชียงราย","2","1","1","0","not_requested"
"2503","att_2503_201005182246292000","201005182246292000","วัดแสนทอง","ภาคเหนือ","แม่ฮ่องสอน","2","1","1","0","not_requested"
"2504","att_2504_201005182246292000","201005182246292000","ศาลหลักเมืองสี่มหาราช","ภาคเหนือ","ตาก","2","1","1","0","not_requested"
"2505","att_2505_201005182246292000","201005182246292000","น้ำตกนาบัว","ภาคเหนือ","พะเยา","2","1","1","0","not_requested"
"2506","att_2506_201005182246292000","201005182246292000","ถ้ำน้ำใส","ภาคใต้","สงขลา","2","1","1","0","not_requested"
"2507","att_2507_20100518224629200","20100518224629200","น้ำตกจำปาทอง","ภาคเหนือ","พะเยา","2","1","1","0","not_requested"
"2508","att_2508_201005182246292000","201005182246292000","ศูนย์วัฒนธรรมเชียงใหม่","ภาคเหนือ","เชียงใหม่","2","1","1","0","not_requested"
"2509","att_2509_201005182246292000","201005182246292000","พระธาตุเขาเขียว","ภาคเหนือ","เชียงราย","2","1","1","0","not_requested"
"2510","att_2510_20100518224629200","20100518224629200","ถ้ำใหญ่น้ำหนาว","ภาคเหนือ","เพชรบูรณ์","2","1","1","0","not_requested"
"2511","att_2511_201005182246292000","201005182246292000","น้ำตกตาดปู่เข่ง","ภาคเหนือ","พะเยา","2","1","1","0","not_requested"
"2512","att_2512_201005182246292000","201005182246292000","วัดแหลมวัง","ภาคใต้","สงขลา","2","1","1","0","not_requested"
"2513","att_2513_20100518224629200","20100518224629200","น้ำพุร้อนแจ้ซ้อน ลำปาง","ภาคเหนือ","ลำปาง","2","1","1","0","not_requested"
"2514","att_2514_201005182246292000","201005182246292000","อนุสาวรีย์ยุวชนทหารสงครามโลก ครั้งที่ 2","ภาคใต้","ชุมพร","2","1","1","0","not_requested"
"2515","att_2515_201005182246292000","201005182246292000","วัดศรีบุญเรือง","ภาคเหนือ","แม่ฮ่องสอน","2","1","1","0","not_requested"
"2516","att_2516_201005182246292000","201005182246292000","โบราณสถานเวียงลอ","ภาคเหนือ","พะเยา","2","1","1","0","not_requested"
"2517","att_2517_201005182246292000","201005182246292000","พระบรมธาตุเจดีย์ศรีนครินทร์สถิตมหาสันติคีรี","ภาคเหนือ","เชียงราย","2","1","1","0","not_requested"
"2518","att_2518_201005182246292000","201005182246292000","หาดมหาราช","ภาคใต้","สงขลา","2","1","1","0","not_requested"
"2519","att_2519_201005182246292000","201005182246292000","หาดอรุโณทัย","ภาคใต้","ชุมพร","2","1","1","0","not_requested"
"2520","att_2520_201005182246292000","201005182246292000","วัดแสนฝาง","ภาคเหนือ","เชียงใหม่","2","1","1","0","not_requested"
"2521","att_2521_201005182246292000","201005182246292000","วัดเจดีย์แหลมสอ","ภาคใต้","สุราษฎร์ธานี","2","1","1","0","not_requested"
"2522","att_2522_201005182246292000","201005182246292000","อุทยานแห่งชาติน้ำตกพาเจริญ(เตรียมการ)","ภาคเหนือ","ตาก","2","1","1","0","not_requested"
"2523","att_2523_201005182246292000","201005182246292000","น้ำตกลูดู","ภาคใต้","สตูล","2","1","1","0","not_requested"
"2524","att_2524_201005182246292000","201005182246292000","วัดพระธาตุดอยเวา","ภาคเหนือ","เชียงราย","2","1","1","0","not_requested"
"2525","att_2525_201005182246292000","201005182246292000","หาดหน้าทับ","ภาคใต้","ชุมพร","2","1","1","0","not_requested"
"2526","att_2526_201005182246292000","201005182246292000","วัดพระนอน","ภาคเหนือ","แม่ฮ่องสอน","2","1","1","0","not_requested"
"2527","att_2527_201005182246292000","201005182246292000","น้ำตกผาดำ","ภาคใต้","สงขลา","2","1","1","0","not_requested"
"2528","att_2528_201005182246292000","201005182246292000","หาดสะพลี","ภาคใต้","ชุมพร","2","1","1","0","not_requested"
"2529","att_2529_201005182246292000","201005182246292000","วัดป่าเจดีย์เหลี่ยม","ภาคเหนือ","เชียงใหม่","2","1","1","0","not_requested"
"2530","att_2530_201005182246292000","201005182246292000","วัดพระธาตุปูเข้า","ภาคเหนือ","เชียงราย","2","1","1","0","not_requested"
"2531","att_2531_201005182246292000","201005182246292000","เกาะยาวใหญ่","ภาคใต้","พังงา","2","1","1","0","not_requested"
"2532","att_2532_201005182246292000","201005182246292000","วัดพระธาตุแม่เย็น","ภาคเหนือ","แม่ฮ่องสอน","2","1","1","0","not_requested"
"2533","att_2533_201005182246292000","201005182246292000","เขตห้ามล่าสัตว์ป่าวังโป่ง-ชนแดน","ภาคเหนือ","เพชรบูรณ์","2","1","1","0","not_requested"
"2534","att_2534_201005182246292000","201005182246292000","วัดพระธาตุดอยกองมู","ภาคเหนือ","แม่ฮ่องสอน","2","1","1","0","not_requested"
"2535","att_2535_201005182246292000","201005182246292000","หาดภราดรภาพ","ภาคใต้","ชุมพร","2","1","1","0","not_requested"
"2536","att_2536_201005182246292000","201005182246292000","วัดพระธาตุดอยตุง","ภาคเหนือ","เชียงราย","2","1","1","0","not_requested"
"2537","att_2537_201005182246292000","201005182246292000","วัดท่าฟ้าใต้","ภาคเหนือ","พะเยา","2","1","1","0","not_requested"
"2538","att_2538_201005182246292000","201005182246292000","เกาะยาวน้อย","ภาคใต้","พังงา","2","1","1","0","not_requested"
"2539","att_2539_201005182246292000","201005182246292000","แหลมสมิหลา","ภาคใต้","สงขลา","2","1","1","0","not_requested"
"2540","att_2540_201005182246292000","201005182246292000","แหลมตันหยงโปและหาดทรายยาว","ภาคใต้","สตูล","2","1","1","0","not_requested"
"2541","att_2541_201005182246292000","201005182246292000","อุทยานแห่งชาติแม่เมย","ภาคเหนือ","ตาก","2","1","1","0","not_requested"
"2542","att_2542_201005182246292000","201005182246292000","เขารัง","ภาคเหนือ","เพชรบูรณ์","2","1","1","0","not_requested"
"2543","att_2543_201005182246292000","201005182246292000","อุทยานแห่งชาติดอยผากลอง","ภาคเหนือ","แพร่","2","1","1","0","not_requested"
"2544","att_2544_201005182246292000","201005182246292000","เกาะพระทอง","ภาคใต้","พังงา","2","1","1","0","not_requested"
"2545","att_2545_201005182246292000","201005182246292000","เกาะโหลน","ภาคใต้","ภูเก็ต","2","1","1","0","not_requested"
"2546","att_2546_201005182246292000","201005182246292000","หาดผาแดง","ภาคใต้","ชุมพร","2","1","1","0","not_requested"
"2547","att_2547_201005182246292000","201005182246292000","วัดน้ำฮู","ภาคเหนือ","แม่ฮ่องสอน","2","1","1","0","not_requested"
"2548","att_2548_201005182246292000","201005182246292000","แหลมสนอ่อน","ภาคใต้","สงขลา","2","1","1","0","not_requested"
"2549","att_2549_201005182246292000","201005182246292000","หอวัฒนธรรมนครบาลเพชรบูรณ์","ภาคเหนือ","เพชรบูรณ์","2","1","1","0","not_requested"
"2550","att_2550_201005182246292000","201005182246292000","พระธาตุจอมแว่","ภาคเหนือ","เชียงราย","2","1","1","0","not_requested"
"2551","att_2551_201005182246292000","201005182246292000","หาดทุ่งวัวแล่น","ภาคใต้","ชุมพร","2","1","1","0","not_requested"
"2552","att_2552_201005182246292000","201005182246292000","วัดต่อแพ","ภาคเหนือ","แม่ฮ่องสอน","2","1","1","0","not_requested"
"2553","att_2553_201005182246292000","201005182246292000","เมืองหาดใหญ่","ภาคใต้","สงขลา","2","1","1","0","not_requested"
"2554","att_2554_201005182246292000","201005182246292000","เกาะพนัก","ภาคใต้","พังงา","2","1","1","0","not_requested"
"2555","att_2555_201005182246292000","201005182246292000","เกาะเขาใหญ่","ภาคใต้","สตูล","2","1","1","0","not_requested"
"2556","att_2556_201005182246292000","201005182246292000","อุทยานแห่งชาติตาดหมอก","ภาคเหนือ","เพชรบูรณ์","2","1","1","0","not_requested"
"2557","att_2557_201005182246292000","201005182246292000","อุทยานแห่งชาติดอยขุนตาล","ภาคเหนือ","ลำพูน","2","1","1","0","not_requested"
"2558","att_2558_201005182246292000","201005182246292000","หาดทรายรี","ภาคใต้","ชุมพร","2","1","1","0","not_requested"
"2559","att_2559_201005182246292000","201005182246292000","วัดพระธาตุจอมสวรรค์","ภาคเหนือ","เชียงราย","2","1","1","0","not_requested"
"2560","att_2560_201005182246292000","201005182246292000","เนินพิศวง","ภาคเหนือ","ตาก","2","1","1","0","not_requested"
"2561","att_2561_201005182246292000","201005182246292000","เกาะปันหยี","ภาคใต้","พังงา","2","1","1","0","not_requested"
"2562","att_2562_201005182246292000","201005182246292000","อ่างเก็บน้ำร่องสัก","ภาคเหนือ","พะเยา","2","1","1","0","not_requested"
"2563","att_2563_201005182246292000","201005182246292000","พระเจดีย์หลวง","ภาคใต้","สงขลา","2","1","1","0","not_requested"
"2564","att_2564_201005182246292000","201005182246292000","วัดอุทยารมณ์ (วัดจองสูง)","ภาคเหนือ","แม่ฮ่องสอน","2","1","1","0","not_requested"
"2565","att_2565_201005182246292000","201005182246292000","อ่างเก็บน้ำห้วยเฉลียงลับ","ภาคเหนือ","เพชรบูรณ์","2","1","1","0","not_requested"
"2566","att_2566_201005182246292000","201005182246292000","อุทยานแห่งชาติดอยภูนาง","ภาคเหนือ","พะเยา","2","1","1","0","not_requested"
"2567","att_2567_201005182246292000","201005182246292000","น้ำตกก้อน้อย","ภาคเหนือ","ลำพูน","2","1","1","0","not_requested"
"2568","att_2568_201005182246292000","201005182246292000","สวนสาธารณะธารา","ภาคใต้","กระบี่","2","1","1","0","not_requested"
"2569","att_2569_201005182246292000","201005182246292000","วัดพระธาตุดอยจอมทอง","ภาคเหนือ","เชียงราย","2","1","1","0","not_requested"
"2570","att_2570_201005182246292000","201005182246292000","เจดีย์ยุทธหัตถี","ภาคเหนือ","ตาก","2","1","1","0","not_requested"
"2571","att_2571_201005182246292000","201005182246292000","เจดีย์พี่น้องยอดเขาแดง","ภาคใต้","สงขลา","2","1","1","0","not_requested"
"2572","att_2572_201005182246292000","201005182246292000","หมู่บ้านแกะสลักอำเภอแม่ทา","ภาคเหนือ","ลำพูน","2","1","1","0","not_requested"
"2573","att_2573_201005182246292000","201005182246292000","พิพิธภัณฑ์ธนาคารไทยลำปาง","ภาคเหนือ","ลำปาง","2","1","1","0","not_requested"
"2574","att_2574_201005182246292000","201005182246292000","เจดีย์พระบรมธาตุวัดชัยมงคล","ภาคใต้","สงขลา","2","1","1","0","not_requested"
"2575","att_2575_201005182246292000","201005182246292000","หาดตะวันฉาย","ภาคใต้","ชุมพร","2","1","1","0","not_requested"
"2576","att_2576_201005182246292000","201005182246292000","พระธาตุจอมจันทร์","ภาคเหนือ","เชียงราย","2","1","1","0","not_requested"
"2577","att_2577_201005182246292000","201005182246292000","เขื่อนภูมิพล","ภาคเหนือ","ตาก","2","1","1","0","not_requested"
"2578","att_2578_201005182246292000","201005182246292000","อนุสาวรีย์พ่อขุนงำเมือง","ภาคเหนือ","พะเยา","2","1","1","0","not_requested"
"2579","att_2579_201005182246292000","201005182246292000","อ่าวหินกอง","ภาคใต้","พังงา","2","1","1","0","not_requested"
"2580","att_2580_201005182246292000","201005182246292000","วัดจองคำ พระอารามหลวง","ภาคเหนือ","แม่ฮ่องสอน","2","1","1","0","not_requested"
"2581","att_2581_201005182246292000","201005182246292000","วัดจองกลาง","ภาคเหนือ","แม่ฮ่องสอน","2","1","1","0","not_requested"
"2582","att_2582_201005182246292000","201005182246292000","สวนรุกขชาติหนองนารี","ภาคเหนือ","เพชรบูรณ์","2","1","1","0","not_requested"
"2583","att_2583_201005182246292000","201005182246292000","สถานีรถไฟนครลำปาง","ภาคเหนือ","ลำปาง","2","1","1","0","not_requested"
"2584","att_2584_201005182246292000","201005182246292000","เขตรักษาพันธุ์สัตว์ป่าเขาประ-บางคราม","ภาคใต้","กระบี่","2","1","1","0","not_requested"
"2585","att_2585_201005182246292000","201005182246292000","อนุสรณ์ผู้เสียสละ พ.ต.ท. 2324","ภาคเหนือ","พะเยา","2","1","1","0","not_requested"
"2586","att_2586_201005182246292000","201005182246292000","หาดคอเขา","ภาคใต้","ชุมพร","2","1","1","0","not_requested"
"2587","att_2587_201005182246292000","201005182246292000","เกาะวาเลนไทน์","ภาคเหนือ","ตาก","2","1","1","0","not_requested"
"2588","att_2588_20100518224629200","20100518224629200","จุดผ่านแดนไทย-พม่า อำเภอแม่สาย","ภาคเหนือ","เชียงราย","2","1","1","0","not_requested"
"2589","att_2589_201005182246292000","201005182246292000","อ่าวล้าน","ภาคใต้","พังงา","2","1","1","0","not_requested"
"2590","att_2590_201005182246292000","201005182246292000","เขาน้อย","ภาคใต้","สงขลา","2","1","1","0","not_requested"
"2591","att_2591_201005182246292000","201005182246292000","หอวัฒนธรรมนิทัศน์","ภาคเหนือ","พะเยา","2","1","1","0","not_requested"
"2592","att_2592_201005182246292000","201005182246292000","หาดบางเทา","ภาคใต้","ภูเก็ต","2","1","1","0","not_requested"
"2593","att_2593_201005182246292000","201005182246292000","แหล่งทอผ้าหนองเงือก","ภาคเหนือ","ลำพูน","2","1","1","0","not_requested"
"2594","att_2594_201005182246292000","201005182246292000","ชุมชนท่ามะโอ","ภาคเหนือ","ลำปาง","2","1","1","0","not_requested"
"2595","att_2595_201005182246292000","201005182246292000","เขาขนาบน้ำ","ภาคใต้","กระบี่","2","1","1","0","not_requested"
"2596","att_2596_20100518224629200","20100518224629200","ตลาดริมเมย","ภาคเหนือ","ตาก","2","1","1","0","not_requested"
"2597","att_2597_201005182246292000","201005182246292000","วัดพระธาตุสามดวง","ภาคเหนือ","เชียงราย","2","1","1","0","not_requested"
"2598","att_2598_201005182246292000","201005182246292000","อุทยานแห่งชาติลานสาง","ภาคเหนือ","ตาก","2","1","1","0","not_requested"
"2599","att_2599_201005182246292000","201005182246292000","อ่าวทราย","ภาคใต้","พังงา","2","1","1","0","not_requested"
"2600","att_2600_201005182246292000","201005182246292000","วัดก้ำก่อ","ภาคเหนือ","แม่ฮ่องสอน","2","1","1","0","not_requested"
"2601","att_2601_201005182246292000","201005182246292000","เขาตังกวน","ภาคใต้","สงขลา","2","1","1","0","not_requested"
"2602","att_2602_201005182246292000","201005182246292000","เกาะลิดี","ภาคใต้","สตูล","2","2","0","0","not_requested"
"2603","att_2603_201005182246292000","201005182246292000","หมู่บ้านทำผลิตภัณฑ์จากผักตบชวา","ภาคเหนือ","พะเยา","2","1","1","0","not_requested"
"2604","att_2604_201005182246292000","201005182246292000","วัดกิตติวงศ์","ภาคเหนือ","แม่ฮ่องสอน","2","1","1","0","not_requested"
"2605","att_2605_20100518224629200","20100518224629200","ด่านศุลกากรสุไหงโก-ลก","ภาคใต้","นราธิวาส","2","1","1","0","not_requested"
"2606","att_2606_201005182246292000","201005182246292000","ตลาดรัษฎา","ภาคเหนือ","ลำปาง","2","1","1","0","not_requested"
"2607","att_2607_201005182246292000","201005182246292000","ดอยช้างมูบ","ภาคเหนือ","เชียงราย","2","1","1","0","not_requested"
"2608","att_2608_201005182246292000","201005182246292000","เขาเก้าเส้ง","ภาคใต้","สงขลา","2","1","1","0","not_requested"
"2609","att_2609_201005182246292000","201005182246292000","อ่างเก็บน้ำแม่มาน","ภาคเหนือ","แพร่","2","1","1","0","not_requested"
"2610","att_2610_201005182246292000","201005182246292000","เกาะไหง","ภาคใต้","กระบี่","2","1","1","0","not_requested"
"2611","att_2611_201005182246292000","201005182246292000","อุทยานแห่งชาติตากสินมหาราช","ภาคเหนือ","ตาก","2","1","1","0","not_requested"
"2612","att_2612_201005182246292000","201005182246292000","อ่าวตีกุด","ภาคใต้","พังงา","2","1","1","0","not_requested"
"2613","att_2613_201005182246292000","201005182246292000","สวนสาธารณะเกาะลำพู","ภาคใต้","สุราษฎร์ธานี","2","1","1","0","not_requested"
"2614","att_2614_201005182246292000","201005182246292000","วัดพระเจ้าสะเลียมหวาน","ภาคเหนือ","ลำพูน","2","1","1","0","not_requested"
"2615","att_2615_201005182246292000","201005182246292000","บ้านเสานัก","ภาคเหนือ","ลำปาง","2","1","1","0","not_requested"
"2616","att_2616_201005182246292000","201005182246292000","หมู่บ้านกะเหรี่ยง ปะละทะ","ภาคเหนือ","ตาก","2","1","1","0","not_requested"
"2617","att_2617_201005182246292000","201005182246292000","ศูนย์ทอผ้าไทลื้อ บ้านหาดบ้าย","ภาคเหนือ","เชียงราย","2","1","1","0","not_requested"
"2618","att_2618_201005182246292000","201005182246292000","กลุ่มสตรีสหกรณ์ผู้ผลิตปลาส้ม บ้านสันเวียงใหม่","ภาคเหนือ","พะเยา","2","1","1","0","not_requested"
"2619","att_2619_201005182246292000","201005182246292000","อ่าวคลองสน","ภาคใต้","พังงา","2","1","1","0","not_requested"
"2620","att_2620_201005182246292000","201005182246292000","วัดกลาง","ภาคเหนือ","แม่ฮ่องสอน","2","1","1","0","not_requested"
"2621","att_2621_201005182246292000","201005182246292000","เกาะแมว","ภาคใต้","สงขลา","2","1","1","0","not_requested"
"2622","att_2622_201005182246292000","201005182246292000","เกาะบุโหลน","ภาคใต้","สตูล","2","1","1","0","not_requested"
"2623","att_2623_201005182246292000","201005182246292000","ถ้ำแก้วสุรกานต์","ภาคใต้","นครศรีธรรมราช","2","1","1","0","not_requested"
"2624","att_2624_20100518224629200","20100518224629200","หมู่บ้านกะเหรี่ยงคอยาวบ้านห้วยปูแกง","ภาคเหนือ","แม่ฮ่องสอน","2","1","1","0","not_requested"
"2625","att_2625_201005182246292000","201005182246292000","สถานีทดลองเกษตรที่สูงเขาค้อ","ภาคเหนือ","เพชรบูรณ์","2","1","1","0","not_requested"
"2626","att_2626_201005182246292000","201005182246292000","เกาะรอกใน","ภาคใต้","กระบี่","2","1","1","0","not_requested"
"2627","att_2627_201005182246292000","201005182246292000","วัดพระเจ้าตนหลวง","ภาคเหนือ","ลำพูน","2","1","1","0","not_requested"
"2628","att_2628_201005182246292000","201005182246292000","วัดประตูป่อง","ภาคเหนือ","ลำปาง","2","1","1","0","not_requested"
"2629","att_2629_201005182246292000","201005182246292000","หนองหลวง","ภาคเหนือ","ตาก","2","1","1","0","not_requested"
"2630","att_2630_201005182246292000","201005182246292000","วัดกู่เต้า","ภาคเหนือ","เชียงใหม่","2","1","1","0","not_requested"
"2631","att_2631_201005182246292000","201005182246292000","อุทยานแห่งชาติเขาหลัก-ลำรู่","ภาคใต้","พังงา","2","1","1","0","not_requested"
"2632","att_2632_20100518224629200","20100518224629200","น้ำตกบกกราย","ภาคใต้","ระนอง","2","1","1","0","not_requested"
"2633","att_2633_201005182246292000","201005182246292000","หมู่บ้านทำครกและโม่หิน","ภาคเหนือ","พะเยา","2","1","1","0","not_requested"
"2634","att_2634_201005182246292000","201005182246292000","เกาะหนู","ภาคใต้","สงขลา","2","1","1","0","not_requested"
"2635","att_2635_201005182246292000","201005182246292000","เกาะตะรุเตา","ภาคใต้","สตูล","2","1","1","0","not_requested"
"2636","att_2636_201005182246292000","201005182246292000","เขาค้อทะเลภู","ภาคเหนือ","เพชรบูรณ์","2","1","1","0","not_requested"
"2637","att_2637_201005182246292000","201005182246292000","พิพิธภัณฑ์สังคโลกสุโขทัย","ภาคเหนือ","สุโขทัย","2","1","1","0","not_requested"
"2638","att_2638_201005182246292000","201005182246292000","เกาะรอกนอก","ภาคใต้","กระบี่","2","1","1","0","not_requested"
"2639","att_2639_201005182246292000","201005182246292000","ศูนย์อนุรักษ์มรดกท้องถิ่นกะทู้","ภาคใต้","ภูเก็ต","2","1","1","0","not_requested"
"2640","att_2640_201005182246292000","201005182246292000","พระธาตุดอยห้างบาตร","ภาคเหนือ","ลำพูน","2","1","1","0","not_requested"
"2641","att_2641_20100518224629200","20100518224629200","ถ้ำกระแชง","ภาคใต้","ยะลา","2","1","1","0","not_requested"
"2642","att_2642_201005182246292000","201005182246292000","บ้านสวนเซรามิค","ภาคเหนือ","ลำปาง","2","1","1","0","not_requested"
"2643","att_2643_201005182246292000","201005182246292000","เกาะยอ","ภาคใต้","สงขลา","2","1","1","0","not_requested"
"2644","att_2644_201005182246292000","201005182246292000","หนองน้ำมณีบรรพต","ภาคเหนือ","ตาก","2","1","1","0","not_requested"
"2645","att_2645_201005182246292000","201005182246292000","อนุสาวรีย์พระยาไชยบูรณ์","ภาคเหนือ","แพร่","2","1","1","0","not_requested"
"2646","att_2646_201005182246292000","201005182246292000","บ้านชาวเขาเผ่าลาหู่","ภาคเหนือ","เชียงราย","2","1","1","0","not_requested"
"2647","att_2647_201005182246292000","201005182246292000","รุ่งอรุณน้ำพุร้อน","ภาคเหนือ","เชียงใหม่","2","1","1","0","not_requested"
"2648","att_2648_201005182246292000","201005182246292000","หมู่บ้านพัฒนาและสงเคราะห์ชาวเขาป่ากลาง","ภาคเหนือ","น่าน","2","1","1","0","not_requested"
"2649","att_2649_201005182246292000","201005182246292000","อุทยานแห่งชาติเขาลำปี-หาดท้ายเหมือง","ภาคใต้","พังงา","2","1","1","0","not_requested"
"2650","att_2650_20100518224629200","20100518224629200","ถ้ำหลวงผาเวียง","ภาคเหนือ","ลำพูน","2","1","1","0","not_requested"
"2651","att_2651_201005182246292000","201005182246292000","วัดศรีดอนชัย","ภาคเหนือ","ลำพูน","2","1","1","0","not_requested"
"2652","att_2652_201005182246292000","201005182246292000","สะพานหินธรรมชาติ","ภาคเหนือ","ตาก","2","1","1","0","not_requested"
"2653","att_2653_201005182246292000","201005182246292000","อุทยานแห่งชาติอ่าวพังงา","ภาคใต้","พังงา","2","1","1","0","not_requested"
"2654","att_2654_2010051822462920","2010051822462920","ถ้ำรูนกสัก","ภาคใต้","สงขลา","2","1","1","0","not_requested"
"2655","att_2655_201005182246292000","201005182246292000","ศาลหลักเมืองจังหวัดชุมพร","ภาคใต้","ชุมพร","2","1","1","0","not_requested"
"2656","att_2656_201005182246292000","201005182246292000","หนองเล็งทราย","ภาคเหนือ","พะเยา","2","1","1","0","not_requested"
"2657","att_2657_201005182246292000","201005182246292000","อุโมงค์ประวัติศาสตร์เขาน้ำค้าง","ภาคใต้","สงขลา","2","1","1","0","not_requested"
"2658","att_2658_201005182246292000","201005182246292000","เกาะจาบัง","ภาคใต้","สตูล","2","1","1","0","not_requested"
"2659","att_2659_201005182246292000","201005182246292000","อุทยานแห่งชาติหมู่เกาะสุรินทร์","ภาคใต้","พังงา","2","1","1","0","not_requested"
"2660","att_2660_201005182246292000","201005182246292000","อุทยานแห่งชาติใต้ร่มเย็น","ภาคใต้","สุราษฎร์ธานี","2","1","1","0","not_requested"
"2661","att_2661_20100518224629200","20100518224629200","พิพิธภัณฑสถานแห่งชาติสวรรควรนายก","ภาคเหนือ","สุโขทัย","2","1","1","0","not_requested"
"2662","att_2662_201005182246292000","201005182246292000","อ่าวตะโล๊ะอุดัง","ภาคใต้","สตูล","2","1","1","0","not_requested"
"2663","att_2663_201005182246292000","201005182246292000","ค่ายฝึกการรบพิเศษประตูผา","ภาคเหนือ","ลำปาง","2","1","1","0","not_requested"
"2664","att_2664_201005182246292000","201005182246292000","น้ำตกโยง","ภาคใต้","นครศรีธรรมราช","2","1","1","0","not_requested"
"2665","att_2665_201005182246292000","201005182246292000","ชุมชนท่องเที่ยวนครชุม","ภาคเหนือ","กำแพงเพชร","2","1","1","0","not_requested"
"2666","att_2666_201005182246292000","201005182246292000","ศาลพ่อตาหินช้าง","ภาคใต้","ชุมพร","2","1","1","0","not_requested"
"2667","att_2667_201005182246292000","201005182246292000","น้ำพุร้อนโป่งพระบาท","ภาคเหนือ","เชียงราย","2","1","1","0","not_requested"
"2668","att_2668_201005182246292000","201005182246292000","วัดพระธาตุดอยเวียง","ภาคเหนือ","ลำพูน","2","1","1","0","not_requested"
"2669","att_2669_201005182246292000","201005182246292000","สถานีทดลองพืชสวนดอยมูเซอ","ภาคเหนือ","ตาก","2","1","1","0","not_requested"
"2670","att_2670_201005182246292000","201005182246292000","ศูนย์วัฒนธรรมไทลื้อ (วัดหย่วน)","ภาคเหนือ","พะเยา","2","1","1","0","not_requested"
"2671","att_2671_201005182246292000","201005182246292000","บ้านโป่งศรี","ภาคเหนือ","แพร่","2","1","1","0","not_requested"
"2672","att_2672_201005182246292000","201005182246292000","อุทยานนกน้ำคูขุด","ภาคใต้","สงขลา","2","1","1","0","not_requested"
"2673","att_2673_201005182246292000","201005182246292000","อุทยานแห่งชาติหมู่เกาะสิมิลัน","ภาคใต้","พังงา","2","1","1","0","not_requested"
"2674","att_2674_201005182246292000","201005182246292000","ดอยปุยหลวง","ภาคเหนือ","แม่ฮ่องสอน","2","1","1","0","not_requested"
"2675","att_2675_201005182246292000","201005182246292000","เจดีย์พระบรมสารีริกธาตุเขาค้อ","ภาคเหนือ","เพชรบูรณ์","2","1","1","0","not_requested"
"2676","att_2676_201005182246292000","201005182246292000","วัดทุ่งเสลี่ยม - หลวงพ่อศิลา","ภาคเหนือ","สุโขทัย","2","1","1","0","not_requested"
"2677","att_2677_201005182246292000","201005182246292000","แหล่งโบราณคดีค่ายประตูผา","ภาคเหนือ","ลำปาง","2","1","1","0","not_requested"
"2678","att_2678_201005182246292000","201005182246292000","เขตรักษาพันธุ์สัตว์ป่าเขาสนามเพรียง","ภาคเหนือ","กำแพงเพชร","2","1","1","0","not_requested"
"2679","att_2679_201005182246292000","201005182246292000","ศูนย์พัฒนาและสงเคราะห์ชาวเขา","ภาคเหนือ","ตาก","2","1","1","0","not_requested"
"2680","att_2680_201005182246292000","201005182246292000","สวนสมเด็จย่า 90 พรรษา","ภาคเหนือ","พะเยา","2","1","1","0","not_requested"
"2681","att_2681_201005182246292000","201005182246292000","หาดสะกอม","ภาคใต้","สงขลา","2","1","1","0","not_requested"
"2682","att_2682_201005182246292000","201005182246292000","อุทยานแห่งชาติเขาสก","ภาคใต้","สุราษฎร์ธานี","2","1","1","0","not_requested"
"2683","att_2683_201005182246292000","201005182246292000","หาดสร้อยสวรรค์","ภาคใต้","สงขลา","2","1","1","0","not_requested"
"2684","att_2684_201005182246292000","201005182246292000","อุทยานแห่งชาติแม่วงก์","ภาคเหนือ","กำแพงเพชร","2","1","1","0","not_requested"
"2685","att_2685_201005182246292000","201005182246292000","พระบรมธาตุเจดีย์กาญจนาภิเษก","ภาคเหนือ","เพชรบูรณ์","2","1","1","0","not_requested"
"2686","att_2686_201005182246292000","201005182246292000","วนอุทยานถ้ำจัน","ภาคเหนือ","อุตรดิตถ์","2","1","1","0","not_requested"
"2687","att_2687_201005182246292000","201005182246292000","วัดพิพัฒน์มงคล","ภาคเหนือ","สุโขทัย","2","1","1","0","not_requested"
"2688","att_2688_201005182246292000","201005182246292000","น้ำตกโป่งพระบาท","ภาคเหนือ","เชียงราย","2","1","1","0","not_requested"
"2689","att_2689_201005182246292000","201005182246292000","ศูนย์ศิลปะชุมชนเมืองงาว","ภาคเหนือ","ลำปาง","2","1","1","0","not_requested"
"2690","att_2690_201005182246292000","201005182246292000","วัดพระธาตุจอมมอญ","ภาคเหนือ","แม่ฮ่องสอน","2","1","1","0","not_requested"
"2691","att_2691_201005182246292000","201005182246292000","หาดอ่าวนาง","ภาคใต้","กระบี่","2","1","1","0","not_requested"
"2692","att_2692_201005182246292000","201005182246292000","วัดเจ้าฟ้าศาลาลอย","ภาคใต้","ชุมพร","2","1","1","0","not_requested"
"2693","att_2693_201005182246292000","201005182246292000","ศาลเจ้าพ่อพะวอ","ภาคเหนือ","ตาก","2","1","1","0","not_requested"
"2694","att_2694_201005182246292000","201005182246292000","ศูนย์วิจัยและพัฒนาประมงน้ำจืดพะเยา","ภาคเหนือ","พะเยา","2","1","1","0","not_requested"
"2695","att_2695_201005182246292000","201005182246292000","อุทยานแห่งชาติภูหินร่องกล้า","ภาคเหนือ","พิษณุโลก","2","1","1","0","not_requested"
"2696","att_2696_201005182246292000","201005182246292000","อุทยานแห่งชาติศรีพังงา","ภาคใต้","พังงา","2","1","1","0","not_requested"
"2697","att_2697_201005182246292000","201005182246292000","จุดชมวิวเขารัง","ภาคใต้","ภูเก็ต","2","1","1","0","not_requested"
"2698","att_2698_201005182246292000","201005182246292000","แก่งก้อ","ภาคเหนือ","ลำพูน","2","1","1","0","not_requested"
"2699","att_2699_201005182246292000","201005182246292000","โบราณสถานเขาคา","ภาคใต้","นครศรีธรรมราช","2","1","1","0","not_requested"
"2700","att_2700_201005182246292000","201005182246292000","ศูนย์ส่งเสริมกิจกรรมพัฒนาชุมชนดอกคำใต้","ภาคเหนือ","พะเยา","2","1","1","0","not_requested"
"2701","att_2701_201005182246292000","201005182246292000","วัดสามแก้ว","ภาคใต้","ชุมพร","2","1","1","0","not_requested"
"2702","att_2702_201005182246292000","201005182246292000","แก่งบางระจัน","ภาคเหนือ","เพชรบูรณ์","2","1","1","0","not_requested"
"2703","att_2703_201005182246292000","201005182246292000","น้ำตกแม่แอบ","ภาคเหนือ","เชียงราย","2","1","1","0","not_requested"
"2704","att_2704_201005182246292000","201005182246292000","หาดเขาปิหลาย","ภาคใต้","พังงา","2","1","1","0","not_requested"
"2705","att_2705_201005182246292000","201005182246292000","ศาลเจ้าพ่อขุนสามชน","ภาคเหนือ","ตาก","2","1","1","0","not_requested"
"2706","att_2706_201005182246292000","201005182246292000","เจดีย์ยักษ์","ภาคใต้","นครศรีธรรมราช","2","1","1","0","not_requested"
"2707","att_2707_201005182246292000","201005182246292000","แม่น้ำสาละวิน บ้านแม่สามแลบ","ภาคเหนือ","แม่ฮ่องสอน","2","1","1","0","not_requested"
"2708","att_2708_201005182246292000","201005182246292000","อุทยานแห่งชาติคลองลาน","ภาคเหนือ","กำแพงเพชร","2","1","1","0","not_requested"
"2709","att_2709_201005182246292000","201005182246292000","หาดม่วงงาม","ภาคใต้","สงขลา","2","1","1","0","not_requested"
"2710","att_2710_201005182246292000","201005182246292000","อุทยานแห่งชาติน้ำตกชาติตระการ","ภาคเหนือ","พิษณุโลก","2","1","1","0","not_requested"
"2711","att_2711_201005182246292000","201005182246292000","สุสานเจ้าแม่ลิ้มกอเหนี่ยว","ภาคใต้","ปัตตานี","2","1","1","0","not_requested"
"2712","att_2712_201005182246292000","201005182246292000","บ้านแม่ละนา","ภาคเหนือ","แม่ฮ่องสอน","2","1","1","0","not_requested"
"2713","att_2713_201005182246292000","201005182246292000","บ่อน้ำแร่บ่อน้ำร้อน","ภาคเหนือ","ลำปาง","2","1","1","0","not_requested"
"2714","att_2714_20100518224629200","20100518224629200","ถ้ำจระเข้","ภาคใต้","สตูล","2","1","1","0","not_requested"
"2715","att_2715_201005182246292000","201005182246292000","น้ำตกห้วยแม่ซ้าย","ภาคเหนือ","เชียงราย","2","1","1","0","not_requested"
"2716","att_2716_201005182246292000","201005182246292000","อุทยานแห่งชาติคลองวังเจ้า","ภาคเหนือ","กำแพงเพชร","2","1","1","0","not_requested"
"2717","att_2717_201005182246292000","201005182246292000","วัดพระธาตุเขาน้อย","ภาคเหนือ","น่าน","2","1","1","0","not_requested"
"2718","att_2718_201005182246292000","201005182246292000","วัดแสนเมืองมา","ภาคเหนือ","พะเยา","2","1","1","0","not_requested"
"2719","att_2719_201005182246292000","201005182246292000","หาดป่าทราย","ภาคใต้","พังงา","2","1","1","0","not_requested"
"2720","att_2720_201005182246292000","201005182246292000","ไร่ บี เอ็น","ภาคเหนือ","เพชรบูรณ์","2","1","1","0","not_requested"
"2721","att_2721_201005182246292000","201005182246292000","อุทยานประวัติศาสตร์กำแพงเพชร","ภาคเหนือ","กำแพงเพชร","2","1","1","0","not_requested"
"2722","att_2722_20100518224629200","20100518224629200","ชายทะเลปากพนังและแหลมตะลุมพุก","ภาคใต้","นครศรีธรรมราช","2","1","1","0","not_requested"
"2723","att_2723_201005182246292000","201005182246292000","ชุมชนบ้านห้วยฮี้","ภาคเหนือ","แม่ฮ่องสอน","2","1","1","0","not_requested"
"2724","att_2724_201005182246292000","201005182246292000","ผาวิ่งชู้","ภาคเหนือ","เชียงใหม่","2","1","1","0","not_requested"
"2725","att_2725_201005182246292000","201005182246292000","อุทยานแห่งชาติแม่ปิง","ภาคเหนือ","ลำพูน","2","1","1","0","not_requested"
"2726","att_2726_201005182246292000","201005182246292000","หาดบางสัก","ภาคใต้","พังงา","2","1","1","0","not_requested"
"2727","att_2727_201005182246292000","201005182246292000","น้ำตกผาร่มเย็น","ภาคเหนือ","อุทัยธานี","2","1","1","0","not_requested"
"2728","att_2728_201005182246292000","201005182246292000","หาดราไว","ภาคใต้","สตูล","2","1","1","0","not_requested"
"2729","att_2729_201005182246292000","201005182246292000","วัดอนาลโยทิพยาราม","ภาคเหนือ","พะเยา","2","1","1","0","not_requested"
"2730","att_2730_201005182246292000","201005182246292000","แหลมตาชี","ภาคใต้","ปัตตานี","2","1","1","0","not_requested"
"2731","att_2731_201005182246292000","201005182246292000","วัดถ้ำขวัญเมือง","ภาคใต้","ชุมพร","2","1","1","0","not_requested"
"2732","att_2732_201005182246292000","201005182246292000","น้ำตกห้วยแก้ว","ภาคเหนือ","เชียงราย","2","1","1","0","not_requested"
"2733","att_2733_201005182246292000","201005182246292000","วัดไทยวัฒนาราม","ภาคเหนือ","ตาก","2","1","1","0","not_requested"
"2734","att_2734_201005182246292000","201005182246292000","อุทยานแห่งชาติทุ่งแสลงหลวง","ภาคเหนือ","พิษณุโลก","2","1","1","0","not_requested"
"2735","att_2735_201005182246292000","201005182246292000","หาดทรายแก้ว","ภาคใต้","สงขลา","2","1","1","0","not_requested"
"2736","att_2736_201005182246292000","201005182246292000","วัดศรีโคมคำ","ภาคเหนือ","พะเยา","2","1","1","0","not_requested"
"2737","att_2737_201005182246292000","201005182246292000","อุทยานประวัติศาสตร์ศรีสัชนาลัย","ภาคเหนือ","สุโขทัย","2","1","1","0","not_requested"
"2738","att_2738_201005182246292000","201005182246292000","หาดแหลมสน","ภาคใต้","สตูล","2","1","1","0","not_requested"
"2739","att_2739_201005182246292000","201005182246292000","วัดเขาถ้ำ","ภาคเหนือ","ตาก","2","1","1","0","not_requested"
"2740","att_2740_20100518224629200","20100518224629200","ถ้ำยางวี","ภาคเหนือ","ลำพูน","2","1","1","0","not_requested"
"2741","att_2741_201005182246292000","201005182246292000","หาดท้ายเหมือง","ภาคใต้","พังงา","2","1","1","0","not_requested"
"2742","att_2742_201005182246292000","201005182246292000","แหลมจองถนน","ภาคใต้","พัทลุง","2","1","1","0","not_requested"
"2743","att_2743_201005182246292000","201005182246292000","เนินมหัศจรรย์","ภาคเหนือ","เพชรบูรณ์","2","1","1","0","not_requested"
"2744","att_2744_20100518224629200","20100518224629200","น้ำตกแจ้ซ้อน","ภาคเหนือ","ลำปาง","2","1","1","0","not_requested"
"2745","att_2745_201005182246292000","201005182246292000","เหมืองแม่เมาะ","ภาคเหนือ","ลำปาง","2","1","1","0","not_requested"
"2746","att_2746_201005182246292000","201005182246292000","สะพานติณสูลานนท์","ภาคใต้","สงขลา","2","1","1","0","not_requested"
"2747","att_2747_201005182246292000","201005182246292000","น้ำตกห้วยเม็ง","ภาคเหนือ","เชียงราย","2","1","1","0","not_requested"
"2748","att_2748_201005182246292000","201005182246292000","เขื่อนกิ่วลม","ภาคเหนือ","ลำปาง","2","1","1","0","not_requested"
"2749","att_2749_201005182246292000","201005182246292000","อุทยานแห่งชาติน้ำตกทรายขาว","ภาคใต้","ปัตตานี","2","1","1","0","not_requested"
"2750","att_2750_201005182246292000","201005182246292000","อุทยานแห่งชาติรามคำแหง","ภาคเหนือ","สุโขทัย","2","1","1","0","not_requested"
"2751","att_2751_20100518224629200","20100518224629200","สุสานสุลต่านสุลัยมานชาห์","ภาคใต้","สงขลา","2","1","1","0","not_requested"
"2752","att_2752_201005182246292000","201005182246292000","เขาค้อ","ภาคเหนือ","เพชรบูรณ์","2","1","1","0","not_requested"
"2753","att_2753_201005182246292000","201005182246292000","บ้านกะเหรี่ยงแม่สะกั๊วะ","ภาคเหนือ","แม่ฮ่องสอน","2","1","1","0","not_requested"
"2754","att_2754_20100518224629200","20100518224629200","ถ้ำดิน","ภาคเหนือ","อุตรดิตถ์","2","1","1","0","not_requested"
"2755","att_2755_201005182246292000","201005182246292000","หาดท่าเขา","ภาคใต้","พังงา","2","1","1","0","not_requested"
"2756","att_2756_201005182246292000","201005182246292000","น้ำตกห้วยหก","ภาคเหนือ","เชียงราย","2","1","1","0","not_requested"
"2757","att_2757_201005182246292000","201005182246292000","ปางช้างแม่แตง","ภาคเหนือ","เชียงใหม่","2","1","1","0","not_requested"
"2758","att_2758_201005182246292000","201005182246292000","วัดศรีอุโมงค์คำ","ภาคเหนือ","พะเยา","2","1","1","0","not_requested"
"2759","att_2759_201005182246292000","201005182246292000","หมู่เกาะสี่ เกาะห้า","ภาคใต้","พัทลุง","2","1","1","0","not_requested"
"2760","att_2760_201005182246292000","201005182246292000","อนุสาวรีย์สุเทวฤาษี","ภาคเหนือ","ลำพูน","2","1","1","0","not_requested"
"2761","att_2761_201005182246291008","201005182246291008","สวนเสรี","ภาคใต้","สงขลา","2","1","1","0","not_requested"
"2762","att_2762_201005182246291008","201005182246291008","สวนสาธารณะเทศบาลนครหาดใหญ่","ภาคใต้","สงขลา","2","1","1","0","not_requested"
"2763","att_2763_201005182246291008","201005182246291008","อ่างเก็บน้ำวังเฮือ","ภาคเหนือ","ลำปาง","2","1","1","0","not_requested"
"2764","att_2764_201005182246291008","201005182246291008","อ่าวเมาะและ","ภาคใต้","สตูล","2","1","1","0","not_requested"
"2765","att_2765_201005182246291008","201005182246291008","วัดหัวดง","ภาคเหนือ","พิจิตร","2","1","1","0","not_requested"
"2766","att_2766_201005182246291008","201005182246291008","บ้านกะเหรี่ยงห้วยห้อม","ภาคเหนือ","แม่ฮ่องสอน","2","1","1","0","not_requested"
"2767","att_2767_201005182246291008","201005182246291008","หาดอ่าวเคย","ภาคใต้","ระนอง","2","1","1","0","not_requested"
"2768","att_2768_201005182246291008","201005182246291008","วัดศรีปิงเมือง","ภาคเหนือ","พะเยา","2","1","1","0","not_requested"
"2769","att_2769_20100518224629100","20100518224629100","ถ้ำธารน้ำลอดใหญ่","ภาคใต้","ชุมพร","2","1","1","0","not_requested"
"2770","att_2770_201005182246291008","201005182246291008","อนุสาวรีย์พระนางจามเทวี","ภาคเหนือ","ลำพูน","2","1","1","0","not_requested"
"2771","att_2771_201005182246291008","201005182246291008","น้ำตกห้วยน้ำอุ่น","ภาคเหนือ","เชียงราย","2","1","1","0","not_requested"
"2772","att_2772_20100518224629100","20100518224629100","ถ้ำบ่อน้ำทิพย์พุทธมงคล","ภาคใต้","สุราษฎร์ธานี","2","1","1","0","not_requested"
"2773","att_2773_201005182246291008","201005182246291008","วัดมณีไพรสณฑ์","ภาคเหนือ","ตาก","2","1","1","0","not_requested"
"2774","att_2774_201005182246291008","201005182246291008","หาดแฆแฆ","ภาคใต้","ปัตตานี","2","1","1","0","not_requested"
"2775","att_2775_20100518224629100","20100518224629100","พิพิธภัณฑสถานแห่งชาติรามคำแหง","ภาคเหนือ","สุโขทัย","2","1","1","0","not_requested"
"2776","att_2776_201005182246291008","201005182246291008","หมู่บ้านพุมเรียง","ภาคใต้","สุราษฎร์ธานี","2","1","1","0","not_requested"
"2777","att_2777_201005182246291008","201005182246291008","สวนสัตว์สงขลา","ภาคใต้","สงขลา","2","1","1","0","not_requested"
"2778","att_2778_201005182246291008","201005182246291008","วัดศรีจอมเมือง","ภาคเหนือ","พะเยา","2","1","1","0","not_requested"
"2779","att_2779_201005182246291008","201005182246291008","หาดวาสุกรี","ภาคใต้","ปัตตานี","2","1","1","0","not_requested"
"2780","att_2780_201005182246291008","201005182246291008","อุทยานแห่งชาติศรีสัชนาลัย","ภาคเหนือ","สุโขทัย","2","1","1","0","not_requested"
"2781","att_2781_201005182246291008","201005182246291008","ศาลสมเด็จพระนเรศวรมหาราช พิษณุโลก","ภาคเหนือ","พิษณุโลก","2","1","1","0","not_requested"
"2782","att_2782_201005182246291008","201005182246291008","ศูนย์ทอผ้าพื้นเมืองบ้านโคกหม้อ","ภาคเหนือ","อุทัยธานี","2","1","1","0","not_requested"
"2783","att_2783_20100518224629100","20100518224629100","ถ้ำลอด","ภาคใต้","กระบี่","2","1","1","0","not_requested"
"2784","att_2784_201005182246291008","201005182246291008","น้ำตกเขาพระนารายณ์","ภาคใต้","ระนอง","2","1","1","0","not_requested"
"2785","att_2785_201005182246291008","201005182246291008","วนอุทยานเขาพาง","ภาคใต้","ชุมพร","2","1","1","0","not_requested"
"2786","att_2786_201005182246291008","201005182246291008","เขตห้ามล่าสัตว์ป่าทะเลน้อย","ภาคใต้","พัทลุง","2","1","1","0","not_requested"
"2787","att_2787_201005182246291008","201005182246291008","อนุสาวรีย์ครูบาศรีวิชัย","ภาคเหนือ","ลำพูน","2","1","1","0","not_requested"
"2788","att_2788_201005182246291008","201005182246291008","หาดนพรัตน์ธารา","ภาคใต้","กระบี่","2","1","1","0","not_requested"
"2789","att_2789_201005182246291008","201005182246291008","สิริจิตอุทยาน กำแพงเพชร","ภาคเหนือ","กำแพงเพชร","2","1","1","0","not_requested"
"2790","att_2790_201005182246291008","201005182246291008","วัดมณีบรรพตวรวิหาร","ภาคเหนือ","ตาก","2","1","1","0","not_requested"
"2791","att_2791_201005182246291008","201005182246291008","อ่างเก็บน้ำชลประทานห้วยป่าแดง","ภาคเหนือ","เพชรบูรณ์","2","1","1","0","not_requested"
"2792","att_2792_201005182246291008","201005182246291008","หาดคลองจาก","ภาคใต้","พังงา","2","1","1","0","not_requested"
"2793","att_2793_201005182246291008","201005182246291008","วัดธารน้ำไหล (สวนโมกข์พลาราม)","ภาคใต้","สุราษฎร์ธานี","2","1","1","0","not_requested"
"2794","att_2794_201005182246291008","201005182246291008","น้ำตกปูแกง","ภาคเหนือ","เชียงราย","2","1","1","0","not_requested"
"2795","att_2795_201005182246291008","201005182246291008","หมู่บ้านกะเหรี่ยงพัฒนาห้วยหละ","ภาคเหนือ","ลำพูน","2","1","1","0","not_requested"
"2796","att_2796_201005182246291008","201005182246291008","อุทยานแห่งชาติลำน้ำกระบุรี","ภาคใต้","ระนอง","2","1","1","0","not_requested"
"2797","att_2797_201005182246291008","201005182246291008","วัดเจดีย์ยอดทอง","ภาคเหนือ","พิษณุโลก","2","1","1","0","not_requested"
"2798","att_2798_201005182246291008","201005182246291008","ชุมชนชาวมอแกน","ภาคใต้","พังงา","2","1","1","0","not_requested"
"2799","att_2799_201005182246291008","201005182246291008","หาดถ้ำพระนาง","ภาคใต้","กระบี่","2","1","1","0","not_requested"
"2800","att_2800_201005182246291008","201005182246291008","วัดพระบรมธาตุ","ภาคเหนือ","ตาก","2","1","1","0","not_requested"
"2801","att_2801_201005182246291008","201005182246291008","หอพระอิศวรและเสาชิงช้า","ภาคใต้","นครศรีธรรมราช","2","1","1","0","not_requested"
"2802","att_2802_201005182246291008","201005182246291008","หาดราชรักษ์","ภาคใต้","ปัตตานี","2","1","0","1","not_requested"
"2803","att_2803_201005182246291008","201005182246291008","วัดลี","ภาคเหนือ","พะเยา","2","1","1","0","not_requested"
"2804","att_2804_201005182246291008","201005182246291008","อุทยานแห่งชาติน้ำหนาว","ภาคเหนือ","เพชรบูรณ์","2","1","1","0","not_requested"
"2805","att_2805_201005182246291008","201005182246291008","บ่อน้ำร้อนแม่ฮู","ภาคเหนือ","แม่ฮ่องสอน","2","1","1","0","not_requested"
"2806","att_2806_201005182246291008","201005182246291008","สวนสาธารณะหนองกระทิง","ภาคเหนือ","ลำปาง","2","1","1","0","not_requested"
"2807","att_2807_201005182246291008","201005182246291008","หมู่บ้านหาดเสี้ยว","ภาคเหนือ","สุโขทัย","2","1","1","0","not_requested"
"2808","att_2808_201005182246291008","201005182246291008","เขาฝาชี","ภาคใต้","ระนอง","2","1","1","0","not_requested"
"2809","att_2809_201005182246291008","201005182246291008","สถาบันทักษิณคดีศึกษา","ภาคใต้","สงขลา","2","1","1","0","not_requested"
"2810","att_2810_201005182246291008","201005182246291008","วัดราชคฤห์วรวิหาร","ภาคเหนือ","พะเยา","2","1","1","0","not_requested"
"2811","att_2811_201005182246291008","201005182246291008","สำนักสงฆ์ถ้ำตาปาน","ภาคใต้","พังงา","2","1","1","0","not_requested"
"2812","att_2812_201005182246291008","201005182246291008","หาดรัชดาภิเษก","ภาคใต้","ปัตตานี","2","1","1","0","not_requested"
"2813","att_2813_20100518224629100","20100518224629100","ทุ่งหินเทิน","ภาคเหนือ","นครสวรรค์","2","1","1","0","not_requested"
"2814","att_2814_201005182246291008","201005182246291008","หมู่เกาะห้า","ภาคใต้","กระบี่","2","1","1","0","not_requested"
"2815","att_2815_201005182246291008","201005182246291008","วนอุทยานน้ำตกตาดควัน","ภาคเหนือ","เชียงราย","2","1","1","0","not_requested"
"2816","att_2816_201005182246291008","201005182246291008","วัดดอยข่อยเขาแก้ว","ภาคเหนือ","ตาก","2","1","1","0","not_requested"
"2817","att_2817_201005182246291008","201005182246291008","วัดอรัญญิก","ภาคเหนือ","พิษณุโลก","2","1","1","0","not_requested"
"2818","att_2818_201005182246291008","201005182246291008","อุทยานประวัติศาสตร์ศรีเทพ","ภาคเหนือ","เพชรบูรณ์","2","1","1","0","not_requested"
"2819","att_2819_201005182246291008","201005182246291008","หาดในหาน","ภาคใต้","ภูเก็ต","2","1","1","0","not_requested"
"2820","att_2820_201005182246291008","201005182246291008","บ่อน้ำร้อนหนองแห้ง","ภาคเหนือ","แม่ฮ่องสอน","2","1","1","0","not_requested"
"2821","att_2821_201005182246291008","201005182246291008","สถานปฏิบัติธรรมหลวงพ่อเกษม เขมโก","ภาคเหนือ","ลำปาง","2","1","1","0","not_requested"
"2822","att_2822_20100518224629100","20100518224629100","ถ้ำลอดใหญ่","ภาคใต้","พังงา","2","1","1","0","not_requested"
"2823","att_2823_201005182246291008","201005182246291008","สถานีเพาะเลี้ยงสัตว์ป่าพังงา","ภาคใต้","พังงา","2","1","1","0","not_requested"
"2824","att_2824_201005182246291008","201005182246291008","พิพิธภัณฑ์จันเสน (เมืองโบราณจันเสน)","ภาคเหนือ","นครสวรรค์","2","1","1","0","not_requested"
"2825","att_2825_20100518224629100","20100518224629100","ถ้ำผาตั้ง","ภาคเหนือ","พะเยา","2","1","1","0","not_requested"
"2826","att_2826_201005182246291008","201005182246291008","ศูนย์วิจัยยางสงขลา","ภาคใต้","สงขลา","2","1","1","0","not_requested"
"2827","att_2827_201005182246291008","201005182246291008","น้ำตกตาดทอง","ภาคเหนือ","เชียงราย","2","1","1","0","not_requested"
"2828","att_2828_201005182246291008","201005182246291008","เขาสะแกกรัง","ภาคเหนือ","อุทัยธานี","2","1","1","0","not_requested"
"2829","att_2829_201005182246291008","201005182246291008","วัดหนองเงือก","ภาคเหนือ","ลำพูน","2","1","1","0","not_requested"
"2830","att_2830_20100518224629100","20100518224629100","วัดถ้ำคูหาสวรรค์","ภาคใต้","พัทลุง","2","1","1","0","not_requested"
"2831","att_2831_201005182246291008","201005182246291008","เกาะห้อง","ภาคใต้","กระบี่","2","1","1","0","not_requested"
"2832","att_2832_201005182246291008","201005182246291008","ปากน้ำหลังสวน","ภาคใต้","ชุมพร","2","1","1","0","not_requested"
"2833","att_2833_201005182246291008","201005182246291008","วัดดอนแก้ว","ภาคเหนือ","ตาก","2","1","1","0","not_requested"
"2834","att_2834_20100518224629100","20100518224629100","บึงสีไฟ","ภาคเหนือ","พิจิตร","2","1","1","0","not_requested"
"2835","att_2835_201005182246291008","201005182246291008","วัดรัตนวราราม","ภาคเหนือ","พะเยา","2","1","1","0","not_requested"
"2836","att_2836_201005182246291008","201005182246291008","วัดวิหารทอง","ภาคเหนือ","พิษณุโลก","2","1","1","0","not_requested"
"2837","att_2837_201005182246291008","201005182246291008","วัดพระนอน","ภาคเหนือ","แพร่","2","1","1","0","not_requested"
"2838","att_2838_201005182246291008","201005182246291008","ชุมชนบ้านน้ำฮูหายใจ","ภาคเหนือ","แม่ฮ่องสอน","2","1","1","0","not_requested"
"2839","att_2839_201005182246291008","201005182246291008","เกาะช้าง","ภาคใต้","ระนอง","2","0","0","2","not_requested"
"2840","att_2840_20100518224629100","20100518224629100","ถ้ำฤาษีสมบัติ","ภาคเหนือ","เพชรบูรณ์","2","1","1","0","not_requested"
"2841","att_2841_201005182246291008","201005182246291008","สวนไม้ดอกเมืองหนาวเบตง","ภาคใต้","ยะลา","2","1","1","0","not_requested"
"2842","att_2842_201005182246291008","201005182246291008","สถาบันคชบาลแห่งชาติในพระอุปถัมภ์ฯ","ภาคเหนือ","ลำปาง","2","1","1","0","not_requested"
"2843","att_2843_201005182246291008","201005182246291008","หมู่เกาะพีพี","ภาคใต้","กระบี่","2","1","1","0","not_requested"
"2844","att_2844_201005182246291008","201005182246291008","บ่อน้ำแร่ธรรมชาติไทรงาม","ภาคเหนือ","แม่ฮ่องสอน","2","1","1","0","not_requested"
"2845","att_2845_20100518224629100","20100518224629100","กองแลน","ภาคเหนือ","แม่ฮ่องสอน","2","1","1","0","not_requested"
"2846","att_2846_201005182246291008","201005182246291008","อนุสาวรีย์จีนฮ่อ","ภาคเหนือ","เพชรบูรณ์","2","1","1","0","not_requested"
"2847","att_2847_201005182246291008","201005182246291008","หาดยาว","ภาคใต้","ตรัง","2","1","1","0","not_requested"
"2848","att_2848_201005182246291008","201005182246291008","วัดพระนั่งดิน","ภาคเหนือ","พะเยา","2","1","1","0","not_requested"
"2849","att_2849_201005182246291008","201005182246291008","สถานีพัฒนาและส่งเสริมการอนุรักษ์สัตว์ป่าเขาท่าเพชร","ภาคใต้","สุราษฎร์ธานี","2","1","1","0","not_requested"
"2850","att_2850_201005182246291008","201005182246291008","น้ำตกขุนแจ","ภาคเหนือ","เชียงราย","2","1","1","0","not_requested"
"2851","att_2851_201005182246291008","201005182246291008","วัดชุมพลคีรี","ภาคเหนือ","ตาก","2","1","1","0","not_requested"
"2852","att_2852_201005182246291008","201005182246291008","วัดราชบูรณะ","ภาคเหนือ","พิษณุโลก","2","1","1","0","not_requested"
"2853","att_2853_201005182246291008","201005182246291008","เกาะค้างคาว","ภาคใต้","ระนอง","2","1","1","0","not_requested"
"2854","att_2854_201005182246291008","201005182246291008","ศาลเจ้าพ่อหลักเมือง","ภาคเหนือ","ลำปาง","2","1","1","0","not_requested"
"2855","att_2855_201005182246291008","201005182246291008","ศาลเจ้าพ่อหลักเมืองสงขลา","ภาคใต้","สงขลา","2","1","1","0","not_requested"
"2856","att_2856_201005182246291008","201005182246291008","วัดมหาวันวรมหาวิหาร","ภาคเหนือ","ลำพูน","2","1","1","0","not_requested"
"2857","att_2857_201005182246291008","201005182246291008","เกาะสาหร่าย","ภาคใต้","สตูล","2","1","1","0","not_requested"
"2858","att_2858_201005182246291008","201005182246291008","วัดเอกเชิงแส","ภาคใต้","สงขลา","2","1","1","0","not_requested"
"2859","att_2859_201005182246291008","201005182246291008","สุสานหอยแหลมโพธิ์","ภาคใต้","กระบี่","2","1","1","0","not_requested"
"2860","att_2860_201005182246291008","201005182246291008","อนุสรณ์สถานผู้เสียสละ (เขาค้อ)","ภาคเหนือ","เพชรบูรณ์","2","1","1","0","not_requested"
"2861","att_2861_201005182246291008","201005182246291008","น้ำตกขุนกรณ์","ภาคเหนือ","เชียงราย","2","1","1","0","not_requested"
"2862","att_2862_201005182246291008","201005182246291008","ศาลเจ้าพ่อประตูผา","ภาคเหนือ","ลำปาง","2","1","1","0","not_requested"
"2863","att_2863_201005182246291008","201005182246291008","อุทยานแห่งชาติแหลมสน","ภาคใต้","ระนอง","2","1","1","0","not_requested"
"2864","att_2864_201005182246291008","201005182246291008","วัดพระธาตุดอยคำ","ภาคเหนือ","พะเยา","2","1","1","0","not_requested"
"2865","att_2865_201005182246291008","201005182246291008","อุทยานเมืองเก่าพิจิตร","ภาคเหนือ","พิจิตร","2","1","1","0","not_requested"
"2866","att_2866_201005182246291008","201005182246291008","มัสยิดประจำจังหวัดนราธิวาส (หลังใหม่)","ภาคใต้","นราธิวาส","2","1","1","0","not_requested"
"2867","att_2867_201005182246291008","201005182246291008","วัดพระยืน","ภาคเหนือ","ลำพูน","2","1","1","0","not_requested"
"2868","att_2868_201005182246291008","201005182246291008","ตลาดสินค้าพื้นเมือง ชาวเขาดอยมูเซอ","ภาคเหนือ","ตาก","2","1","1","0","not_requested"
"2869","att_2869_201005182246291008","201005182246291008","หาดตะโละกาโปร์","ภาคใต้","ปัตตานี","2","1","1","0","not_requested"
"2870","att_2870_201005182246291008","201005182246291008","วัดราชคีรีหิรัญยาราม","ภาคเหนือ","พิษณุโลก","2","1","1","0","not_requested"
"2871","att_2871_201005182246291008","201005182246291008","น้ำพุร้อนเมืองแปง","ภาคเหนือ","แม่ฮ่องสอน","2","1","1","0","not_requested"
"2872","att_2872_201005182246291008","201005182246291008","เขื่อนบางลาง","ภาคใต้","ยะลา","2","1","1","0","not_requested"
"2873","att_2873_201005182246291008","201005182246291008","สวนสาธารณะหนองพระแล","ภาคเหนือ","อุตรดิตถ์","2","1","1","0","not_requested"
"2874","att_2874_201005182246291008","201005182246291008","วัดไชยมงคล","ภาคเหนือ","ลำปาง","2","1","1","0","not_requested"
"2875","att_2875_201005182246291008","201005182246291008","อุโมงค์ปิยะมิตร","ภาคใต้","ยะลา","2","1","1","0","not_requested"
"2876","att_2876_201005182246291008","201005182246291008","อุทยานแห่งชาติหมู่เกาะระนอง","ภาคใต้","ระนอง","2","1","1","0","not_requested"
"2877","att_2877_201005182246291008","201005182246291008","วัดพระพุทธบาทตากผ้า","ภาคเหนือ","ลำพูน","2","1","1","0","not_requested"
"2878","att_2878_201005182246291008","201005182246291008","วัดราษฎร์อุปถัมภ์","ภาคใต้","พังงา","2","1","1","0","not_requested"
"2879","att_2879_201005182246291008","201005182246291008","บ่อน้ำร้อนผาบ่อง","ภาคเหนือ","แม่ฮ่องสอน","2","1","1","0","not_requested"
"2880","att_2880_201005182246291008","201005182246291008","น้ำตกแม่ปาน","ภาคเหนือ","เชียงใหม่","2","1","1","0","not_requested"
"2881","att_2881_201005182246291008","201005182246291008","บ่อน้ำร้อนถ้ำเขาพลู","ภาคใต้","ชุมพร","2","1","1","0","not_requested"
"2882","att_2882_201005182246291008","201005182246291008","พระพุทธบาทดอยเขาหนาม","ภาคเหนือ","ตาก","2","1","1","0","not_requested"
"2883","att_2883_201005182246291008","201005182246291008","วัดพระธาตุสบแวน","ภาคเหนือ","พะเยา","2","1","1","0","not_requested"
"2884","att_2884_201005182246291008","201005182246291008","ศาลพระแม่ย่า","ภาคเหนือ","สุโขทัย","2","1","1","0","not_requested"
"2885","att_2885_20100518224629100","20100518224629100","ตลาดนัดปาลัส","ภาคใต้","ปัตตานี","2","1","1","0","not_requested"
"2886","att_2886_201005182246291008","201005182246291008","วัดพระธาตุภูปอ","ภาคเหนือ","พะเยา","2","1","1","0","not_requested"
"2887","att_2887_201005182246291008","201005182246291008","วัดเขาบ่อ","ภาคใต้","สงขลา","2","1","1","0","not_requested"
"2888","att_2888_201005182246291008","201005182246291008","ผาสามเงา","ภาคเหนือ","ตาก","2","1","1","0","not_requested"
"2889","att_2889_201005182246291008","201005182246291008","วัดเชิงเขา","ภาคใต้","นราธิวาส","2","1","1","0","not_requested"
"2890","att_2890_201005182246291008","201005182246291008","น้ำตกเหวโหลม","ภาคใต้","ชุมพร","2","1","1","0","not_requested"
"2891","att_2891_201005182246291008","201005182246291008","ท่าเรือบั๊ค","ภาคเหนือ","เชียงราย","2","1","1","0","not_requested"
"2892","att_2892_201005182246291008","201005182246291008","น้ำตกแม่กลาง","ภาคเหนือ","เชียงใหม่","2","1","1","0","not_requested"
"2893","att_2893_201005182246291008","201005182246291008","บ้านปะเสยะวอ","ภาคใต้","ปัตตานี","2","1","1","0","not_requested"
"2894","att_2894_201005182246291008","201005182246291008","วัดนารายณิการาม","ภาคใต้","พังงา","2","1","1","0","not_requested"
"2895","att_2895_201005182246291008","201005182246291008","วัดนางพญา","ภาคเหนือ","พิษณุโลก","2","1","1","0","not_requested"
"2896","att_2896_201005182246291008","201005182246291008","น้ำตกแม่เย็น","ภาคเหนือ","แม่ฮ่องสอน","2","1","1","0","not_requested"
"2897","att_2897_201005182246291008","201005182246291008","อุทยานแห่งชาติน้ำตกหงาว","ภาคใต้","ระนอง","2","1","1","0","not_requested"
"2898","att_2898_201005182246291008","201005182246291008","วัดพระเจดีย์ซาวหลัง","ภาคเหนือ","ลำปาง","2","1","1","0","not_requested"
"2899","att_2899_201005182246291008","201005182246291008","หมู่บ้านซาไก","ภาคใต้","ยะลา","2","1","1","0","not_requested"
"2900","att_2900_201005182246291008","201005182246291008","วัดพระพุทธบาทห้วยต้ม","ภาคเหนือ","ลำพูน","2","1","1","0","not_requested"
"2901","att_2901_201005182246291008","201005182246291008","วัดรัตนาราม (วัดแก้ว)","ภาคใต้","สุราษฎร์ธานี","2","1","1","0","not_requested"
"2902","att_2902_201005182246291008","201005182246291008","เขาปฐวี","ภาคเหนือ","อุทัยธานี","2","1","1","0","not_requested"
"2903","att_2903_20100518224629100","20100518224629100","ถ้ำบ่อยา (วัดเทพนิมิตทรงธรรม)","ภาคเหนือ","นครสวรรค์","2","1","1","0","not_requested"
"2904","att_2904_201005182246291008","201005182246291008","วัดจุฬามณี","ภาคเหนือ","พิษณุโลก","2","1","1","0","not_requested"
"2905","att_2905_201005182246291008","201005182246291008","วัดเกาะถ้ำ","ภาคใต้","สงขลา","2","1","1","0","not_requested"
"2906","att_2906_20100518224629100","20100518224629100","ถ้ำพระขยางค์","ภาคใต้","ระนอง","2","1","1","0","not_requested"
"2907","att_2907_201005182246291008","201005182246291008","น้ำตกแม่อูคอ","ภาคเหนือ","แม่ฮ่องสอน","2","1","1","0","not_requested"
"2908","att_2908_201005182246291008","201005182246291008","ภูเขาอกทะลุ","ภาคใต้","พัทลุง","2","1","1","0","not_requested"
"2909","att_2909_201005182246291008","201005182246291008","ที่พักริมทางห้วยค้อนก้อม","ภาคเหนือ","เชียงราย","2","1","1","0","not_requested"
"2910","att_2910_201005182246291008","201005182246291008","น้ำตกห้วยแก้ว","ภาคเหนือ","เชียงใหม่","2","1","1","0","not_requested"
"2911","att_2911_201005182246291008","201005182246291008","สนามกีฬากลางหุบเขาและสวนสุดสยาม","ภาคใต้","ยะลา","2","1","1","0","not_requested"
"2912","att_2912_201005182246291008","201005182246291008","วัดพระธาตุหริภุญชัยวรมหาวิหาร","ภาคเหนือ","ลำพูน","2","1","1","0","not_requested"
"2913","att_2913_201005182246291008","201005182246291008","วัดอักโขชัยคีรี","ภาคเหนือ","ลำปาง","2","1","1","0","not_requested"
"2914","att_2914_201005182246291008","201005182246291008","วัดพระธาตุจอมทอง","ภาคเหนือ","พะเยา","2","1","1","0","not_requested"
"2915","att_2915_201005182246291008","201005182246291008","หาดแหลมสน","ภาคใต้","ระนอง","2","1","1","0","not_requested"
"2916","att_2916_20100518224629100","20100518224629100","เขตห้ามล่าสัตว์ป่าถ้ำผาท่าพล","ภาคเหนือ","พิษณุโลก","2","1","1","0","not_requested"
"2917","att_2917_201005182246291008","201005182246291008","จุดชมวิวผาชะโด","ภาคใต้","สตูล","2","1","1","0","not_requested"
"2918","att_2918_201005182246291008","201005182246291008","วัดมหัตตมังคลาราม","ภาคใต้","สงขลา","2","1","1","0","not_requested"
"2919","att_2919_201005182246291008","201005182246291008","วัดป่าเหียง","ภาคเหนือ","ลำพูน","2","1","1","0","not_requested"
"2920","att_2920_20100518224629100","20100518224629100","ตลาดชายแดนไทย - ลาว","ภาคเหนือ","พะเยา","2","1","1","0","not_requested"
"2921","att_2921_201005182246291008","201005182246291008","ทะเลสาบเชียงแสน","ภาคเหนือ","เชียงราย","2","1","1","0","not_requested"
"2922","att_2922_201005182246291008","201005182246291008","วัดถ้ำเสือ","ภาคใต้","กระบี่","2","1","1","0","not_requested"
"2923","att_2923_201005182246291008","201005182246291008","บ่อน้ำร้อนแม่กาษา","ภาคเหนือ","ตาก","2","1","1","0","not_requested"
"2924","att_2924_201005182246291008","201005182246291008","หมู่บ้านทอน","ภาคใต้","นราธิวาส","2","1","1","0","not_requested"
"2925","att_2925_201005182246291008","201005182246291008","บ่อน้ำร้อนโป่งกิ","ภาคเหนือ","น่าน","2","1","1","0","not_requested"
"2926","att_2926_201005182246291008","201005182246291008","สวนสมเด็จศรีนครินทราบรมราชชนนี","ภาคใต้","ปัตตานี","2","1","1","0","not_requested"
"2927","att_2927_201005182246291008","201005182246291008","วนอุทยานแห่งชาติสระนางมโนห์รา","ภาคใต้","พังงา","2","1","1","0","not_requested"
"2928","att_2928_201005182246291008","201005182246291008","พระพุทธนิรโรคันตรายชัยวัฒน์จตุรทิศ","ภาคใต้","พัทลุง","2","1","1","0","not_requested"
"2929","att_2929_201005182246291008","201005182246291008","น้ำตกแม่สุรินทร์","ภาคเหนือ","แม่ฮ่องสอน","2","1","1","0","not_requested"
"2930","att_2930_201005182246291008","201005182246291008","วัดศรีรองเมือง","ภาคเหนือ","ลำปาง","2","1","1","0","not_requested"
"2931","att_2931_201005182246291008","201005182246291008","น้ำตกห้วยน้ำดัง","ภาคเหนือ","เชียงใหม่","2","1","1","0","not_requested"
"2932","att_2932_201005182246291008","201005182246291008","วัดศรีชุม","ภาคเหนือ","ลำปาง","2","1","1","0","not_requested"
"2933","att_2933_20100518224629100","20100518224629100","ขุนน้ำโป่ง","ภาคเหนือ","เชียงราย","2","1","1","0","not_requested"
"2934","att_2934_201005182246291008","201005182246291008","น้ำตกโตนปลิว","ภาคใต้","สตูล","2","1","1","0","not_requested"
"2935","att_2935_201005182246291008","201005182246291008","น้ำตกแม่ริด","ภาคเหนือ","แม่ฮ่องสอน","2","1","1","0","not_requested"
"2936","att_2936_201005182246291008","201005182246291008","บ่อน้ำร้อนเขาชัยสน","ภาคใต้","พัทลุง","2","1","1","0","not_requested"
"2937","att_2937_201005182246291008","201005182246291008","วัดจามเทวี","ภาคเหนือ","ลำพูน","2","1","1","0","not_requested"
"2938","att_2938_201005182246291008","201005182246291008","วัดจะทิ้งพระ","ภาคใต้","สงขลา","2","1","1","0","not_requested"
"2939","att_2939_201005182246291008","201005182246291008","พิพิธภัณฑสถานวัดคลองท่อม","ภาคใต้","กระบี่","2","1","1","0","not_requested"
"2940","att_2940_201005182246291008","201005182246291008","น้ำตกหมอกฟ้า","ภาคเหนือ","เชียงใหม่","2","1","1","0","not_requested"
"2941","att_2941_201005182246291008","201005182246291008","โบราณสถานวัดโมคลาน","ภาคใต้","นครศรีธรรมราช","2","1","1","0","not_requested"
"2942","att_2942_201005182246291008","201005182246291008","เขาหน่อ-เขาแก้ว","ภาคเหนือ","นครสวรรค์","2","1","1","0","not_requested"
"2943","att_2943_201005182246291008","201005182246291008","ศูนย์ศิลปาชีพพิเศษทักษิณราชนิเวศน์","ภาคใต้","นราธิวาส","2","1","1","0","not_requested"
"2944","att_2944_201005182246291008","201005182246291008","น้ำออกรู","ภาคเหนือ","น่าน","2","1","1","0","not_requested"
"2945","att_2945_201005182246291008","201005182246291008","วัดพระธาตุขิงแกง","ภาคเหนือ","พะเยา","2","1","1","0","not_requested"
"2946","att_2946_201005182246291008","201005182246291008","หาดประพาส","ภาคใต้","ระนอง","2","1","1","0","not_requested"
"2947","att_2947_201005182246291008","201005182246291008","วัดพระบรมธาตุไชยาราชวรวิหาร","ภาคใต้","สุราษฎร์ธานี","2","1","1","0","not_requested"
"2948","att_2948_201005182246291008","201005182246291008","ศาลสมเด็จพระนเรศวรมหาราช","ภาคเหนือ","เพชรบูรณ์","2","1","1","0","not_requested"
"2949","att_2949_201005182246291008","201005182246291008","น้ำตกโจนลงเล","ภาคใต้","สตูล","2","1","1","0","not_requested"
"2950","att_2950_20100518224629100","20100518224629100","ถ้ำทิพย์ปรีดา","ภาคใต้","ชุมพร","2","1","1","0","not_requested"
"2951","att_2951_201005182246291008","201005182246291008","น้ำตกสิริภูมิ","ภาคเหนือ","เชียงใหม่","2","1","1","0","not_requested"
"2952","att_2952_201005182246291008","201005182246291008","น้ำตกลานเลี้ยงม้า","ภาคเหนือ","ตาก","2","1","1","0","not_requested"
"2953","att_2953_201005182246291008","201005182246291008","ศูนย์วิจัยและศึกษาธรรมชาติป่าพรุสิรินธร","ภาคใต้","นราธิวาส","2","1","1","0","not_requested"
"2954","att_2954_201005182246291008","201005182246291008","วัดป่าแดงบุญนาค","ภาคเหนือ","พะเยา","2","1","1","0","not_requested"
"2955","att_2955_201005182246291008","201005182246291008","ศาลหลักเมืองยะลา","ภาคใต้","ยะลา","2","1","1","0","not_requested"
"2956","att_2956_201005182246291008","201005182246291008","หาดบางเบน","ภาคใต้","ระนอง","2","1","1","0","not_requested"
"2957","att_2957_201005182246291008","201005182246291008","วัดพระแก้วดอนเต้าสุชาดาราม พระอารามหลวง","ภาคเหนือ","ลำปาง","2","1","1","0","not_requested"
"2958","att_2958_201005182246291008","201005182246291008","วัดมัชฌิมาวาส","ภาคใต้","สงขลา","2","1","1","0","not_requested"
"2959","att_2959_201005182246291008","201005182246291008","น้ำตกหมอแปง","ภาคเหนือ","แม่ฮ่องสอน","2","1","1","0","not_requested"
"2960","att_2960_20100518224629100","20100518224629100","ม่อนกิ่วลม","ภาคเหนือ","ตาก","2","1","1","0","not_requested"
"2961","att_2961_201005182246291008","201005182246291008","น้ำตกลานสาง","ภาคเหนือ","ตาก","2","1","1","0","not_requested"
"2962","att_2962_201005182246291008","201005182246291008","วัดบุญนาค","ภาคเหนือ","พะเยา","2","1","1","0","not_requested"
"2963","att_2963_201005182246291008","201005182246291008","ศาลเจ้าเล่งจูเกียง","ภาคใต้","ปัตตานี","2","1","1","0","not_requested"
"2964","att_2964_201005182246291008","201005182246291008","พิพิธภัณฑสถานแห่งชาติ ไชยา","ภาคใต้","สุราษฎร์ธานี","2","1","1","0","not_requested"
"2965","att_2965_201005182246291008","201005182246291008","น้ำตกโตนไพร","ภาคใต้","พังงา","2","1","1","0","not_requested"
"2966","att_2966_201005182246291008","201005182246291008","พิพิธภัณฑ์พื้นบ้านจ่าทวี","ภาคเหนือ","พิษณุโลก","2","1","1","0","not_requested"
"2967","att_2967_201005182246291008","201005182246291008","น้ำตกทุ่งยอ","ภาคใต้","ชุมพร","2","1","1","0","not_requested"
"2968","att_2968_20100518224629100","20100518224629100","หาดอ่าวมะนาว","ภาคใต้","นราธิวาส","2","1","1","0","not_requested"
"2969","att_2969_201005182246291008","201005182246291008","น้ำตกไพรวัลย์","ภาคใต้","พัทลุง","2","1","1","0","not_requested"
"2970","att_2970_201005182246291008","201005182246291008","วัดโรงช้าง","ภาคเหนือ","พิจิตร","2","1","1","0","not_requested"
"2971","att_2971_201005182246291008","201005182246291008","สวนสัตว์ภูเก็ต","ภาคใต้","ภูเก็ต","2","1","1","0","not_requested"
"2972","att_2972_201005182246291008","201005182246291008","วัดพระธาตุเสด็จ","ภาคเหนือ","ลำปาง","2","1","1","0","not_requested"
"2973","att_2973_201005182246291008","201005182246291008","วัดพะโคะ (วัดราชประดิษฐาน)","ภาคใต้","สงขลา","2","1","1","0","not_requested"
"2974","att_2974_201005182246291008","201005182246291008","ถ้ำพระ","ภาคเหนือ","เชียงราย","2","1","1","0","not_requested"
"2975","att_2975_2010051822462910","2010051822462910","โบราณสถานกู่ช้าง-กู่ม้าลำพูน","ภาคเหนือ","ลำพูน","2","1","1","0","not_requested"
"2976","att_2976_201005182246291008","201005182246291008","ถ้ำผาจรุย","ภาคเหนือ","เชียงราย","2","1","1","0","not_requested"
"2977","att_2977_201005182246291008","201005182246291008","น้ำตกโตนต้นไทร","ภาคใต้","พังงา","2","1","1","0","not_requested"
"2978","att_2978_201005182246291008","201005182246291008","น้ำตกเหรียงทอง","ภาคใต้","พัทลุง","2","1","1","0","not_requested"
"2979","att_2979_201005182246291008","201005182246291008","วัดพระบรมธาตุเจดียาราม","ภาคเหนือ","กำแพงเพชร","2","1","1","0","not_requested"
"2980","att_2980_201005182246291008","201005182246291008","น้ำตกห้วยโต้","ภาคใต้","กระบี่","2","1","1","0","not_requested"
"2981","att_2981_201005182246291008","201005182246291008","น้ำตกม่อนหินไหล","ภาคเหนือ","เชียงใหม่","2","1","1","0","not_requested"
"2982","att_2982_201005182246291008","201005182246291008","น้ำตกพาเจริญ","ภาคเหนือ","ตาก","2","1","1","0","not_requested"
"2983","att_2983_201005182246291008","201005182246291008","ศาลเจ้าแม่โต๊ะโมะ","ภาคใต้","นราธิวาส","2","1","1","0","not_requested"
"2984","att_2984_201005182246291008","201005182246291008","วัดโพธิ์ประทับช้าง","ภาคเหนือ","พิจิตร","2","1","1","0","not_requested"
"2985","att_2985_201005182246291008","201005182246291008","น้ำตกดาวดึงส์","ภาคเหนือ","แม่ฮ่องสอน","2","1","1","0","not_requested"
"2986","att_2986_201005182246291008","201005182246291008","น้ำตกธารโต","ภาคใต้","ยะลา","2","1","1","0","not_requested"
"2987","att_2987_201005182246291008","201005182246291008","วัดพระธาตุลำปางหลวง","ภาคเหนือ","ลำปาง","2","1","1","0","not_requested"
"2988","att_2988_201005182246291008","201005182246291008","วัดถ้ำตลอด","ภาคใต้","สงขลา","2","1","1","0","not_requested"
"2989","att_2989_201005182246291008","201005182246291008","ศาลเจ้าเล่าเอี๊ยะกง (ตลาดสายบุรี)","ภาคใต้","ปัตตานี","2","1","1","0","not_requested"
"2990","att_2990_201005182246291008","201005182246291008","วัดคูหาภิมุข","ภาคใต้","ยะลา","2","1","1","0","not_requested"
"2991","att_2991_201005182246291008","201005182246291008","พระราชวังจันทน์","ภาคเหนือ","พิษณุโลก","2","1","1","0","not_requested"
"2992","att_2992_201005182246291008","201005182246291008","วนอุทยานน้ำตกบริพัตร","ภาคใต้","สงขลา","2","1","1","0","not_requested"
"2993","att_2993_201005182246291008","201005182246291008","น้ำตกเขาคราม","ภาคใต้","พัทลุง","2","1","1","0","not_requested"
"2994","att_2994_20100518224629100","20100518224629100","ตู้ไปรษณีย์สูงใหญ่ที่สุดในโลก","ภาคใต้","ยะลา","2","1","1","0","not_requested"
