no,nameTh,province,region,imagesCount,assetImagesCount
"1","เมืองเก่าอุทัยธานี","อุทัยธานี","ภาคเหนือ","2","0"
"2","ชุมชนเกาะยาวน้อย","พังงา","ภาคใต้","2","0"
"3","เล็ทส์ รีแลกซ์ โบ้ท ลากูน ภูเก็ต","ภูเก็ต","ภาคใต้","2","0"
"4","น้ำพุร้อนเค็มคลองท่อม","กระบี่","ภาคใต้","2","0"
"5","หมู่บ้านแม่กำปอง","เชียงใหม่","ภาคเหนือ","2","0"
"6","เวียงภูเพียงแช่แห้ง","น่าน","ภาคเหนือ","2","0"
"7","วิสาหกิจชุมชนท่องเที่ยวชุมชนตำบลม่วงกลวง","ระนอง","ภาคใต้","2","0"
"8","ถ้ำเล สเตโกดอน","สตูล","ภาคใต้","2","0"
"9","ชุมชนท่องเที่ยวบ้านมุงเหนือ","พิษณุโลก","ภาคเหนือ","2","0"
"10","เรด เมาท์เทิน กอล์ฟ คลับ","ภูเก็ต","ภาคใต้","2","0"
"11","อุทยานแห่งชาติธารโบกขรณี","กระบี่","ภาคใต้","2","0"
"12","ฟาร์มแกะแดนพนา","น่าน","ภาคเหนือ","2","0"
"13","ชุมชนท่องเที่ยวบ้านผารังหมี","พิษณุโลก","ภาคเหนือ","2","0"
"14","โฮมสเตย์ท้องตมใหญ่","ชุมพร","ภาคใต้","2","0"
"15","ชมรมส่งเสริมการท่องเที่ยวโดยชุมชนเมืองเก่าสุโขทัย","สุโขทัย","ภาคเหนือ","2","0"
"16","สัปปายยะ สปา","แม่ฮ่องสอน","ภาคเหนือ","2","0"
"17","สปาเซ็นวารี เซ็นทาราแกรนด์บีช รีสอร์ท ภูเก็ต","ภูเก็ต","ภาคใต้","2","0"
"18","วารีรัก ฮ็อต สปริง สปา","กระบี่","ภาคใต้","2","0"
"19","ปริ้นซ์วิลล์ สปา","กระบี่","ภาคใต้","2","0"
"20","บันยันทรี สปา กระบี่","กระบี่","ภาคใต้","2","0"
"21","บันยันทรี สปา สมุย","สุราษฎร์ธานี","ภาคใต้","2","0"
"22","บันยันทรี สปา ภูเก็ต","ภูเก็ต","ภาคใต้","2","0"
"23","จาราสปา","ภูเก็ต","ภาคใต้","2","0"
"24","คูล สปา บาย ศรีพันวา","ภูเก็ต","ภาคใต้","1","0"
"25","โอเอซิส สปา ลากูน่า","ภูเก็ต","ภาคใต้","2","0"
"26","ชุมชนย่านเก่าวังกรด","พิจิตร","ภาคเหนือ","2","0"
"27","หอโบราณคดีเพ็ชรบูรณ์อินทราชัย","เพชรบูรณ์","ภาคเหนือ","2","0"
"28","อุทยานแห่งชาติน้ำตกพาเจริญ","ตาก","ภาคเหนือ","2","0"
"29","ศูนย์สถาปัตยกรรมล้านนา คุ้มเจ้าบุรีรัตน์ มหาอินทร์","เชียงใหม่","ภาคเหนือ","2","0"
"30","เล็ทส์ รีแลกซ์ วัน นิมมาน เชียงใหม่","เชียงใหม่","ภาคเหนือ","2","0"
"31","ดิ โอเอซิสสปา ลานนา","เชียงใหม่","ภาคเหนือ","2","0"
"32","ลีลานวดไท ท่าแพ","เชียงใหม่","ภาคเหนือ","2","0"
"33","ลีลานวดไท เจดีย์หลวง","เชียงใหม่","ภาคเหนือ","2","0"
"34","โอเอซิสสปา แอท นิมมาน","เชียงใหม่","ภาคเหนือ","2","0"
"35","ระรินจินดา เวลเนส สปา รีสอร์ท เชียงใหม่","เชียงใหม่","ภาคเหนือ","2","0"
"36","ศิรา สปา","เชียงใหม่","ภาคเหนือ","2","0"
"37","ฟ้าล้านนาสปา","เชียงใหม่","ภาคเหนือ","2","0"
"38","ลานนาคำ สปา เชียงใหม่","เชียงใหม่","ภาคเหนือ","2","0"
"39","ชีวา สปา","เชียงใหม่","ภาคเหนือ","2","0"
"40","ชมรมส่งเสริมการท่องเที่ยวโดยชุมชนตำบลในเวียง","น่าน","ภาคเหนือ","2","0"
"41","ชมรมส่งเสริมการท่องเที่ยวโดยชุมชนตำบลบ่อสวก","น่าน","ภาคเหนือ","2","0"
"42","ไร่รื่นรมย์ เกษตรอินทรีย์","เชียงราย","ภาคเหนือ","2","0"
"43","ศูนย์การค้าเซ็นทรัล เชียงใหม่","เชียงใหม่","ภาคเหนือ","2","0"
"44","เชียงใหม่ เซลาดอน","เชียงใหม่","ภาคเหนือ","2","0"
"45","ชุมชนท่องเที่ยวย่านเมืองเก่าภูเก็ต","ภูเก็ต","ภาคใต้","2","0"
"46","พิพิธภัณฑ์สัตว์น้ำและสวนสัตว์ อควาเรียภูเก็ต","ภูเก็ต","ภาคใต้","2","0"
"47","น้ำตกร้อนคลองท่อมเหนือ","กระบี่","ภาคใต้","2","0"
"48","ชุมชนท่องเที่ยวแหลมสัก","กระบี่","ภาคใต้","2","0"
"49","มิวเซียมภูเก็ต","ภูเก็ต","ภาคใต้","2","0"
"50","บ่อน้ำแร่ร้อนพรรั้ง","ระนอง","ภาคใต้","2","0"
"51","พิพิธภัณฑสถานธรรมชาติวิทยา 50 พรรษา สยามบรมราชกุมารีฯ","สงขลา","ภาคใต้","2","0"
"52","อ่างเก็บน้ำแม่ปืม อุทยานแห่งชาติแม่ปืม","พะเยา","ภาคเหนือ","2","0"
"53","อ่างเก็บน้ำแม่ปืม อุทยยานแห่งชาติแม่ปืม","พะเยา","ภาคเหนือ","2","0"
"54","อุทยานแห่งชาติแจ้ซ้อน","ลำปาง","ภาคเหนือ","2","0"
"55","อุทยานแห่งชาติดอยภูคา","น่าน","ภาคเหนือ","2","0"
"56","โกโก้ วัลเล่ย์","น่าน","ภาคเหนือ","2","0"
"57","ภูเก็ต อควา เซอร์คัส","ภูเก็ต","ภาคใต้","2","0"
"58","อุทยานดาราศาสตร์สิรินธร","เชียงใหม่","ภาคเหนือ","2","0"
"59","น้ำตกปูแกง อุทยานแห่งชาติดอยหลวง อ.พาน","เชียงราย","ภาคเหนือ","2","0"
"60","สระขุนนํ้ามรกต-อุทยานแห่งชาติถ้ำหลวง ขุนน้ำนางนอน(เตรียมการ)","เชียงราย","ภาคเหนือ","2","0"
"61","แพริมน้ำบ้านปางป่าอ้อ-น้ำตกขุนกรณ์","เชียงราย","ภาคเหนือ","2","0"
"62","ล่องแพเปียกแม่น้ำกก","เชียงราย","ภาคเหนือ","2","0"
"63","ล่องแพเปียกเขื่อนแม่สรวย","เชียงราย","ภาคเหนือ","2","0"
"64","ล่องห่วงยางลำน้ำแจ่ม","เชียงใหม่","ภาคเหนือ","2","0"
"65","วัดคลองกล้วย","อุตรดิตถ์","ภาคเหนือ","2","0"
"66","ลำน้ำมาว","เชียงใหม่","ภาคเหนือ","2","0"
"67","สวนส้มปรีชาฝาง","เชียงใหม่","ภาคเหนือ","2","0"
"68","สวนร้อยใจรักษ์","เชียงใหม่","ภาคเหนือ","2","0"
"69","Dream Space Gallery","เชียงใหม่","ภาคเหนือ","2","0"
"70","La Luna Gallery","เชียงใหม่","ภาคเหนือ","2","0"
"71","สวนพฤกษศาสตร์ทวีชล","เชียงใหม่","ภาคเหนือ","2","0"
"72","เขื่อนแม่งัดสมบูรณ์ชล กรมชลประธาน","เชียงใหม่","ภาคเหนือ","2","0"
"73","ดอยป่าคา","เชียงใหม่","ภาคเหนือ","3","0"
"74","ดอยหัวหมู","เชียงใหม่","ภาคเหนือ","2","0"
"75","อ่างเก็บน้ำห้วยมะนาว","เชียงใหม่","ภาคเหนือ","2","0"
"76","สวนสาธารณะอบจ.เชียงใหม่","เชียงใหม่","ภาคเหนือ","2","0"
"77","จินนาลักษณ์มัลเบอร์รี่สาเปเปอร์","เชียงราย","ภาคเหนือ","2","0"
"78","ชุมชนไทลื้อศรีดอนชัย","เชียงราย","ภาคเหนือ","3","0"
"79","ชมรมส่งเสริมการท่องเที่ยวโดยชุมชนบ้านไร่กองขิง","เชียงใหม่","ภาคเหนือ","2","0"
"80","พิพิธภัณฑ์พระตำหนักดาราภิรมย์","เชียงใหม่","ภาคเหนือ","2","0"
"81","ศูนย์การเรียนรู้ภูมิปัญญาไทย ไตลื้อบ้านใบบุญ","เชียงใหม่","ภาคเหนือ","2","0"
"82","เชียงใหม่ไนท์ซาฟารี","เชียงใหม่","ภาคเหนือ","2","0"
"83","คามาลายา เวลเนส แซงชัวรี","สุราษฎร์ธานี","ภาคใต้","2","0"
"84","เอเลเฟ่น พูพูเปเปอร์ พาร์ค","เชียงใหม่","ภาคเหนือ","2","0"
"85","พิพิธภัณฑ์เรือนโบราณล้านนา สำนักส่งเสริมศิลปวัฒนธรรมและล้านนาสร้างสรรค์ มหาวิทยาลัยเชียงใหม่","เชียงใหม่","ภาคเหนือ","2","0"
"86","วิสาหกิจชุมชนท่องเที่ยวเพื่อสังคมเชียงแสน","เชียงราย","ภาคเหนือ","2","0"
"87","วัดเชียงหมั้น","พะเยา","ภาคเหนือ","2","0"
"88","ควนคานหลาว","สงขลา","ภาคใต้","2","0"
"89","พิพิธภัณฑ์มายากลหาดใหญ่","สงขลา","ภาคใต้","2","0"
"90","สรีทอาร์ต หาดใหญ่","สงขลา","ภาคใต้","2","0"
"91","โกคาร์ทหาดใหญ่","สงขลา","ภาคใต้","2","0"
"92","วนอุทยานบ่อน้ำร้อนกันตัง","ตรัง","ภาคใต้","2","0"
"93","อาจิไซซัง","เชียงราย","ภาคเหนือ","2","0"
"94","ฟาร์มแกะออสเตรเลีย","เชียงราย","ภาคเหนือ","2","0"
"95","ฟาร์มแกะ อะบอนโซ่ ยามะมิซึ","เชียงราย","ภาคเหนือ","2","0"
"96","สกายวอล์ควัดพระธาตุจอมทอง","พะเยา","ภาคเหนือ","2","0"
"97","วัดป่าพุทธชินวงศาราม (ม่อนพญานาคราช)","พะเยา","ภาคเหนือ","2","0"
"98","อ่างน้ำร้อนไทรโสภา","สุราษฎร์ธานี","ภาคใต้","2","0"
"99","ท่องเที่ยวโดยชุมชน ลีเล็ด CBT Leeled","สุราษฎร์ธานี","ภาคใต้","2","0"
"100","สวนลุงเวศน์","ตรัง","ภาคใต้","2","0"
"101","เส้นทางศึกษาธรรมชาติเขาแบนะ","ตรัง","ภาคใต้","2","0"
"102","ขุนแปะ","เชียงใหม่","ภาคเหนือ","2","0"
"103","ดอยแม่โถ","เชียงใหม่","ภาคเหนือ","2","0"
"104","ดอยม่อนเงาะ","เชียงใหม่","ภาคเหนือ","2","0"
"105","เมืองคอง","เชียงใหม่","ภาคเหนือ","4","0"
"106","ป่าบงเปียง","เชียงใหม่","ภาคเหนือ","2","0"
"107","อุทยานแห่งชาติออบหลวง","เชียงใหม่","ภาคเหนือ","2","0"
"108","พระตําหนักภูพิงค์ราชนิเวศน์","เชียงใหม่","ภาคเหนือ","2","0"
"109","วัดผาลาด","เชียงใหม่","ภาคเหนือ","2","0"
"110","ชุมชนนาหมื่นศรี","ตรัง","ภาคใต้","2","0"
"111","ชุมชนเมืองเก่ากันตัง","ตรัง","ภาคใต้","2","0"
"112","ชุมชนท่องเที่ยวบ้านเขากอบ","ตรัง","ภาคใต้","2","0"
"113","ชุมชนบ้านน้ำราบ","ตรัง","ภาคใต้","2","0"
"114","ถนนอุโมงค์ต้นไม้เชียงดาว","เชียงใหม่","ภาคเหนือ","2","0"
"115","วัดพระธาตุแม่ย่าม่อน","เชียงราย","ภาคเหนือ","2","0"
"116","วัดหนองปลิง","กำแพงเพชร","ภาคเหนือ","2","0"
"117","ชุมชนเกาะสุกร","ตรัง","ภาคใต้","2","0"
"118","พิพิธภัณฑ์ธรณีวิทยาพุนพิน","สุราษฎร์ธานี","ภาคใต้","2","0"
"119","เทวสถานพระพิฆเนศวร พิพิธภัณฑ์บ้านเทพจันทรคุปต์","แพร่","ภาคเหนือ","2","0"
"120","ชุมชนเมืองหยงสตาร์","ตรัง","ภาคใต้","2","0"
"121","ฉิมเมล่อน","สตูล","ภาคใต้","2","0"
"122","Thung-wa Street Art","สตูล","ภาคใต้","2","0"
"123","อ่างเก็บน้ำกระทูน","นครศรีธรรมราช","ภาคใต้","2","0"
"124","อ่างเก็บน้ำคลองดินแดง","นครศรีธรรมราช","ภาคใต้","2","0"
"125","เกาะหนู-เกาะแมว","สงขลา","ภาคใต้","2","0"
"126","บ้านม้าท่าน้ำ","ลำปาง","ภาคเหนือ","2","0"
"127","น้ำตกเหมืองทวด - อุทยานแห่งชาติใต้ร่มเย็น","สุราษฎร์ธานี","ภาคใต้","2","0"
"128","Songkhla Flower Farm","สงขลา","ภาคใต้","2","0"
"129","ชุมชนท่องเที่ยวบ้านเขาหลัก","ตรัง","ภาคใต้","2","0"
"130","อ่างเก็บน้ำห้วยแม่ลำพัน","สุโขทัย","ภาคเหนือ","2","0"
"131","ชุมชนบ่อหินฟาร์มสเตย์","ตรัง","ภาคใต้","2","0"
"132","โคกหนองนาแสนชื่น","น่าน","ภาคเหนือ","2","0"
"133","บียอนด์ สกายวอร์ค นางชี","พังงา","ภาคใต้","2","0"
"134","โค้ง I LOVE U","น่าน","ภาคเหนือ","2","0"
"135","ไร่ปางวัว","น่าน","ภาคเหนือ","2","0"
"136","โครงการสบขุ่นโมเดล บ้านสบขุ่น","น่าน","ภาคเหนือ","2","0"
"137","น่านปางช้าง","น่าน","ภาคเหนือ","2","0"
"138","ศูนย์วิทยาศาสตร์เพื่อการศึกษาพิษณุโลก","พิษณุโลก","ภาคเหนือ","2","0"
"139","แหลมยามู","ภูเก็ต","ภาคใต้","2","0"
"140","Pa Pae Meditation Retreat","เชียงใหม่","ภาคเหนือ","2","0"
"141","น้ำตกห้วยตึงเฒ่า (ตาดมุก)","เชียงใหม่","ภาคเหนือ","2","0"
"142","Thingamajiggy Coffee Roaster","เชียงใหม่","ภาคเหนือ","2","0"
"143","WTF Coffee Camp","เชียงใหม่","ภาคเหนือ","2","0"
"144","ยิ่งยงสวนดอกไม้","เชียงใหม่","ภาคเหนือ","2","0"
"145","สวนลุงเชษฐ์","สุราษฎร์ธานี","ภาคใต้","2","0"
"146","สกายวอร์ควัดระธาตุดอยสะเก็ด","เชียงใหม่","ภาคเหนือ","2","0"
"147","จุดชมวิวบ้านขอบด้ง","เชียงใหม่","ภาคเหนือ","2","0"
"148","บ้านธารชีวี","เชียงใหม่","ภาคเหนือ","2","0"
"149","บ้านแกะ แม่ขิ","เชียงใหม่","ภาคเหนือ","2","0"
"150","โมริ เนเชอรัล ฟาร์ม","เชียงใหม่","ภาคเหนือ","2","0"
"151","Kyoto Shi Cafe","เชียงใหม่","ภาคเหนือ","2","0"
"152","Sky Walk เหนือสุดในสยาม วัดพระธาตุดอยเวา","เชียงราย","ภาคเหนือ","2","0"
"153","อุทยานแห่งชาติน้ำตกบัวตอง-น้ำพุเจ็ดสี","เชียงใหม่","ภาคเหนือ","2","0"
"154","สถานีวนวัฒนวิจัยบ่อแก้ว (สวนสนบ่อแก้ว)","เชียงใหม่","ภาคเหนือ","2","0"
"155","เฮือนสีมันตรา","เชียงใหม่","ภาคเหนือ","2","0"
"156","พิพิธภัณฑ์ตุ๊กตาเชียงใหม่","เชียงใหม่","ภาคเหนือ","2","0"
"157","จังเกิ้ล เดอ คาเฟ่ สาขาบัฟฟาโล่ ไอแลนด์","เชียงใหม่","ภาคเหนือ","2","0"
"158","กาดเกรียงไกรมาหามิตร","เชียงใหม่","ภาคเหนือ","2","0"
"159","โป่งแยง จังเกิ้ล โคสเตอร์ ซิปไลน์","เชียงใหม่","ภาคเหนือ","2","0"
"160","กาดต๋องตึง บ้านริมน้ำ","เชียงใหม่","ภาคเหนือ","2","0"
"161","อาร์ต อิน พาราไดซ์ เชียงใหม่","เชียงใหม่","ภาคเหนือ","2","0"
"162","วัน นิมมาน","เชียงใหม่","ภาคเหนือ","2","0"
"163","ตลาดนัดจริงใจ","เชียงใหม่","ภาคเหนือ","2","0"
"164","โรงบ่ม ริมน้ำน่าน บ้านดอนตัน","น่าน","ภาคเหนือ","2","0"
"165","วัดถ้ำตับเตา","เชียงใหม่","ภาคเหนือ","2","0"
"166","จุดถ่ายรูปเช็คอิน Street Art","สุราษฎร์ธานี","ภาคใต้","2","0"
"167","ตลาดน้ำประชารัฐบางใบไม้","สุราษฎร์ธานี","ภาคใต้","2","0"
"168","สวนลุงสงค์ ศูนย์เรียนรู้การสกัดเย็นน้ำมันมะพร้าว","สุราษฎร์ธานี","ภาคใต้","2","0"
"169","ชุมชนบ้านไหนหนัง","กระบี่","ภาคใต้","2","0"
"170","เกาะผักเบี้ย","กระบี่","ภาคใต้","2","0"
"171","วิวพอยท์เกาะพีพีดอน","กระบี่","ภาคใต้","2","0"
"172","เกาะเหลาลาดิง","กระบี่","ภาคใต้","2","0"
"173","บ้านไร่ตะวันหวาน กระบี่","กระบี่","ภาคใต้","2","0"
"174","วัดมหาธาตุแหลมสัก","กระบี่","ภาคใต้","2","0"
"175","ไร่คุณอารียา","กระบี่","ภาคใต้","2","0"
"176","ดอยลังกาน้อย","เชียงใหม่","ภาคเหนือ","2","0"
"177","บ้านโบราณ ณ สมุย","สุราษฎร์ธานี","ภาคใต้","2","0"
"178","คลองหรูด คลองน้ำใส","กระบี่","ภาคใต้","2","0"
"179","คลองสระแก้ว","กระบี่","ภาคใต้","2","0"
"180","ดินแดงดอย","กระบี่","ภาคใต้","2","0"
"181","แหลมจมูกควาย","กระบี่","ภาคใต้","2","0"
"182","บ้านแม่ตะละเหนือ","เชียงใหม่","ภาคเหนือ","2","0"
"183","Thepoe - เด๊อะโพ","เชียงใหม่","ภาคเหนือ","2","0"
"184","อะกิปุ แคมป์ปิ้ง","เชียงใหม่","ภาคเหนือ","2","0"
"185","ผาชู้","น่าน","ภาคเหนือ","2","0"
"186","ดอยเสมอดาว","น่าน","ภาคเหนือ","2","0"
"187","วัดถ้ำเชตวัน","น่าน","ภาคเหนือ","2","0"
"188","ศูนย์การเรียนรู้ภูเพียงโมเดล - รักษ์ป่าน่าน","น่าน","ภาคเหนือ","1","0"
"189","ตลาดน้ำ 4000 ปี ไนท์บาร์ซ่า","น่าน","ภาคเหนือ","2","0"
"190","สถานีรถไฟกันตัง","ตรัง","ภาคใต้","2","0"
"191","กะหลิม ริมเล","ภูเก็ต","ภาคใต้","2","0"
"192","สำนักสงฆ์เกาะแก้วพิสดาร","ภูเก็ต","ภาคใต้","2","0"
"193","วัดเวียง","ลำปาง","ภาคเหนือ","2","0"
"194","พิพิธภัณฑ์ธรณีเพชรบูรณ์","เพชรบูรณ์","ภาคเหนือ","2","0"
"195","เกาะนกเภา","สุราษฎร์ธานี","ภาคใต้","4","0"
"196","เรือนจำชั่วคราวเฟื่องฟ้า","พิษณุโลก","ภาคเหนือ","2","0"
"197","Central Phitsanulok","พิษณุโลก","ภาคเหนือ","2","0"
"198","ถ้ำศิลป์ วัดร่องขุ่น","เชียงราย","ภาคเหนือ","2","0"
"199","วัดแสงแก้วโพธิญาณ","เชียงราย","ภาคเหนือ","2","0"
"200","สกายวอล์กผาเงา สามแผ่นดิน","เชียงราย","ภาคเหนือ","2","0"
"201","จุดชมวิว หน่อ-ฮ่อ-ฝ่า","แม่ฮ่องสอน","ภาคเหนือ","2","0"
"202","วัดพระเกิด","น่าน","ภาคเหนือ","5","0"
"203","คลองญวนชวนรักษ์","นครสวรรค์","ภาคเหนือ","2","0"
"204","ซัพบอร์ด เวียงสา","น่าน","ภาคเหนือ","2","0"
"205","วัดพระบรมธาตุแช่แห้ง","น่าน","ภาคเหนือ","2","0"
"206","พิพิธภัณฑสถานแห่งชาติ น่าน","น่าน","ภาคเหนือ","2","0"
"207","บอลลูน แอดเวนเจอร์ ไทยแลนด์ เชียงใหม่","เชียงใหม่","ภาคเหนือ","2","0"
"208","สวนส้มโจลี","เชียงใหม่","ภาคเหนือ","2","0"
"209","สวนนา หน้าวัด","เชียงใหม่","ภาคเหนือ","2","0"
"210","วัดถ้ำดอยโตน","เชียงใหม่","ภาคเหนือ","2","0"
"211","กาเนชา คาเฟ่ & ฟาร์ม เชียงใหม่","เชียงใหม่","ภาคเหนือ","2","0"
"212","ไร่เก๊กฮวยนายพล","เชียงใหม่","ภาคเหนือ","2","0"
"213","น้ำตกโป่งสะแยง","เชียงใหม่","ภาคเหนือ","2","0"
"214","วัดจันทร์ (วิหารแว่นตาดำ)","เชียงใหม่","ภาคเหนือ","2","0"
"215","สวนป่าดอยบ่อหลวง องค์การอุตสาหกรรมป่าไม้","เชียงใหม่","ภาคเหนือ","2","0"
"216","บ้านแม่แมะ","เชียงใหม่","ภาคเหนือ","2","0"
"217","ไร่สตรอเบอร์รี่ไผ่สีทอง","เชียงใหม่","ภาคเหนือ","2","0"
"218","ถ้ำหลวงแม่สาบ","เชียงใหม่","ภาคเหนือ","2","0"
"219","พิพิธภัณฑ์พระพิฆเนศ","เชียงใหม่","ภาคเหนือ","2","0"
"220","แดนเทวดา","เชียงใหม่","ภาคเหนือ","2","0"
"221","สวนส้มจินจู","เชียงใหม่","ภาคเหนือ","2","0"
"222","แก่งกึ๊ด","เชียงใหม่","ภาคเหนือ","2","0"
"223","เก๊าไม้ล้านนา","เชียงใหม่","ภาคเหนือ","2","0"
"224","ปางเปาบีช","เชียงใหม่","ภาคเหนือ","2","0"
"225","ไร่ชาลุงเดช","เชียงใหม่","ภาคเหนือ","2","0"
"226","หมู่บ้านแม่ลาย","เชียงใหม่","ภาคเหนือ","2","0"
"227","เฮือนศรีมันตรา","เชียงใหม่","ภาคเหนือ","2","0"
"228","วัดตาดเหมยวณาราม","เชียงใหม่","ภาคเหนือ","2","0"
"229","บ้านปางไฮ","เชียงใหม่","ภาคเหนือ","2","0"
"230","สวนน้ำ ทูบเทรค เชียงใหม่","เชียงใหม่","ภาคเหนือ","2","0"
"231","วัดอรัญญวาส (วัดบ้านปง)","เชียงใหม่","ภาคเหนือ","2","0"
"232","เฮินศิลป์ใจ๋ยอง","เชียงใหม่","ภาคเหนือ","2","0"
"233","วัดพระนอนแม่ปูคา","เชียงใหม่","ภาคเหนือ","2","0"
"234","กาดฝรั่ง วิลเลจ","เชียงใหม่","ภาคเหนือ","2","0"
"235","วัดป่าตึง","เชียงใหม่","ภาคเหนือ","2","0"
"236","ดัชฟาร์ม ฟาร์มม้าแคระ เชียงใหม่","เชียงใหม่","ภาคเหนือ","2","0"
"237","ตลาดฉำฉา","เชียงใหม่","ภาคเหนือ","2","0"
"238","พิพิธภัณฑ์ศิลปะร่วมสมัยใหม่เอี่ยม","เชียงใหม่","ภาคเหนือ","2","0"
"239","ชุมชนโหล่งฮิมคาว","เชียงใหม่","ภาคเหนือ","2","0"
"240","ฮิมน้ำแม่จะ","เชียงใหม่","ภาคเหนือ","2","0"
"241","วัดป่าดาราภิรมย์","เชียงใหม่","ภาคเหนือ","2","0"
"242","สวนส้มยอดดอย","เชียงใหม่","ภาคเหนือ","2","0"
"243","สวนดอกไม้ ป้างฮวา&สวนส้ม","เชียงใหม่","ภาคเหนือ","2","0"
"244","อ่างแก้ว","เชียงใหม่","ภาคเหนือ","2","0"
"245","กาดบะป๊าว","เชียงใหม่","ภาคเหนือ","2","0"
"246","หอประวัติศาสตร์เชียงใหม่","เชียงใหม่","ภาคเหนือ","2","0"
"247","พิพิธภัณฑ์พื้นถิ่นล้านนา","เชียงใหม่","ภาคเหนือ","2","0"
"248","พิพิธภัณฑ์ธนารักษ์","เชียงใหม่","ภาคเหนือ","2","0"
"249","โครงการบ้านข้างวัด","เชียงใหม่","ภาคเหนือ","2","0"
"250","อ่าวลึก","สุราษฎร์ธานี","ภาคใต้","2","0"
"251","ศูนย์เรียนรู้รักษ์แบนส์","สุราษฎร์ธานี","ภาคใต้","2","0"
"252","หาดทรายแดง","สุราษฎร์ธานี","ภาคใต้","2","0"
"253","แหลมหิน จปร.","สุราษฎร์ธานี","ภาคใต้","2","0"
"254","หาดทรายรี","สุราษฎร์ธานี","ภาคใต้","2","0"
"255","เกาะนางยวน","สุราษฎร์ธานี","ภาคใต้","2","0"
"256","วิสาหกิจชุมชนกลุ่มแม่บ้านเกษตรกรบางหวานพัฒนา","ภูเก็ต","ภาคใต้","2","0"
"257","จุดชมวิวอภิชฎา","สุราษฎร์ธานี","ภาคใต้","2","0"
"258","ไร่เตียวิเศษ","สุราษฎร์ธานี","ภาคใต้","2","0"
"259","วัดภูเขาน้อย","สุราษฎร์ธานี","ภาคใต้","2","0"
"260","พรผู้สร้าง","ชุมพร","ภาคใต้","2","0"
"261","อุทยานแห่งชาติน้ำตกธารเสด็จ - เกาะพะงัน","สุราษฎร์ธานี","ภาคใต้","2","0"
"262","น้ำตกธารเสด็จ","สุราษฎร์ธานี","ภาคใต้","2","0"
"263","เกาะราฮัม","สุราษฎร์ธานี","ภาคใต้","2","0"
"264","อ่าวท้องนายปาน","สุราษฎร์ธานี","ภาคใต้","2","0"
"265","เกาะม้า หาดแม่หาด","สุราษฎร์ธานี","ภาคใต้","2","0"
"266","หาดริ้น","สุราษฎร์ธานี","ภาคใต้","2","0"
"267","พิพิธภัณฑ์สัตว์น้ำสมุยและสวนเสือ","สุราษฎร์ธานี","ภาคใต้","2","0"
"268","พิพิธภัณฑ์เตาถ่าน","ตรัง","ภาคใต้","2","0"
"269","ศูนย์ศิลปะวิถี","ตรัง","ภาคใต้","2","0"
"270","พิพิธภัณฑ์สัตว์น้ำราชมงคล","ตรัง","ภาคใต้","2","0"
"271","สวนของพ่อ","ตรัง","ภาคใต้","2","0"
"272","ผาเหนือเมฆ","ตรัง","ภาคใต้","2","0"
"273","วังผาเมฆ","ตรัง","ภาคใต้","2","0"
"274","สวนพฤกษศาสตร์ภาคใต้ (เขาช่อง)","ตรัง","ภาคใต้","2","0"
"275","สวนพฤกษศาสตร์ภาคใต้ (ทุ่งค่าย)","ตรัง","ภาคใต้","2","0"
"276","เมืองเก่ากันตัง","ตรัง","ภาคใต้","2","0"
"277","เมืองเก่าทับเที่ยง","ตรัง","ภาคใต้","2","0"
"278","เขื่อนท่างิ้ว","ตรัง","ภาคใต้","2","0"
"279","อันดามันเกตเวย์","ตรัง","ภาคใต้","2","0"
"280","วังเทพทาโร","ตรัง","ภาคใต้","2","0"
"281","ถ้ำเขาช้างหาย","ตรัง","ภาคใต้","2","0"
"282","ถ้ำเลเขากอบ","ตรัง","ภาคใต้","2","0"
"283","ชุมชนบ้านเขาหลัก","ตรัง","ภาคใต้","2","0"
"284","เกาะเหลาเหลียง","ตรัง","ภาคใต้","2","0"
"285","เกาะสุกร","ตรัง","ภาคใต้","2","0"
"286","ม่อนหมอกตะวัน","ตาก","ภาคเหนือ","2","0"
"287","เกาะมุก","ตรัง","ภาคใต้","2","0"
"288","หาดหยงหลิง-หาดสั้น","ตรัง","ภาคใต้","2","0"
"289","หาดปากเมง","ตรัง","ภาคใต้","2","0"
"290","ชานา การ์เด้น บ้านสวนอาหาร คาเฟ่","แพร่","ภาคเหนือ","2","0"
"291","บานาน่าบีช เกาะเฮ จ.ภูเก็ต","ภูเก็ต","ภาคใต้","2","0"
"292","กาดกองเก่า","แพร่","ภาคเหนือ","2","0"
"293","กาดเมกหวาก","แพร่","ภาคเหนือ","2","0"
"294","ผาช่อ","เชียงใหม่","ภาคเหนือ","2","0"
"295","คลองแม่ข่า","เชียงใหม่","ภาคเหนือ","2","0"
"296","สะพานไม้บานา","ปัตตานี","ภาคใต้","2","0"
"297","คานขึงห้วยเคียน","ชุมพร","ภาคใต้","2","0"
"298","ศาลหลักเมืองนครศรีธรรมราช","นครศรีธรรมราช","ภาคใต้","2","0"
"299","เขาช้างสี","นครศรีธรรมราช","ภาคใต้","2","0"
"300","คาร์นิวัลเมจิก","ภูเก็ต","ภาคใต้","2","0"
"301","ฟาร์มกวางมหาวิทยาลัยรามคำแหง","สุโขทัย","ภาคเหนือ","2","0"
"302","หาดเขาสะบ้า","พังงา","ภาคใต้","2","0"
"303","เอลเลเฟนท์ จังเกิ้ล แซงชัวรี สมุย","สุราษฎร์ธานี","ภาคใต้","2","0"
"304","เกาะแตใน","สุราษฎร์ธานี","ภาคใต้","2","0"
"305","จุดชมวิวเขาบอฆ๊ะ บ้านทางงอ","สตูล","ภาคใต้","2","0"
"306","ปราสาทหินพันยอด","สตูล","ภาคใต้","2","0"
"307","ถ้ำอุไรทอง","สตูล","ภาคใต้","2","0"
"308","กาดปันฮัก Change&share","แพร่","ภาคเหนือ","2","0"
"309","ไฮเดรนเยีย คาเฟ่ เขาค้อ","เพชรบูรณ์","ภาคเหนือ","2","0"
"310","ไดโนเสาร์เขาค้อ","เพชรบูรณ์","ภาคเหนือ","2","0"
"311","นั่งเรือชมโลมาสีชมพู","นครศรีธรรมราช","ภาคใต้","2","0"
"312","หาดสิชล","นครศรีธรรมราช","ภาคใต้","2","0"
"313","หาดหินงาม","นครศรีธรรมราช","ภาคใต้","2","0"
"314","ถนนเลียบทะเลขนอม - สิชล นครศรีธรรมราช","นครศรีธรรมราช","ภาคใต้","2","0"
"315","เกาะนุ้ยนอก","นครศรีธรรมราช","ภาคใต้","2","0"
"316","เขาหินพับผ้า","นครศรีธรรมราช","ภาคใต้","2","0"
"317","สะพานไม้อ่าวเตล็ด","นครศรีธรรมราช","ภาคใต้","2","0"
"318","หาดขนอม","นครศรีธรรมราช","ภาคใต้","2","0"
"319","เลอกวาเดาะ","ตาก","ภาคเหนือ","2","0"
"320","ขนำน้อย หอยใหญ่","สุราษฎร์ธานี","ภาคใต้","2","0"
"321","มัสยิดกลางสงขลา","สงขลา","ภาคใต้","2","0"
"322","ณ นครใน นวดไทย แอนด์ สปา","สงขลา","ภาคใต้","2","0"
"323","อ่างเก็บน้ำคลองหาดส้มแป้น","ระนอง","ภาคใต้","2","0"
"324","บ้านไร่ ไออรุณ","ระนอง","ภาคใต้","2","0"
"325","บ้านบาตูฆอ","ยะลา","ภาคใต้","2","0"
"326","แหลมกระทิง","ภูเก็ต","ภาคใต้","2","0"
"327","ล่องแก่งหนานมดแดง","พัทลุง","ภาคใต้","2","0"
"328","สวนป้านุช ลุงเปีย","พังงา","ภาคใต้","2","0"
"329","ท่าเรือบ้านหินร่ม","พังงา","ภาคใต้","2","0"
"330","จุดชมวิวทะเลหมอกเขาน้ำใส","นราธิวาส","ภาคใต้","2","0"
"331","ขนอม แกรนด์แคนยอน","นครศรีธรรมราช","ภาคใต้","2","0"
"332","สวนตาสรรค์ สปาปลาตอด","นครศรีธรรมราช","ภาคใต้","2","0"
"333","จุดชมวิวทะเลหมอกเขาจังโหลน","นครศรีธรรมราช","ภาคใต้","2","0"
"334","ประตูมหาสมุทร (ประตู 3 ภพ)","ชุมพร","ภาคใต้","2","0"
"335","บึงหนองทะเล","กระบี่","ภาคใต้","2","0"
"336","กลุ่มผ้ามัดย้อมสีธรรมชาติ","นครศรีธรรมราช","ภาคใต้","2","0"
"337","สวนคุณปู่ Life Museum","เชียงราย","ภาคเหนือ","2","0"
"338","หมู่บ้านผาฮี้","เชียงราย","ภาคเหนือ","2","0"
"339","จุดชมวิวดอยช้าง","เชียงราย","ภาคเหนือ","2","0"
"340","ทะเลหมอกหยุนไหล","แม่ฮ่องสอน","ภาคเหนือ","2","0"
"341","หมู่บ้านดอยสกาด","น่าน","ภาคเหนือ","2","0"
"342","เมจิก เมาน์เทน คาเฟ่","พะเยา","ภาคเหนือ","2","0"
"343","วัดธรรมยาน","เพชรบูรณ์","ภาคเหนือ","2","0"
"344","น้ำตกห้วยโรง","แพร่","ภาคเหนือ","2","0"
"345","หมู่บ้านเนินมะปราง","พิษณุโลก","ภาคเหนือ","2","0"
"346","อ่างเก็บน้ำแม่เมย","ลำพูน","ภาคเหนือ","2","0"
"347","ภูสวรรค์","กำแพงเพชร","ภาคเหนือ","2","0"
"348","อโรคยาศาลโป่งคำราม","ตาก","ภาคเหนือ","2","0"
"349","น้ำตกปิตุ๊โกร","ตาก","ภาคเหนือ","2","0"
"350","บ้านเก่าเสาปั้นจั่น","พิจิตร","ภาคเหนือ","2","0"
"351","สวนรุกขชาติกาญจนกุมาร","พิจิตร","ภาคเหนือ","2","0"
"352","สถานแสดงพันธุ์ปลาเฉลิมพระเกียรติ","พิจิตร","ภาคเหนือ","2","0"
"353","วนอุทยานนครไชยบวร","พิจิตร","ภาคเหนือ","2","0"
"354","ถ้ำชาละวัน","พิจิตร","ภาคเหนือ","2","0"
"355","วัดท่าซุง","อุทัยธานี","ภาคเหนือ","2","0"
"356","บ้านผาฮี้","เชียงราย","ภาคเหนือ","2","0"
"357","หาดรูสะมิแล","ปัตตานี","ภาคใต้","2","0"
"358","ปงยั้งม้า","เชียงใหม่","ภาคเหนือ","2","0"
"359","สวนสนแม่แตง","เชียงใหม่","ภาคเหนือ","2","0"
"360","น้ำตกผาดอกเสี้ยว","เชียงใหม่","ภาคเหนือ","2","0"
"361","ชุมชนบ้านวัดเกต","เชียงใหม่","ภาคเหนือ","2","0"
"362","จุดชมวิวดอยกิ่วลม อุทยานแห่งชาติห้วยน้ำดัง","เชียงใหม่","ภาคเหนือ","2","0"
"363","ทุ่งข้าวสาลี ทุ่งข้าวบาเล่ย์","เชียงใหม่","ภาคเหนือ","2","0"
"364","สถานีวิจัยเกษตรที่ราบสูงป่าเกี๊ยะดอยเชียงดาว","เชียงใหม่","ภาคเหนือ","2","0"
"365","สวนป่าแม่แจ่ม","เชียงใหม่","ภาคเหนือ","2","0"
"366","สวนพฤกษศาสตร์สมเด็จพระนางเจ้าสิริกิติ์","เชียงใหม่","ภาคเหนือ","2","0"
"367","หมู่บ้านป่าบงเปียง","เชียงใหม่","ภาคเหนือ","2","0"
"368","อ่างเก็บน้ำห้วยตึงเฒ่า","เชียงใหม่","ภาคเหนือ","2","0"
"369","เส้นทางศึกษาธรรมชาติกิ่วแม่ปาน","เชียงใหม่","ภาคเหนือ","2","0"
"370","โครงการบ้านเล็กในป่าใหญ่ดอยคำ","เชียงใหม่","ภาคเหนือ","2","0"
"371","ไร่สตรอเบอรีวงค์วาน","เชียงใหม่","ภาคเหนือ","2","0"
"372","อุทยานแห่งชาติดอยสุเทพ-ปุย","เชียงใหม่","ภาคเหนือ","2","0"
"373","อุทยานแห่งชาติห้วยน้ำดัง","เชียงใหม่","ภาคเหนือ","2","0"
"374","ศูนย์พัฒนาโครงการหลวงขุนแปะ","เชียงใหม่","ภาคเหนือ","2","0"
"375","สวนดอกไม้ไอเลิฟฟลาวเวอร์ฟาร์ม","เชียงใหม่","ภาคเหนือ","2","0"
"376","ศูนย์วิจัยเกษตรบนพื้นที่สูงขุนช่างเคี่ยน","เชียงใหม่","ภาคเหนือ","2","0"
"377","วัดบ้านเด่น","เชียงใหม่","ภาคเหนือ","2","0"
"378","จุดชมวิวสะพานเหล็กโคกขนุน หรือ สะพานเหล็กบุญสูง","พังงา","ภาคใต้","2","0"
"379","น้ำพุร้อนโป่งกวาว","เชียงใหม่","ภาคเหนือ","2","0"
"380","น้ำตกแม่ยะ","เชียงใหม่","ภาคเหนือ","2","0"
"381","โป่งแยง จังเกิล โคสเตอร์ แอนด์ แอดเวนเจอร์ พาร์ค","เชียงใหม่","ภาคเหนือ","2","0"
"382","กู๊เนียร์ ฟอเรส","เชียงใหม่","ภาคเหนือ","2","0"
"383","อ่าวไม้งาม","พังงา","ภาคใต้","2","0"
"384","ธารมรกต","พังงา","ภาคใต้","2","0"
"385","จุดชมวิวอ่าวโต๊ะหลี","พังงา","ภาคใต้","2","0"
"386","เขาหน้ายักษ์","พังงา","ภาคใต้","2","0"
"387","สปาโคลนร้อนคลองมะรุ่ย","พังงา","ภาคใต้","2","0"
"388","หมู่บ้านบางพัฒน์","พังงา","ภาคใต้","2","0"
"389","ภูตาถัน","พังงา","ภาคใต้","2","0"
"390","สำนักสงฆ์ถ้ำผาผึ้ง พังงา","พังงา","ภาคใต้","2","0"
"391","หลาดลองแล","พังงา","ภาคใต้","2","0"
"392","สระนางมโนราห์","พังงา","ภาคใต้","2","0"
"393","กลอเซโล","แม่ฮ่องสอน","ภาคเหนือ","2","0"
"394","ดอยธง","แม่ฮ่องสอน","ภาคเหนือ","2","0"
"395","ดอยเมี่ยง","แม่ฮ่องสอน","ภาคเหนือ","2","0"
"396","สะพานบุญโขกู้โส่","แม่ฮ่องสอน","ภาคเหนือ","2","0"
"397","จุดชมวิวกิกอคอบ้านห้วยเฮี๊ยะ","แม่ฮ่องสอน","ภาคเหนือ","2","0"
"398","ทะเลแหวก","พังงา","ภาคใต้","2","0"
"399","วัดท่าไทร ท้ายเหมือง","พังงา","ภาคใต้","2","0"
"400","ประภาคาร เขาหลัก","พังงา","ภาคใต้","2","0"
"401","คลองสังเน่ห์ ตะกั่วป่า","พังงา","ภาคใต้","2","0"
"402","สนามกอล์ฟ เขื่อนรัชชประภา (กฟผ.)","สุราษฎร์ธานี","ภาคใต้","2","0"
"403","ควนหรนฮิลล์ นาทวี","สงขลา","ภาคใต้","2","0"
"404","ลำพูนไหมไทย","ลำพูน","ภาคเหนือ","2","0"
"405","อ่างเก็บน้ำแม่ขาม","ลำปาง","ภาคเหนือ","2","0"
"406","วัดพระธาตุดอยพระฌาน","ลำปาง","ภาคเหนือ","2","0"
"407","จุดชมวิวสันวัวตอ","แม่ฮ่องสอน","ภาคเหนือ","2","0"
"408","น้ำตกเกาฟุ","ลำปาง","ภาคเหนือ","2","0"
"409","อัญชลี แกลลอรี่","ลำปาง","ภาคเหนือ","2","0"
"410","พี.ที.ฟาร์ม","ลำพูน","ภาคเหนือ","2","0"
"411","ศูนย์ศึกษาและพัฒนาชุมชนลำปาง","ลำปาง","ภาคเหนือ","2","0"
"412","ศูนย์การเรียนรู้ กอไผ่เซรามิค","ลำปาง","ภาคเหนือ","2","0"
"413","วัดท้ายน้ำ","พิจิตร","ภาคเหนือ","2","0"
"414","ดอยจิกจ้อง","แม่ฮ่องสอน","ภาคเหนือ","2","0"
"415","วัดคุณพุ่ม","พิจิตร","ภาคเหนือ","2","0"
"416","สะพานดำ","ลำปาง","ภาคเหนือ","2","0"
"417","วัดนาคตหลวง","ลำปาง","ภาคเหนือ","2","0"
"418","ข่วงคนเตียวหละปูน (ถนนคนเดินลำพูน)","ลำพูน","ภาคเหนือ","2","0"
"419","สวนเฉลิมพระเกียรติ 84 พรรษา (จุดชมวิวทุ่งดอกบัวตอง)","ลำปาง","ภาคเหนือ","2","0"
"420","สวนพฤกษชาติ (ลานสไลเดอร์) เหมืองแม่เมาะ","ลำปาง","ภาคเหนือ","2","0"
"421","พิพิธภัณฑ์ศูนย์ถ่านหินลิกไนต์ศึกษาฯ (เหมืองแม่เมาะ)","ลำปาง","ภาคเหนือ","2","0"
"422","ท่องเที่ยวชุมชนบ้านสามช่องเหนือ","พังงา","ภาคใต้","2","0"
"423","อุทยานแห่งชาติเขลางค์บรรพต","ลำปาง","ภาคเหนือ","2","0"
"424","พิพิธภัณฑ์ซากดึกดำบรรพ์ธรณีวิทยาและธรรมชาติวิทยา จังหวัดลำปาง","ลำปาง","ภาคเหนือ","2","0"
"425","พิพิธภัณฑสถานแห่งชาติหริภุญไชย","ลำพูน","ภาคเหนือ","2","0"
"426","หอศิลป์ สล่าเลาเลือง","ลำพูน","ภาคเหนือ","2","0"
"427","ลิวง","สงขลา","ภาคใต้","2","0"
"428","บ้านสวนบัว","สงขลา","ภาคใต้","2","0"
"429","ถ้ำธารน้ำลอด ประตูสวรรค์ชุมพร","ชุมพร","ภาคใต้","2","0"
"430","ไร่ห่มฟ้า","ลำปาง","ภาคเหนือ","2","0"
"431","พิพิธภัณฑ์การเรียนรู้เมืองลำปาง (มิวเซียมลำปาง)","ลำปาง","ภาคเหนือ","2","0"
"432","มินิบอส ซัพบอร์ด","พิษณุโลก","ภาคเหนือ","2","0"
"433","บ้านไร่มาลียงค์","สุโขทัย","ภาคเหนือ","2","0"
"434","บ้านสิงห์ธรรม","พะเยา","ภาคเหนือ","2","0"
"435","ถ้ำสีฟ้า","ตาก","ภาคเหนือ","2","0"
"436","บ้านไร่เลควิว","แพร่","ภาคเหนือ","2","0"
"437","กาดเมกฮิมคือ","แพร่","ภาคเหนือ","2","0"
"438","สะพานขัวแตะ วัดป่าพระเจ้าอุทุมพร","ลำปาง","ภาคเหนือ","2","0"
"439","River Street Art Lampang","ลำปาง","ภาคเหนือ","2","0"
"440","สวนศิลปกรรมธารตาดหมอก","แพร่","ภาคเหนือ","2","0"
"441","ถนนสตรีทอาร์ต อำเภอสวรรคโลก","สุโขทัย","ภาคเหนือ","2","0"
"442","ทรี บริดจ์ ซิปไลน์ สมุย","สุราษฎร์ธานี","ภาคใต้","2","0"
"443","สมุยซิปไลน์","สุราษฎร์ธานี","ภาคใต้","2","0"
"444","ถนนคนเดินท่าแพ","เชียงใหม่","ภาคเหนือ","2","0"
"445","ฉำฉามาร์เก็ต","เชียงใหม่","ภาคเหนือ","2","0"
"446","บ้านช้างสมุย","สุราษฎร์ธานี","ภาคใต้","2","0"
"447","เด่นช้างนอน","น่าน","ภาคเหนือ","2","0"
"448","วิสาหกิจชุมชนทะเลหมอกอันดามัน","พังงา","ภาคใต้","2","0"
"449","ชุมชนพระบาทห้วยต้ม","ลำพูน","ภาคเหนือ","2","0"
"450","ชุมชนม่วงกลวง","ระนอง","ภาคใต้","2","0"
"451","ชุมชนเกาะยอ","สงขลา","ภาคใต้","2","0"
"452","ชุมชนศิลาเพชร","น่าน","ภาคเหนือ","2","0"
"453","ชุมชนบ้านทรายขาว","ปัตตานี","ภาคใต้","2","0"
"454","ย่านเก่าวังกรด ชมรมส่งเสริมการท่องเที่ยวโดยชุมชนบ้านวังกรด","พิจิตร","ภาคเหนือ","2","0"
"455","ชุมชนบางใบไม้","สุราษฎร์ธานี","ภาคใต้","2","0"
"456","ชุมชนท่องเที่ยวทุ่งหว้า","สตูล","ภาคใต้","2","0"
"457","ภูผาหม่น","เชียงราย","ภาคเหนือ","2","0"
"458","บ้านปางสา","เชียงราย","ภาคเหนือ","2","0"
"459","บ้านดอนทราย","แพร่","ภาคเหนือ","2","0"
"460","ชุมชนบ้านแหลม นครศรีธรรมราช","นครศรีธรรมราช","ภาคใต้","2","0"
"461","ชุมชนท่องเที่ยวมะพร้าวเชิงสร้างสรรค์เกาะสมุย","สุราษฎร์ธานี","ภาคใต้","2","0"
"462","อุทยานแห่งชาติแก่งกรุง","สุราษฎร์ธานี","ภาคใต้","2","0"
"463","สวนโกโก้","น่าน","ภาคเหนือ","2","0"
"464","พิพิธภัณฑ์เครื่องเงินชนเผ่าอิ้วเมี่ยน","น่าน","ภาคเหนือ","2","0"
"465","น้ำตกสะปัน","น่าน","ภาคเหนือ","2","0"
"466","ดอยสวนยาหลวง","น่าน","ภาคเหนือ","2","0"
"467","วัดศรีมงคล (ก๋ง)","น่าน","ภาคเหนือ","2","0"
"468","พิพิธภัณฑ์ผ้าโบราณฝ้ายเงิน","น่าน","ภาคเหนือ","2","0"
"469","วิสาหกิจชุมชนทอผ้าบ้านสะพานพลา","สงขลา","ภาคใต้","2","0"
"470","ฮาร์ทเชฟ เมาน์เทน ซีวิว","สุราษฎร์ธานี","ภาคใต้","2","0"
"471","ตลาดร่องเบี้ยงหรือฮ่องเบี้ย","เชียงราย","ภาคเหนือ","2","0"
"472","เฮือนไทลื้อ 100 ปี","เชียงราย","ภาคเหนือ","2","0"
"473","สวนศิลป์หลากสี","เชียงราย","ภาคเหนือ","2","0"
"474","บ่อสิบสอง","พะเยา","ภาคเหนือ","2","0"
"475","วนอุทยานไดโนเสาร์แก่งหลวง","พะเยา","ภาคเหนือ","2","0"
"476","วัดศรีเมืองมาง","พะเยา","ภาคเหนือ","2","0"
"477","ภูอานม้า","พะเยา","ภาคเหนือ","2","0"
"478","วังมัจฉา","เชียงราย","ภาคเหนือ","2","0"
"479","บ้าน ณ ภาสิริ รีสอร์ท (สวนน้ำ)","อุตรดิตถ์","ภาคเหนือ","2","0"
"480","ม่อนแม่ถาง","แพร่","ภาคเหนือ","2","0"
"481","จุดชมวิวเสม็ดนางชี","พังงา","ภาคใต้","2","0"
"482","หอคำวัดต้าม่อน","แพร่","ภาคเหนือ","2","0"
"483","กลุ่มผลิตภัณฑ์ผ้าทอดอกพิกุล","สงขลา","ภาคใต้","2","0"
"484","บ้านเดือนฉาย","สงขลา","ภาคใต้","2","0"
"485","ถ้ำซำ","พังงา","ภาคใต้","2","0"
"486","หลาดน้ำคลองงา","พังงา","ภาคใต้","2","0"
"487","อควาเรีย ภูเก็ต","ภูเก็ต","ภาคใต้","2","0"
"488","บุนนาคฟาร์ม","สุราษฎร์ธานี","ภาคใต้","2","0"
"489","ลำปางสตรีทอาร์ต","ลำปาง","ภาคเหนือ","2","0"
"490","พิพิธภัณฑ์เล่นได้","เชียงราย","ภาคเหนือ","2","0"
"491","หอดูดาวเฉลิมพระเกียรติ 7 รอบ พระชนมพรรษา สงขลา","สงขลา","ภาคใต้","2","0"
"492","หอศิลปวัฒนธรรมจังหวัดอุตรดิตถ์","อุตรดิตถ์","ภาคเหนือ","2","0"
"493","วัดทุ่งเซียด","สุราษฎร์ธานี","ภาคใต้","2","0"
"494","วัดดอนสัก","สุราษฎร์ธานี","ภาคใต้","2","0"
"495","ควนน้อยแกรนด์แคนยอน","พัทลุง","ภาคใต้","2","0"
"496","ท่องเที่ยวโดยชุมชนตำบลเกาะหมาก","พัทลุง","ภาคใต้","2","0"
"497","วัดเขาอ้อ","พัทลุง","ภาคใต้","2","0"
"498","นาโปแก","พัทลุง","ภาคใต้","2","0"
"499","ตลาดสวนไผ่ขวัญใจ","พัทลุง","ภาคใต้","2","0"
"500","วิสาหกิจชุมชนหัตถกรรมกระจูดวรรณี","พัทลุง","ภาคใต้","2","0"
"501","ควนนกเต้น","พัทลุง","ภาคใต้","2","0"
"502","ภูรุ่งแจ้ง","พัทลุง","ภาคใต้","2","0"
"503","สำเภาไทย","พัทลุง","ภาคใต้","2","0"
"504","ขนำคอฟฟี่","พัทลุง","ภาคใต้","2","0"
"505","บิ้งนาคาเฟ่","พัทลุง","ภาคใต้","2","0"
"506","วัดวัง","พัทลุง","ภาคใต้","2","0"
"507","วังเจ้าเมือง (วังเก่า)","พัทลุง","ภาคใต้","2","0"
"508","สัปปายยะ สปา แอนด์ คลินิก","แม่ฮ่องสอน","ภาคเหนือ","2","0"
"509","สวนสตรอว์เบอร์รี่นายจ้อ","สงขลา","ภาคใต้","2","0"
"510","ดอยฟ้างาม","ลำปาง","ภาคเหนือ","2","0"
"511","ไอ เลิฟ ฟลาวเวอร์ ฟาร์ม","เชียงใหม่","ภาคเหนือ","2","0"
"512","ค่ายฝึกพัฒนาเยาวชนและลูกเสือ ค่ายรัตนพล กองพลพัฒนาที่ 4","สงขลา","ภาคใต้","2","0"
"513","บ้านช่างแก้ว@คลองหลา","สงขลา","ภาคใต้","2","0"
"514","พิพิธภัณฑ์บ้านเทพ","แพร่","ภาคเหนือ","2","0"
"515","โบราณสถานบ่อเก๋ง","สงขลา","ภาคใต้","2","0"
"516","สิทธารา สปา","สงขลา","ภาคใต้","2","0"
"517","น้ำพุร้อนไทรงาม","แม่ฮ่องสอน","ภาคเหนือ","2","0"
"518","บางกล่ำดินเผา","สงขลา","ภาคใต้","2","0"
"519","กลุ่มท่องเที่ยวเชิงอนุรักษณ์อ่าวเตล็ด","นครศรีธรรมราช","ภาคใต้","2","0"
"520","ชุมชนอนุรักษ์ป่าชายเลนบ้านแหลมโฮมสเตย์ (หน้าทับ)","นครศรีธรรมราช","ภาคใต้","2","0"
"521","ป่ากระเจียว(ยักษ์)บ้านเขาโล้น","พิจิตร","ภาคเหนือ","2","0"
"522","ตลาดท่าเรือคลองคาง","นครสวรรค์","ภาคเหนือ","2","0"
"523","ตลาดเจ้าค่ะ","นครสวรรค์","ภาคเหนือ","2","0"
"524","น้ำพุร้อนปลายพู่","พังงา","ภาคใต้","2","0"
"525","หลาดเล","ชุมพร","ภาคใต้","2","0"
"526","ชุมชนท่องเที่ยวนบ้านท่าข้ามควาย","สตูล","ภาคใต้","2","0"
"527","คอนโดไม้ไผ่","เชียงราย","ภาคเหนือ","2","0"
"528","ดอยห้วยทู่","ตาก","ภาคเหนือ","2","0"
"529","ปางช้างเผือกหาดใหญ่","สงขลา","ภาคใต้","2","0"
"530","เชียงราย แอดเวนเจอร์ พอยท์","เชียงราย","ภาคเหนือ","2","0"
"531","สันหลังมังกรแดง เกาะจาบังบีช","สตูล","ภาคใต้","2","0"
"532","จุดชมวิวเขา ตอ เต่า","สุราษฎร์ธานี","ภาคใต้","2","0"
"533","เมญ่า ไลฟ์สไตล์ ช้อปปิ้ง เซ็นเตอร์","เชียงใหม่","ภาคเหนือ","2","0"
"534","วัน นิมมาน","เชียงใหม่","ภาคเหนือ","2","0"
"535","ชุมชนบ้านพรรั้ง","ระนอง","ภาคใต้","2","0"
"536","พิพิธภัณฑ์บ้านดงโฮจิมินห์","พิจิตร","ภาคเหนือ","2","0"
"537","ตลาดน้ำถลางมณีคราม","ภูเก็ต","ภาคใต้","2","0"
"538","ป่าต้นน้ำบ้านน้ำราด","สุราษฎร์ธานี","ภาคใต้","2","0"
"539","ทาปันรักษ์","ลำพูน","ภาคเหนือ","2","0"
"540","น้ำตกขานาง","ชุมพร","ภาคใต้","2","0"
"541","Elephant Care Samui","สุราษฎร์ธานี","ภาคใต้","2","0"
"542","ภูมิใจ๋ คอฟฟี่ ฟาร์ม","น่าน","ภาคเหนือ","2","0"
"543","บ้านตุ๊กตาสวัสดีก้า","น่าน","ภาคเหนือ","2","0"
"544","เชียงใหม่ ไนท์ซาฟารี","เชียงใหม่","ภาคเหนือ","2","0"
"545","โชว์โลมาภูเก็ต","ภูเก็ต","ภาคใต้","2","0"
"546","สยามนิรมิตร","ภูเก็ต","ภาคใต้","2","0"
"547","วัดหงษ์","พิจิตร","ภาคเหนือ","2","0"
"548","ผาหอบ","ลำปาง","ภาคเหนือ","2","0"
"549","หาดปากแตระ","สงขลา","ภาคใต้","2","0"
"550","วัดเขียนบางแก้ว","พัทลุง","ภาคใต้","2","0"
"551","บ้านร้อยปีเทียนสือ","ระนอง","ภาคใต้","2","0"
"552","หาดหนองบัว","ชุมพร","ภาคใต้","2","0"
"553","เขาออง","ชุมพร","ภาคใต้","2","0"
"554","บ้านบ่อคา ชมชนโบราณบ้านเก่าแก่ 100 ปี","ชุมพร","ภาคใต้","2","0"
"555","ถนนกรมหลวงชุมพร","ชุมพร","ภาคใต้","2","0"
"556","เขาวงกต เขาค้อ","เพชรบูรณ์","ภาคเหนือ","2","0"
"557","พิพิธภัณฑ์หลวงพ่อเดิม","นครสวรรค์","ภาคเหนือ","2","0"
"558","ซัพ โยคะ","สุราษฎร์ธานี","ภาคใต้","2","0"
"559","สะพานบุญวัดดวงแก้วโพธิญาณ(วัดพระธาตุกู่ย่าแถ)","ลำปาง","ภาคเหนือ","2","0"
"560","สะพานบุญวัดพระธาตุสันดอน","ลำปาง","ภาคเหนือ","2","0"
"561","ทูบ เทรค วอเตอร์ ปาร์ค","เชียงใหม่","ภาคเหนือ","2","0"
"562","กลุ่มท่องเที่ยวเชิงอนุรักษ์อ่าวพุมเรียง","สุราษฎร์ธานี","ภาคใต้","2","0"
"563","กลุ่มท่องเที่ยวชุมชนท่าฉาง","สุราษฎร์ธานี","ภาคใต้","2","0"
"564","ฮัก วิลเลจ","สุราษฎร์ธานี","ภาคใต้","2","0"
"565","โหนด นาไผ่ คน","สงขลา","ภาคใต้","2","0"
"566","เขตรักษาพันธุ์สัตว์ป่าเขาสนามเพรียง (เขาสน)","กำแพงเพชร","ภาคเหนือ","2","0"
"567","สถานีพัฒนาเกษตรที่สูงตามพระราชดำริ บ้านป่าคา","กำแพงเพชร","ภาคเหนือ","2","0"
"568","ตลาดย้อนยุคนครชุม","กำแพงเพชร","ภาคเหนือ","2","0"
"569","บ้านขนมข้าวตอกอัด","กำแพงเพชร","ภาคเหนือ","2","0"
"570","พิพิธภัณฑ์ท้องถิ่นวัดปราสาท","กำแพงเพชร","ภาคเหนือ","2","0"
"571","วัดคูยาง","กำแพงเพชร","ภาคเหนือ","2","0"
"572","ศาลพระอิศวร","กำแพงเพชร","ภาคเหนือ","2","0"
"573","พิพิธภัณฑสถานจังหวัดกำแพงเพชร เฉลิมพระเกียรติ","กำแพงเพชร","ภาคเหนือ","2","0"
"574","วัดนาควัชรโสภณ","กำแพงเพชร","ภาคเหนือ","2","0"
"575","สวนส้มเขียวหวานโชกุน","กำแพงเพชร","ภาคเหนือ","2","0"
"576","สวนส้มโอโตทองหล่อ","กำแพงเพชร","ภาคเหนือ","2","0"
"577","ศาลหลักเมืองกำแพงเพชร","กำแพงเพชร","ภาคเหนือ","2","0"
"578","วัดป่าเขาเขียว (หลวงพ่อถัง)","กำแพงเพชร","ภาคเหนือ","2","0"
"579","บ้านปางมะนาว (โครงการคลองลาน 2)","กำแพงเพชร","ภาคเหนือ","1","0"
"580","พิพิธภัณฑ์เบญญารัญ","พังงา","ภาคใต้","2","0"
"581","พิพิธภัณฑ์เพอรานากันนิทัศน์ (ภูเก็ตมิวเซียม)","ภูเก็ต","ภาคใต้","2","0"
"582","ไร่วานิช","ภูเก็ต","ภาคใต้","2","0"
"583","นีโมโดลฟินโชว์","ภูเก็ต","ภาคใต้","2","0"
"584","พระพุทธนวล้านตื้อ","เชียงราย","ภาคเหนือ","2","0"
"585","วัดพระพุทรบาทผาหนาม","ลำพูน","ภาคเหนือ","2","0"
"586","สถานีพัฒนาการเกษตรที่สูงตามพระราชดำริบ้านสะจุก - สะเกี้ยง","น่าน","ภาคเหนือ","2","0"
"587","ศูนย์การเรียนรู้ดาราศาสตร์และหอดูดาวเฉลิมพระเกียรติสมเด็จพระเทพรัตนราชกุมารี","น่าน","ภาคเหนือ","2","0"
"588","วัดกาบรางธรรมสถาน","น่าน","ภาคเหนือ","2","0"
"589","พิพิธภัณฑ์บ้านพระเกิด","น่าน","ภาคเหนือ","2","0"
"590","หล่มภูเขียว","ลำปาง","ภาคเหนือ","2","0"
"591","ต้นดิกเดียมวัดปรางค์","น่าน","ภาคเหนือ","2","0"
"592","แก่งสะม้า 9 บั้ง","น่าน","ภาคเหนือ","4","0"
"593","กลุ่มผ้าทอไทลื้อสีธรรมชาติบ้านดอนมูล","น่าน","ภาคเหนือ","2","0"
"594","กลุ่มทอผ้าจันทร์สมการทอ","น่าน","ภาคเหนือ","2","0"
"595","ศูนย์ปฏิบัติธรรมมหาโพธิวงศาจริยาราม (พุทธอุทยานดอยผาสวรรค์)","แพร่","ภาคเหนือ","2","0"
"596","วิสาหกิจชุมชนบ้านโตนปาหนัน","สตูล","ภาคใต้","2","0"
"597","ชุมชนท่องเที่ยวบ้านภูผาเพชร","สตูล","ภาคใต้","2","0"
"598","ชุมชนท่องเที่ยวบ้านบากันเคย","สตูล","ภาคใต้","2","0"
"599","ชุมชนท่องเที่ยวบ้านบ่อเจ็ดลูก","สตูล","ภาคใต้","2","0"
"600","ชุมชนท่องเที่ยวบ้านบากันใหญ่","สตูล","ภาคใต้","2","0"
"601","พิพิธภัณฑ์อุทยานธรณีโลกสตูล","สตูล","ภาคใต้","2","0"
"602","ศูนย์การเรียนรู้เกษตรพอเพียงบ้านแม่หล่าย","แพร่","ภาคเหนือ","2","0"
"603","พิพิธภัณฑ์ภาพวาด 3 มิติ","สงขลา","ภาคใต้","2","0"
"604","ไร่รื่นรมย์","เชียงราย","ภาคเหนือ","2","0"
"605","น้ำตกแม่พูล","อุตรดิตถ์","ภาคเหนือ","2","0"
"606","ศาลาเทวดานาคราช","นครศรีธรรมราช","ภาคใต้","2","0"
"607","สวนป่าน","นครศรีธรรมราช","ภาคใต้","2","0"
"608","วัดนันทาราม","นครศรีธรรมราช","ภาคใต้","2","0"
"609","วัดถ้ำทองพรรณรา","นครศรีธรรมราช","ภาคใต้","2","0"
"610","วัดธาตุธาราม","นครศรีธรรมราช","ภาคใต้","2","0"
"611","วัดเขาพระทอง","นครศรีธรรมราช","ภาคใต้","2","0"
"612","วัดกระดังงา","นครศรีธรรมราช","ภาคใต้","2","0"
"613","สวนสมเด็จพระศรีนครินทร์ 84","นครศรีธรรมราช","ภาคใต้","2","0"
"614","อ่าวท้องหยี","นครศรีธรรมราช","ภาคใต้","2","0"
"615","อารยาเคลย์แอนด์คราฟท์","นครศรีธรรมราช","ภาคใต้","2","0"
"616","น้ำตกยอดเหลือง","นครศรีธรรมราช","ภาคใต้","2","0"
"617","น้ำตกปลิว","นครศรีธรรมราช","ภาคใต้","2","0"
"618","น้ำตกคลองจัง","นครศรีธรรมราช","ภาคใต้","2","0"
"619","ถ้ำตลอด","นครศรีธรรมราช","ภาคใต้","3","0"
"620","กลุ่มหัตถกรรมจักสานพัดใบกะพ้อบ้านสวนเลา","นครศรีธรรมราช","ภาคใต้","2","0"
"621","กลุ่มหัตถกรรมจักสานพัดใบกะพ้อบ้านโคกยาง","นครศรีธรรมราช","ภาคใต้","1","0"
"622","อุทยานแห่งชาติเขานัน","นครศรีธรรมราช","ภาคใต้","2","0"
"623","อุทยานแห่งชาติน้ำตกโยง","นครศรีธรรมราช","ภาคใต้","2","0"
"624","อุทยานแห่งชาติน้ำตกสี่ขีด","นครศรีธรรมราช","ภาคใต้","2","0"
"625","พระวิหารสูง","นครศรีธรรมราช","ภาคใต้","2","0"
"626","น้ำตกกรุงนาง","นครศรีธรรมราช","ภาคใต้","2","0"
"627","อุทยานแห่งชาติหาดขนอม-หมู่เกาะทะเลใต้","นครศรีธรรมราช","ภาคใต้","2","0"
"628","น้ำตกวังลุง (น้ำตกสองรัก)","นครศรีธรรมราช","ภาคใต้","2","0"
"629","ถ้ำหงส์","นครศรีธรรมราช","ภาคใต้","2","0"
"630","ถ้ำน้ำวังศรีธรรมโศกราช","นครศรีธรรมราช","ภาคใต้","2","0"
"631","กำแพงเมืองนครศรีธรรมราช","นครศรีธรรมราช","ภาคใต้","2","0"
"632","วัดหรงบน","นครศรีธรรมราช","ภาคใต้","2","0"
"633","ตลาดใต้โหนด","พัทลุง","ภาคใต้","2","0"
"634","หอพระพุทธสิหิงค์","นครศรีธรรมราช","ภาคใต้","2","0"
"635","อนุสาวรีย์ปูดำ/ลานประติมากรรมปูดำ","กระบี่","ภาคใต้","2","0"
"636","อ่าวต้นไทร","กระบี่","ภาคใต้","2","0"
"637","อ่างน้ำผุดบางสวรรค์","สุราษฎร์ธานี","ภาคใต้","4","0"
"638","ภูฟ้าไทย","เชียงราย","ภาคเหนือ","2","0"
"639","ภูชี้เดือน","เชียงราย","ภาคเหนือ","2","0"
"640","ภูชี้ดาว","เชียงราย","ภาคเหนือ","2","0"
"641","ปางช้างเผือก","เชียงราย","ภาคเหนือ","2","0"
"642","วัดร่องเสือเต้น","เชียงราย","ภาคเหนือ","2","0"
"643","เขาโปกโล้น","พิษณุโลก","ภาคเหนือ","2","0"
"644","เกาะมัดสุม","สุราษฎร์ธานี","ภาคใต้","2","0"
"645","วัดทีปังกร","สุราษฎร์ธานี","ภาคใต้","2","0"
"646","ทุ่งกังหันลมบ้านเพชรดำ","เพชรบูรณ์","ภาคเหนือ","2","0"
"647","สวนบัวอมรรัตน์","พิษณุโลก","ภาคเหนือ","2","0"
"648","สันติบุรี สมุยคันทรี่ คลับ","สุราษฎร์ธานี","ภาคใต้","2","0"
"649","คาโนปี้ผจญภัย สมุย","สุราษฎร์ธานี","ภาคใต้","2","0"
"650","สมุย เอลเลเฟนท์ คิงดอม","สุราษฎร์ธานี","ภาคใต้","2","0"
"651","ศาลหลักเมืองกระบี่","กระบี่","ภาคใต้","2","0"
"652","กำแพงประวัติศาสตร์ เมืองกระบี่","กระบี่","ภาคใต้","2","0"
"653","พลับพลาที่ประทับพลเรือเอกพระเจ้าบรมวงศ์เธอ พระองค์เจ้าอาภากรเกียรติวงศ์ กรมหลวงชุมพรเขตอุดมศักดิ์ สวนสาธารณะสะพานหิน","ภูเก็ต","ภาคใต้","2","0"
"654","วัดถ้ำเสือน้อย","กระบี่","ภาคใต้","2","0"
"655","ถนนคนเดิน ฟิชเชอร์แมน วิลเลจ","สุราษฎร์ธานี","ภาคใต้","2","0"
"656","แกรนด์ แคนยอน เชียงใหม่","เชียงใหม่","ภาคเหนือ","2","0"
"657","ดอยพญาพิภักดิ์","เชียงราย","ภาคเหนือ","2","0"
"658","น้ำตกสิบเอ็ดชั้น","สุราษฎร์ธานี","ภาคใต้","2","0"
"659","คลองน้ำใส","สุราษฎร์ธานี","ภาคใต้","2","0"
"660","วัดสันป่าก่อ","เชียงราย","ภาคเหนือ","2","0"
"661","ศูนย์ศึกษาธรรมชาติป่าชายเลนยะหริ่ง","ปัตตานี","ภาคใต้","2","0"
"662","เกาะเฮ","ภูเก็ต","ภาคใต้","2","0"
"663","หนุมานเวิลด์","ภูเก็ต","ภาคใต้","2","0"
"664","ฟลายอิ้ง หนุมาน","ภูเก็ต","ภาคใต้","2","0"
"665","ภูเก็ต ทริกอาย มิวเซียม","ภูเก็ต","ภาคใต้","2","0"
"666","น้ำตกกะโรม","นครศรีธรรมราช","ภาคใต้","2","0"
"667","จุดชมวิวเขาเหมน","นครศรีธรรมราช","ภาคใต้","2","0"
"668","ล่องแก่งคลองกลาย","นครศรีธรรมราช","ภาคใต้","2","0"
"669","เส้นทางเดินป่ายอดฝามี","นครศรีธรรมราช","ภาคใต้","2","0"
"670","จังเกิล โคสเตอร์","เชียงใหม่","ภาคเหนือ","2","0"
"671","สวนน้ำ สวนสนุก เดอะซัน","ลำพูน","ภาคเหนือ","2","0"
"672","พระมหาธาตุเจดีย์พระพุทธธรรมประกาศ","ยะลา","ภาคใต้","2","0"
"673","ภูเก็ตวอเตอร์สกีเคเบิลเวย์","ภูเก็ต","ภาคใต้","2","0"
"674","สถาบันผ้าทอมือหริภุญชัย","ลำพูน","ภาคเหนือ","2","0"
"675","พระบรมธาตุหริภุญชัย","ลำพูน","ภาคเหนือ","2","0"
"676","ถนนคนเดินเมืองลำพูน","ลำพูน","ภาคเหนือ","2","0"
"677","ตลาดบ้านทาดอยแก้ว หรือกาดแม่ทา","ลำพูน","ภาคเหนือ","2","0"
"678","สนามมวยเพชรบัญชาสมุย","สุราษฎร์ธานี","ภาคใต้","2","0"
"679","ถนนคนเดินเชียงราย","เชียงราย","ภาคเหนือ","2","0"
"680","ชุมชนท่องเที่ยวเขาพญาบังสา","สตูล","ภาคใต้","2","0"
"681","อนุสาวรีย์กรมหลวงชุมพรเขตอุดมศักดิ์","สงขลา","ภาคใต้","2","0"
"682","ศูนย์ท่องเที่ยวเชิงเกษตรเกาะยอ","สงขลา","ภาคใต้","2","0"
"683","อุทยานการเรียนรู้ TK PARK เทศบาลเมืองสตูล","สตูล","ภาคใต้","2","0"
"684","พิพิธภัณฑสถานแห่งชาติ มัชฌิมาวาส","สงขลา","ภาคใต้","2","0"
"685","ประติมากรรมพญานาคพ่นน้ำ","สงขลา","ภาคใต้","2","0"
"686","ถนนคนเดินสงขลาแต่แรก","สงขลา","ภาคใต้","2","0"
"687","ตลาดนัดวันอาทิตย์สงขลา","สงขลา","ภาคใต้","2","0"
"688","กำแพงเมืองสงขลา","สงขลา","ภาคใต้","2","0"
"689","กลุ่มราชวัตถ์แสงส่องหล้าที่1","สงขลา","ภาคใต้","2","0"
"690","เอ อี วาย สเปซ","สงขลา","ภาคใต้","2","0"
"691","เกาะขาม","สงขลา","ภาคใต้","2","0"
"692","จังเกิ้ล บันจี้ จัมพ์","ภูเก็ต","ภาคใต้","2","0"
"693","อ่าวลึก","พังงา","ภาคใต้","2","0"
"694","อ่าวบอน","พังงา","ภาคใต้","2","0"
"695","อ่าวช่องขาด","พังงา","ภาคใต้","2","0"
"696","วิสาหกิจชุมชน กลุ่มท่องเที่ยวชุมชนบ้านโคกไคร","พังงา","ภาคใต้","2","0"
"697","เขาไข่นุ้ย","พังงา","ภาคใต้","2","0"
"698","คลองบางเจริญ","ชุมพร","ภาคใต้","2","0"
"699","สวนลุงนิล","ชุมพร","ภาคใต้","2","0"
"700","ล่องแพพะโต๊ะ","ชุมพร","ภาคใต้","2","0"
"701","บ้านผาเจริญ","แม่ฮ่องสอน","ภาคเหนือ","2","0"
"702","บ้านป่าปุ๊","แม่ฮ่องสอน","ภาคเหนือ","2","0"
"703","บ้านดูลาเปอร์","แม่ฮ่องสอน","ภาคเหนือ","2","0"
"704","บ้านดง","แม่ฮ่องสอน","ภาคเหนือ","2","0"
"705","น้ำพุร้อนแม่อุมลอง","แม่ฮ่องสอน","ภาคเหนือ","2","0"
"706","น้ำตกนทีราชันย์","แม่ฮ่องสอน","ภาคเหนือ","2","0"
"707","น้ำตกแม่สะงากลาง","แม่ฮ่องสอน","ภาคเหนือ","2","0"
"708","น้ำตกแพมบก","แม่ฮ่องสอน","ภาคเหนือ","2","0"
"709","ที่ทำการอุทยานน้ำตกแม่สุรินทร์","แม่ฮ่องสอน","ภาคเหนือ","2","0"
"710","ถ้ำแม่ละนา","แม่ฮ่องสอน","ภาคเหนือ","2","0"
"711","ถ้ำเมืองแพม","แม่ฮ่องสอน","ภาคเหนือ","2","0"
"712","ถนนคนเดินปาย","แม่ฮ่องสอน","ภาคเหนือ","2","0"
"713","ถนนคนเดินจังหวัดแม่ฮ่องสอน","แม่ฮ่องสอน","ภาคเหนือ","2","0"
"714","ตลาดสายหยุด เทศบาลเมืองแม่ฮ่องสอน","แม่ฮ่องสอน","ภาคเหนือ","2","0"
"715","ดอยพุ่ยโค","แม่ฮ่องสอน","ภาคเหนือ","2","0"
"716","ชุมชนบ้านห้วยตองก๊อ","แม่ฮ่องสอน","ภาคเหนือ","2","0"
"717","ชุมชนบ้านเมืองปอน","แม่ฮ่องสอน","ภาคเหนือ","2","0"
"718","จุดชมวิวผาบ่อง","แม่ฮ่องสอน","ภาคเหนือ","2","0"
"719","จุดชมวิวบ้านหลุกข้าวหลาม","แม่ฮ่องสอน","ภาคเหนือ","2","0"
"720","กลุ่มผลิตน้ำมันงาบ้านสบสอย แม่ฮ่องสอน","แม่ฮ่องสอน","ภาคเหนือ","2","0"
"721","สวนผลไม้กุลภัช","อุทัยธานี","ภาคเหนือ","2","0"
"722","วัดหลวงราชาวาส","อุทัยธานี","ภาคเหนือ","2","0"
"723","วัดหนองหญ้านาง","อุทัยธานี","ภาคเหนือ","2","0"
"724","วัดพิชัยปุรณาราม","อุทัยธานี","ภาคเหนือ","2","0"
"725","วัดธรรมโศภิต","อุทัยธานี","ภาคเหนือ","2","0"
"726","วัดขวิดเชลยศักดิ์","อุทัยธานี","ภาคเหนือ","2","0"
"727","บึงพระชนก","อุทัยธานี","ภาคเหนือ","2","0"
"728","ถ้ำเขาพระยาพายเรือ","อุทัยธานี","ภาคเหนือ","2","0"
"729","ถนนคนเดินตรอกโรงยา","อุทัยธานี","ภาคเหนือ","2","0"
"730","ตลาดชุมชนลุ่มแม่น้ำสะแกกรัง","อุทัยธานี","ภาคเหนือ","2","0"
"731","กลุ่มผลิตภัณฑ์รากไม้","อุทัยธานี","ภาคเหนือ","2","0"
"732","เขื่อนวังร่มเกล้า","อุทัยธานี","ภาคเหนือ","2","0"
"733","สะพานปรมินทร์","อุตรดิตถ์","ภาคเหนือ","2","0"
"734","วัดห้องสูง","อุตรดิตถ์","ภาคเหนือ","2","0"
"735","วัดท้องลับแล","อุตรดิตถ์","ภาคเหนือ","2","0"
"736","กาดบ้านฮ่อ","เชียงใหม่","ภาคเหนือ","2","0"
"737","อ่างเก็บน้ำห้วยขุนแก้ว","อุทัยธานี","ภาคเหนือ","2","0"
"738","สวนวิมลโสภา","อุทัยธานี","ภาคเหนือ","2","0"
"739","สวนผลไม้สมชาย","อุทัยธานี","ภาคเหนือ","2","0"
"740","สวนผลไม้วิโรจน์","อุทัยธานี","ภาคเหนือ","2","0"
"741","สวนผลไม้ลุงอ้วน","อุทัยธานี","ภาคเหนือ","2","0"
"742","สวนผลไม้ลุงโป่ง","อุทัยธานี","ภาคเหนือ","2","0"
"743","ด่านภูดู่","อุตรดิตถ์","ภาคเหนือ","2","0"
"744","วัดหนองโว้ง","สุโขทัย","ภาคเหนือ","2","0"
"745","วัดสว่างอารมณ์วรวิหาร","สุโขทัย","ภาคเหนือ","2","0"
"746","วัดท่าเกษม","สุโขทัย","ภาคเหนือ","2","0"
"747","วัดไทยชุมพล","สุโขทัย","ภาคเหนือ","2","0"
"748","บ้านคุกพัฒนา","สุโขทัย","ภาคเหนือ","2","0"
"749","ตลาดริมยม 2437","สุโขทัย","ภาคเหนือ","2","0"
"750","โมทนา เซรามิค","สุโขทัย","ภาคเหนือ","2","0"
"751","หอศิลป์ ลำปาง","ลำปาง","ภาคเหนือ","2","0"
"752","พิพิธภัณฑ์บ้านป่องนัก","ลำปาง","ภาคเหนือ","2","0"
"753","บ้านป่าเหมี้ยงโฮมสเตย์","ลำปาง","ภาคเหนือ","2","0"
"754","ตลาดประชารัฐ เอส เอ็ม แอล บ้านใหม่นาแขม","ลำปาง","ภาคเหนือ","2","0"
"755","กาดทุ่งเกวียน","ลำปาง","ภาคเหนือ","2","0"
"756","กาดกองต้า","ลำปาง","ภาคเหนือ","2","0"
"757","โฮมสเตย์บ้านสามขา","ลำปาง","ภาคเหนือ","2","0"
"758","โฮมสเตย์บ้านท่าช้าง","ลำปาง","ภาคเหนือ","2","0"
"759","โครงการพระราชดำริบ้านทุ่งจี้","ลำปาง","ภาคเหนือ","2","0"
"760","สะพานประวัติศาสตร์ท่าปาย","แม่ฮ่องสอน","ภาคเหนือ","2","0"
"761","สะพานซูตองเป้","แม่ฮ่องสอน","ภาคเหนือ","2","0"
"762","ศูนย์พัฒนาโครงการหลวงแม่ลาน้อย (นาขั้นได)","แม่ฮ่องสอน","ภาคเหนือ","2","0"
"763","วัดหลวง","แม่ฮ่องสอน","ภาคเหนือ","2","0"
"764","วัดม่วยต่อ","แม่ฮ่องสอน","ภาคเหนือ","2","0"
"765","วัดพระธาตุจอมกิตติ","แม่ฮ่องสอน","ภาคเหนือ","2","0"
"766","วัดพระธาตุจอมแจ้ง","แม่ฮ่องสอน","ภาคเหนือ","2","0"
"767","วัดป่าถ้ำวัว","แม่ฮ่องสอน","ภาคเหนือ","2","0"
"768","วัดป่าขาม","แม่ฮ่องสอน","ภาคเหนือ","2","0"
"769","ร้านกาแฟ คอฟฟี่ อิน เลิฟ","แม่ฮ่องสอน","ภาคเหนือ","2","0"
"770","พิพิธภัณฑ์มีชีวิตเมืองแม่ฮ่องสอน","แม่ฮ่องสอน","ภาคเหนือ","2","0"
"771","บ้านศรีนาป่าน","น่าน","ภาคเหนือ","2","0"
"772","กำแพงเมืองเก่าน่าน","น่าน","ภาคเหนือ","2","0"
"773","โฮงเจ้าฟองคำ","น่าน","ภาคเหนือ","2","0"
"774","อุทยานนกน้ำบึงบอระเพ็ด","นครสวรรค์","ภาคเหนือ","2","0"
"775","วัดพระพุทธบาทไพศาลี","นครสวรรค์","ภาคเหนือ","2","0"
"776","วัดเขาถ้ำบุญนาค","นครสวรรค์","ภาคเหนือ","2","0"
"777","วัดเขาภูคาจุฬามณี","นครสวรรค์","ภาคเหนือ","2","0"
"778","วนอุทยานเขาหลวง","นครสวรรค์","ภาคเหนือ","2","0"
"779","พุทธอุทยานนครสวรรค์","นครสวรรค์","ภาคเหนือ","2","0"
"780","น้ำตกซับสมบูรณ์","นครสวรรค์","ภาคเหนือ","2","0"
"781","ทุ่งปอเทือง ทุ่งทานตะวัน","นครสวรรค์","ภาคเหนือ","2","0"
"782","ตลาดอาหารริมน้ำจังหวัดนครสวรรค์","นครสวรรค์","ภาคเหนือ","2","0"
"783","ดงแม่นางเมือง","นครสวรรค์","ภาคเหนือ","2","0"
"784","ชุมชนไทยทรงดำบ้านแก่ง","นครสวรรค์","ภาคเหนือ","2","0"
"785","แก่งเกาะใหญ่","นครสวรรค์","ภาคเหนือ","2","0"
"786","เขาพระเจดีย์","นครสวรรค์","ภาคเหนือ","2","0"
"787","พระจุฬามหาเจดีย์","นครสวรรค์","ภาคเหนือ","2","0"
"788","หมู่บ้านชาวประมงน้ำจืด บ้านสันป่าป๋วย","ตาก","ภาคเหนือ","2","0"
"789","หมู่บ้านชาวเขาดอยมูเซอ","ตาก","ภาคเหนือ","2","0"
"790","สวนส้มร่มเกล้า","ตาก","ภาคเหนือ","2","0"
"791","ผาชูธง","พิษณุโลก","ภาคเหนือ","2","0"
"792","น้ำตกลอดรู","พิษณุโลก","ภาคเหนือ","2","0"
"793","ทุ่งนางพญา","พิษณุโลก","ภาคเหนือ","2","0"
"794","ถ้ำบ้านมุง","พิษณุโลก","ภาคเหนือ","2","0"
"795","ถนนคนเดิน-พิษณุโลก","พิษณุโลก","ภาคเหนือ","2","0"
"796","ตลาดร่วมใจ (ตลาดเทศบาล 6)","พิษณุโลก","ภาคเหนือ","2","0"
"797","จุดชมซากุระเมืองไทยบ้านร่องกล้า","พิษณุโลก","ภาคเหนือ","2","0"
"798","ล่องแก่งลำน้ำเข็ก","พิษณุโลก","ภาคเหนือ","2","0"
"799","เรนฟอเรสท์ ฟาร์ม","พิษณุโลก","ภาคเหนือ","2","0"
"800","สวนเกษตรวังทับไทร","พิจิตร","ภาคเหนือ","2","0"
"801","ศาลเจ้าพ่อแก้ว","พิจิตร","ภาคเหนือ","2","0"
"802","น้ำพุร้อนโป่งเดือด","แม่ฮ่องสอน","ภาคเหนือ","2","0"
"803","ศูนย์โครงการพัฒนาตามพระราชดำริจังหวัดแม่ฮ่องสอน","แม่ฮ่องสอน","ภาคเหนือ","2","0"
"804","แม่น้ำสาะวินบ้านท่าตาฝั่ง","แม่ฮ่องสอน","ภาคเหนือ","2","0"
"805","เขตรักษาพันธุ์สัตว์ป่าดอยเวียงหล้า","แม่ฮ่องสอน","ภาคเหนือ","2","0"
"806","อนุสาวรีย์เจ้าหลวงหมื่นด้งนคร","แพร่","ภาคเหนือ","2","0"
"807","วัดศรีดอก","แพร่","ภาคเหนือ","2","0"
"808","วัดศรีชุม","แพร่","ภาคเหนือ","2","0"
"809","วัดรัตนสุนทร","แพร่","ภาคเหนือ","2","0"
"810","วัดพระธาตุถิ่นแถนหลวง","แพร่","ภาคเหนือ","2","0"
"811","วัดพระธาตุไฮสร้อย","แพร่","ภาคเหนือ","2","0"
"812","วัดพระธาตุแหลมลี่","แพร่","ภาคเหนือ","2","0"
"813","วัดพงษ์สุนันท์","แพร่","ภาคเหนือ","2","0"
"814","วัดดงลาน","แพร่","ภาคเหนือ","2","0"
"815","พระธาตุปูตั๊บ","แพร่","ภาคเหนือ","2","0"
"816","พระธาตุเต่าคำ","แพร่","ภาคเหนือ","2","0"
"817","โฮงซึงหลวง","แพร่","ภาคเหนือ","2","0"
"818","อุทยานแห่งชาติเขาค้อ","เพชรบูรณ์","ภาคเหนือ","2","0"
"819","หมู่บ้านท่องเที่ยวชาวดอย (ม้ง) เล่าลือ","เพชรบูรณ์","ภาคเหนือ","2","0"
"820","วัดป่าภูทับเบิก","เพชรบูรณ์","ภาคเหนือ","2","0"
"821","บีบีกัน วัลเลย์","เพชรบูรณ์","ภาคเหนือ","2","0"
"822","ถนนคนเดินไทหล่ม","เพชรบูรณ์","ภาคเหนือ","2","0"
"823","ชุมชนคนรักษ์ป่าหนองแม่นา","เพชรบูรณ์","ภาคเหนือ","2","0"
"824","เขาคลังนอก","เพชรบูรณ์","ภาคเหนือ","2","0"
"825","หมู่บ้านร่องกล้า","พิษณุโลก","ภาคเหนือ","2","0"
"826","ศูนย์ประวัติศาสตร์พระราชวังจันทน์","พิษณุโลก","ภาคเหนือ","2","0"
"827","วัดสุขุมาราม","พิจิตร","ภาคเหนือ","2","0"
"828","วัดศรีศรัทธาราม","พิจิตร","ภาคเหนือ","2","0"
"829","วัดวังกลม","พิจิตร","ภาคเหนือ","2","0"
"830","วัดพระพุทธบาทเขาทราย","พิจิตร","ภาคเหนือ","2","0"
"831","วัดบึงโพธิ์","พิจิตร","ภาคเหนือ","2","0"
"832","วัดบางมูลนาก","พิจิตร","ภาคเหนือ","2","0"
"833","วัดนางชี","พิจิตร","ภาคเหนือ","2","0"
"834","วัดทุ่งน้อย","พิจิตร","ภาคเหนือ","2","0"
"835","วัดท่าบัว","พิจิตร","ภาคเหนือ","2","0"
"836","วัดท่าตำหนัก","พิจิตร","ภาคเหนือ","2","0"
"837","วัดทับทิม","พิจิตร","ภาคเหนือ","2","0"
"838","วัดดงตะขบ","พิจิตร","ภาคเหนือ","2","0"
"839","วัดฆะมัง","พิจิตร","ภาคเหนือ","2","0"
"840","วัดขวาง","พิจิตร","ภาคเหนือ","2","0"
"841","วัดไทรโรงโขน","พิจิตร","ภาคเหนือ","2","0"
"842","วัดใหม่ศรีวิชัย","พิจิตร","ภาคเหนือ","2","0"
"843","วัดใหม่ปลายห้วย","พิจิตร","ภาคเหนือ","2","0"
"844","วัดใหม่คำวัน","พิจิตร","ภาคเหนือ","2","0"
"845","วัดเทพสิทธิการาม","พิจิตร","ภาคเหนือ","2","0"
"846","วัดเกาะแก้ว","พิจิตร","ภาคเหนือ","2","0"
"847","อ่างเก็บน้ำห้วยชมภู-ผาเทวดา","พะเยา","ภาคเหนือ","2","0"
"848","วัดพระธาตุภูขวาง","พะเยา","ภาคเหนือ","2","0"
"849","วัดพระธาตุแสงแก้วมงคล","พะเยา","ภาคเหนือ","2","0"
"850","บ้านแกะนักขนาด","พะเยา","ภาคเหนือ","2","0"
"851","ดอยหนอก","พะเยา","ภาคเหนือ","2","0"
"852","ดอยผาดำ","พะเยา","ภาคเหนือ","2","0"
"853","โบราณสถานบ้านร่องไฮ","พะเยา","ภาคเหนือ","2","0"
"854","โบราณสถานเวียงบัว","พะเยา","ภาคเหนือ","2","0"
"855","เขตรักษาพันธุ์สัตว์ป่าเวียงลอ","พะเยา","ภาคเหนือ","2","0"
"856","อุทยานแห่งชาติขุนสถาน","น่าน","ภาคเหนือ","2","0"
"857","อาคารประวัติศาสตร์อำเภอเวียงสา","น่าน","ภาคเหนือ","2","0"
"858","อนุสรณ์สถานภูพยัคฆ์","น่าน","ภาคเหนือ","2","0"
"859","สถานีพัฒนาการเกษตรที่สูงตามพระราชดำริ บ้านสะจุก-สะเกี้ยง","น่าน","ภาคเหนือ","2","0"
"860","ศูนย์ภูฟ้าพัฒนา","น่าน","ภาคเหนือ","2","0"
"861","วัดหัวข่วง น่าน","น่าน","ภาคเหนือ","2","0"
"862","วัดหัวเวียงใต้","น่าน","ภาคเหนือ","2","0"
"863","วัดหลวง","น่าน","ภาคเหนือ","2","0"
"864","วัดศรีพันต้น","น่าน","ภาคเหนือ","2","0"
"865","วัดร้องแง","น่าน","ภาคเหนือ","2","0"
"866","วัดมหาโพธิ์","น่าน","ภาคเหนือ","2","0"
"867","วัดภูเก็ต","น่าน","ภาคเหนือ","2","0"
"868","วัดพญาภู","น่าน","ภาคเหนือ","2","0"
"869","วัดบุญยืน พระอารามหลวง","น่าน","ภาคเหนือ","2","0"
"870","วัดกู่คำ","น่าน","ภาคเหนือ","2","0"
"871","วัดกลาง","น่าน","ภาคเหนือ","2","0"
"872","วังศิลาแลง","น่าน","ภาคเหนือ","2","0"
"873","พระธาตุจอมนาง","น่าน","ภาคเหนือ","2","0"
"874","พระธาตุจอมทอง","น่าน","ภาคเหนือ","2","0"
"875","บ้านหาดผาขน","น่าน","ภาคเหนือ","2","0"
"876","บ้านสันเจริญ","น่าน","ภาคเหนือ","2","0"
"877","สถานีทดลองหม่อนไหม","ตาก","ภาคเหนือ","2","0"
"878","ศูนย์วิจัย และพัฒนาการเกษตรตาก","ตาก","ภาคเหนือ","2","0"
"879","ศาลสมเด็จพระเจ้าตากสินมหาราช","ตาก","ภาคเหนือ","2","0"
"880","วัดพระธาตุแก่งสร้อย","ตาก","ภาคเหนือ","2","0"
"881","วัดท่าสายโทรเลข","ตาก","ภาคเหนือ","2","0"
"882","วัดไทยสามัคคี","ตาก","ภาคเหนือ","2","0"
"883","วัดแม่ซอดน่าด่าน","ตาก","ภาคเหนือ","2","0"
"884","วัดเขาลาน้ำ","ตาก","ภาคเหนือ","2","0"
"885","วนอุทยานน้ำตกห้วยแม่ไข","ตาก","ภาคเหนือ","2","0"
"886","พิพิธภัณฑ์ศิลปวัฒนธรรมท้องถิ่น","ตาก","ภาคเหนือ","2","0"
"887","พิพิธภัณฑ์เมืองเฉลิมพระเกียรติจังหวัดตาก","ตาก","ภาคเหนือ","2","0"
"888","บ้านปูเต้อ","ตาก","ภาคเหนือ","2","0"
"889","บ่อน้ำร้อนห้วยน้ำนัก","ตาก","ภาคเหนือ","2","0"
"890","น้ำตกห้วยกระทิง","ตาก","ภาคเหนือ","2","0"
"891","น้ำตกมูเซอ","ตาก","ภาคเหนือ","2","0"
"892","น้ำตกท่าเล่","ตาก","ภาคเหนือ","2","0"
"893","น้ำตกแม่ระเมิง","ตาก","ภาคเหนือ","2","0"
"894","น้ำตกแม่กาษา","ตาก","ภาคเหนือ","2","0"
"895","ถ้ำโยคี","ตาก","ภาคเหนือ","2","0"
"896","ตลาดพลอยแม่สอด","ตาก","ภาคเหนือ","2","0"
"897","ตรอกบ้านจีน","ตาก","ภาคเหนือ","2","0"
"898","ดอยม่อนคลุย","ตาก","ภาคเหนือ","2","0"
"899","ดอยทูเล","ตาก","ภาคเหนือ","2","0"
"900","ครกหินแม่สลิด","ตาก","ภาคเหนือ","2","0"
"901","กาดนั่งยองคล้องย่าม","ตาก","ภาคเหนือ","2","0"
"902","อ่างเก็บน้ำห้วยแก้ว","เชียงใหม่","ภาคเหนือ","2","0"
"903","ออบไฮ","เชียงใหม่","ภาคเหนือ","2","0"
"904","หมู่บ้านนอแล","เชียงใหม่","ภาคเหนือ","2","0"
"905","หน่วยจัดการต้นน้ำห้วยจิโน","เชียงใหม่","ภาคเหนือ","2","0"
"906","ไร่บ่าวน้อยสตรอเบอร์รี่","เชียงราย","ภาคเหนือ","2","0"
"907","ไร่ชาวังพุดตาล","เชียงราย","ภาคเหนือ","2","0"
"908","ไร่ชา 101","เชียงราย","ภาคเหนือ","2","0"
"909","ไร่แสงอรุณ","เชียงราย","ภาคเหนือ","2","0"
"910","โฮมสเตย์บ้านกลาง","เชียงราย","ภาคเหนือ","2","0"
"911","โฮมสเตย์บ้านแม่เต๋อ","เชียงราย","ภาคเหนือ","2","0"
"912","โครงการอนุรักษ์เมืองประวัติศาสตร์เชียงแสน","เชียงราย","ภาคเหนือ","2","0"
"913","เชียงราย ชาเล้นจ์","เชียงราย","ภาคเหนือ","2","0"
"914","ศูนย์ส่งเสริมหัตถกรรมเครื่องเงินชาวเขา","กำแพงเพชร","ภาคเหนือ","2","0"
"915","วัดไตรตรึงษาราม","กำแพงเพชร","ภาคเหนือ","2","0"
"916","บ้านโละโค๊ะ","กำแพงเพชร","ภาคเหนือ","2","0"
"917","แหล่งเรียนรู้การทำพระเครื่องนครชุม","กำแพงเพชร","ภาคเหนือ","2","0"
"918","แก่งเกาะใหญ่","กำแพงเพชร","ภาคเหนือ","2","0"
"919","ศูนย์การเรียนรู้วิทยาศาสตร์ เกาะเสือ","กำแพงเพชร","ภาคเหนือ","2","0"
"920","หาดท้องยาง","สุราษฎร์ธานี","ภาคใต้","2","0"
"921","หน้าเมือง จังเกิ้ล ทริป (เกาะสมุย)","สุราษฎร์ธานี","ภาคใต้","2","0"
"922","ศาลเจ้ากวนอูเกาะสมุย","สุราษฎร์ธานี","ภาคใต้","2","0"
"923","ทะเลใน","สุราษฎร์ธานี","ภาคใต้","2","0"
"924","เกาะหินดับ","สุราษฎร์ธานี","ภาคใต้","2","0"
"925","กองพันสัตว์ต่าง (ค่ายตากสิน)","เชียงใหม่","ภาคเหนือ","2","0"
"926","ไอแมค เอทีวี ทัวร์","เชียงใหม่","ภาคเหนือ","2","0"
"927","โฮมสเตย์บ้านผานกกก","เชียงใหม่","ภาคเหนือ","2","0"
"928","โฮมสเตย์บ้านปางแดงใน","เชียงใหม่","ภาคเหนือ","2","0"
"929","โฮมสเตย์บ้านปกาเกอะญอ (เชียงใหม่)","เชียงใหม่","ภาคเหนือ","2","0"
"930","โฮมสเตย์บ้านโปง","เชียงใหม่","ภาคเหนือ","2","0"
"931","โบราณสถานบ้านต้นกอก","เชียงใหม่","ภาคเหนือ","2","0"
"932","โครงการอนุรักษ์พันธุ์กล้วยไม้รองเท้านารีเชียงใหม่","เชียงใหม่","ภาคเหนือ","2","0"
"933","โครงการทิงค์พาร์ค","เชียงใหม่","ภาคเหนือ","2","0"
"934","เวียงปันนา","เชียงใหม่","ภาคเหนือ","2","0"
"935","เขตรักษาพันธุ์สัตว์ป่าอมก๋อย","เชียงใหม่","ภาคเหนือ","2","0"
"936","ฮอม @เจียงฮาย","เชียงราย","ภาคเหนือ","2","0"
"937","อุทยานแห่งชาติลำน้ำกก","เชียงราย","ภาคเหนือ","2","0"
"938","อาข่า ฮิลล์เฮ้าส์ โฮมสเตย์","เชียงราย","ภาคเหนือ","2","0"
"939","อริสา นวดแผนไทย เชียงราย","เชียงราย","ภาคเหนือ","2","0"
"940","หอศิลป์ไตยวน","เชียงราย","ภาคเหนือ","2","0"
"941","หอนาฬิกาเฉลิมพระเกียรติ","เชียงราย","ภาคเหนือ","2","0"
"942","ห้องภาพ 3 มิติ","เชียงราย","ภาคเหนือ","2","0"
"943","หอแห่งแรงบันดาลใจ","เชียงราย","ภาคเหนือ","2","0"
"944","หมู่บ้านป่าชางวิวัฒน์","เชียงราย","ภาคเหนือ","2","0"
"945","สันโค้งถนนคนม่วน","เชียงราย","ภาคเหนือ","2","0"
"946","สะพานมิตรภาพไทย - ลาว 4(เชียงของ - ท้ายทราย)","เชียงราย","ภาคเหนือ","2","0"
"947","สวนตุงและโคมเฉลิมพระเกียรติ 75 พรรษา","เชียงราย","ภาคเหนือ","2","0"
"948","สนามกอล์ฟสันติบุรี","เชียงราย","ภาคเหนือ","2","0"
"949","สวนมอสฮ่อมดอย","เชียงใหม่","ภาคเหนือ","2","0"
"950","สวนภูชิตสตรอเบอร์รี่","เชียงใหม่","ภาคเหนือ","2","0"
"951","พันพรรณ ศูนย์การเรียนรู้เพื่อการพึ่งตนเองและศูนย์เมล็ดพันธ์","เชียงใหม่","ภาคเหนือ","2","0"
"952","สวนอีเดน","เชียงใหม่","ภาคเหนือ","2","0"
"953","สมอลล์ ฟาร์ม เชียงใหม่","เชียงใหม่","ภาคเหนือ","2","0"
"954","สถานีวิจัยโครงการหลวงแม่หลอด","เชียงใหม่","ภาคเหนือ","2","0"
"955","สถานีพัฒนาเกษตรที่สูง ตามพระราชดำริ ดอยม่อนล้าน","เชียงใหม่","ภาคเหนือ","2","0"
"956","สถานแสดงพันธุ์สัตว์น้ำภาคเหนือ","เชียงใหม่","ภาคเหนือ","2","0"
"957","ศูนย์ส่งเสริมเทคโนโลยีการเกษตรด้านแมลงเศรษฐกิจจังหวัดเชียงใหม่","เชียงใหม่","ภาคเหนือ","2","0"
"958","ศูนย์พัฒนาโครงการหลวงหมอกจ๋าม","เชียงใหม่","ภาคเหนือ","2","0"
"959","ศูนย์พัฒนาโครงการหลวงหนองเขียว","เชียงใหม่","ภาคเหนือ","2","0"
"960","ศูนย์พัฒนาโครงการหลวงทุ่งเรา","เชียงใหม่","ภาคเหนือ","2","0"
"961","ศูนย์พัฒนาโครงการหลวงตีนตก","เชียงใหม่","ภาคเหนือ","2","0"
"962","ศูนย์พัฒนาโครงการหลวงแม่โถ","เชียงใหม่","ภาคเหนือ","2","0"
"963","ศูนย์พัฒนาโครงการหลวงแม่แฮ","เชียงใหม่","ภาคเหนือ","2","0"
"964","ศูนย์พัฒนาและวิจัยการเกษตรเชียงใหม่ (ฝาง)","เชียงใหม่","ภาคเหนือ","2","0"
"965","ศูนย์ฝึกลิง","เชียงใหม่","ภาคเหนือ","2","0"
"966","ศูนย์ฝึกช้างเชียงดาว","เชียงใหม่","ภาคเหนือ","2","0"
"967","วิชิต สตูดิโอ","เชียงใหม่","ภาคเหนือ","2","0"
"968","วัดหัวข่วง","เชียงใหม่","ภาคเหนือ","2","0"
"969","วัดสันป่าสักวรอุไรธรรมมาราม","เชียงใหม่","ภาคเหนือ","2","0"
"970","วัดสันคอกช้าง","เชียงใหม่","ภาคเหนือ","2","0"
"971","วัดศรีมงคล","เชียงใหม่","ภาคเหนือ","2","0"
"972","วัดศรีดอนมูล","เชียงใหม่","ภาคเหนือ","2","0"
"973","วัดศรีโสดา","เชียงใหม่","ภาคเหนือ","2","0"
"974","วัดศรีเกิด","เชียงใหม่","ภาคเหนือ","2","0"
"975","วัดพระบาทอุดม","เชียงใหม่","ภาคเหนือ","2","0"
"976","วัดพระธาตุดอยเวียงชัยมงคล","เชียงใหม่","ภาคเหนือ","2","0"
"977","วัดพระธาตุเฉลิมพระเกียรติ","เชียงใหม่","ภาคเหนือ","2","0"
"978","วัดพระธาติจอมกิตติ","เชียงใหม่","ภาคเหนือ","2","0"
"979","วัดป่าห้วยปางเม็งเฉลิมพระเกียรติ","เชียงใหม่","ภาคเหนือ","2","0"
"980","วัดป่างิ้ว","เชียงใหม่","ภาคเหนือ","2","0"
"981","วัดปันเสา","เชียงใหม่","ภาคเหนือ","2","0"
"982","วัดบ้านเด่นสะหลีศรีเมืองแกน","เชียงใหม่","ภาคเหนือ","2","0"
"983","วัดนันทาราม","เชียงใหม่","ภาคเหนือ","2","0"
"984","วัดธาราทิพย์ชัยประดิษฐ์","เชียงใหม่","ภาคเหนือ","2","0"
"985","วัดท่าจำปี","เชียงใหม่","ภาคเหนือ","2","0"
"986","วัดชัยพระเกียรติ","เชียงใหม่","ภาคเหนือ","2","0"
"987","วัดจองแป้น","เชียงใหม่","ภาคเหนือ","2","0"
"988","วัดแม่ตะไคร้","เชียงใหม่","ภาคเหนือ","2","0"
"989","วัดเจดีย์งาม","เชียงใหม่","ภาคเหนือ","2","0"
"990","ร้อยทวารบาล บ้านเทวาลัย","เชียงใหม่","ภาคเหนือ","2","0"
"991","ม่อนล่อง","เชียงใหม่","ภาคเหนือ","2","0"
"992","ภูแสนดาว","เชียงใหม่","ภาคเหนือ","2","0"
"993","พิพิธภัณฑ์บ้านย่ามย้อมฮ่อม","เชียงใหม่","ภาคเหนือ","2","0"
"994","พิพิธภัณฑ์ตราไปรษณียากร เชียงใหม่","เชียงใหม่","ภาคเหนือ","2","0"
"995","พิพิธภัณฑ์เรือนโบราณล้านนา","เชียงใหม่","ภาคเหนือ","2","0"
"996","พระพุทธรูปในโพรงต้นไทร","เชียงใหม่","ภาคเหนือ","2","0"
"997","ผาอกม้า","เชียงใหม่","ภาคเหนือ","2","0"
"998","บ้านหัวทุ่ง","เชียงใหม่","ภาคเหนือ","2","0"
"999","บ้านใหม่สามัคคี","เชียงใหม่","ภาคเหนือ","2","0"
"1000","บ่อน้ำร้อนโป่งอ่าง","เชียงใหม่","ภาคเหนือ","2","0"
"1001","บ่อน้ำพุร้อนดอยสะเก็ด","เชียงใหม่","ภาคเหนือ","2","0"
"1002","น้ำออกฮู","เชียงใหม่","ภาคเหนือ","2","0"
"1003","น้ำตกศรีสังวาลย์","เชียงใหม่","ภาคเหนือ","2","0"
"1004","น้ำตกมณฑาธาร","เชียงใหม่","ภาคเหนือ","2","0"
"1005","น้ำตกโป่งน้ำดัง","เชียงใหม่","ภาคเหนือ","2","0"
"1006","น้ำตกแม่กำปอง","เชียงใหม่","ภาคเหนือ","2","0"
"1007","ธุดงคสถานล้านนาเชียงใหม่","เชียงใหม่","ภาคเหนือ","2","0"
"1008","ทุ่งข้าวสาลี ศูนย์วิจัยข้าวสะเมิง","เชียงใหม่","ภาคเหนือ","2","0"
"1009","ถ้ำตอง","เชียงใหม่","ภาคเหนือ","2","0"
"1010","ชุมชนบ้านผาหมอน","เชียงใหม่","ภาคเหนือ","2","0"
"1011","กุหลาบขาวหิมาลัย","เชียงใหม่","ภาคเหนือ","2","0"
"1012","สนามกอล์ฟแฮปปี้ซิตี้","เชียงราย","ภาคเหนือ","2","0"
"1013","สถานีพัฒนาเกษตรที่สูงตามพระราชดำริบ้านปางขอน","เชียงราย","ภาคเหนือ","2","0"
"1014","สถานีพัฒนาเกษตรที่สูงตามพระราชดำริดอยบ่อ","เชียงราย","ภาคเหนือ","2","0"
"1015","ศูนย์สิ่งทอล้านนา","เชียงราย","ภาคเหนือ","2","0"
"1016","ศูนย์วัฒนธรรมบ้านจะคือ","เชียงราย","ภาคเหนือ","2","0"
"1017","ศูนย์ภาษาและวัฒนธรรมจีนสิรินธร","เชียงราย","ภาคเหนือ","2","0"
"1018","ศูนย์พัฒนาโครงการหลวงห้วยน้ำริน","เชียงราย","ภาคเหนือ","2","0"
"1019","ศูนย์พัฒนาโครงการหลวงห้วยน้ำขุ่น","เชียงราย","ภาคเหนือ","2","0"
"1020","ศูนย์พัฒนาโครงการหลวงสะโง๊ะ","เชียงราย","ภาคเหนือ","2","0"
"1021","ศูนย์พัฒนาโครงการหลวงผาตั้ง","เชียงราย","ภาคเหนือ","2","0"
"1022","ศูนย์พัฒนาและสงเคราะห์ชาวเขา จังหวัดเชียงราย","เชียงราย","ภาคเหนือ","2","0"
"1023","วัดอรัญวิเวกคีรี","เชียงราย","ภาคเหนือ","2","0"
"1024","วัดหัวเวียง","เชียงราย","ภาคเหนือ","2","0"
"1025","วัดห้วยปลากั้ง","เชียงราย","ภาคเหนือ","2","0"
"1026","วัดหมื่นพุทธเมตตาคุณาราม","เชียงราย","ภาคเหนือ","2","0"
"1027","วัดพระธาตุดอยเขาควาย","เชียงราย","ภาคเหนือ","2","0"
"1028","วัดพระธาตุจอมหมอกแก้ว","เชียงราย","ภาคเหนือ","2","0"
"1029","วัดพระธาตุจอมสัก","เชียงราย","ภาคเหนือ","2","0"
"1030","วัดพระธาตุจอมจ้อ","เชียงราย","ภาคเหนือ","2","0"
"1031","วัดป่าดอยพระบาท","เชียงราย","ภาคเหนือ","2","0"
"1032","วัดทรายขาว","เชียงราย","ภาคเหนือ","2","0"
"1033","วัดแสงแก้วโพธิญาญ","เชียงราย","ภาคเหนือ","2","0"
"1034","วัดเชตุพน","เชียงราย","ภาคเหนือ","2","0"
"1035","วัดเชตวัน","เชียงราย","ภาคเหนือ","2","0"
"1036","วอเตอร์ฟอร์ด แวลเลย์ เชียงราย กอล์ฟ คอร์ส","เชียงราย","ภาคเหนือ","2","0"
"1037","วนอุทยานสันผาภูเขาไพร","เชียงราย","ภาคเหนือ","2","0"
"1038","วนอุทยานดอยกาดผี","เชียงราย","ภาคเหนือ","2","0"
"1039","ลาหู่ไทรเบิลโฮมสเตย์","เชียงราย","ภาคเหนือ","2","0"
"1040","ภูหลงถัง","เชียงราย","ภาคเหนือ","2","0"
"1041","ภูผาสวรรค์","เชียงราย","ภาคเหนือ","2","0"
"1042","ภูชมดาว","เชียงราย","ภาคเหนือ","2","0"
"1043","พิพิธภัณฑ์ดินปั้นบ้านจะเล","เชียงราย","ภาคเหนือ","2","0"
"1044","พิพิธภัณฑ์ทหาร บ้านจอมพล ป. พิบูลสงคราม","เชียงราย","ภาคเหนือ","2","0"
"1045","โรงเล่นเรียนรู้","เชียงราย","ภาคเหนือ","2","0"
"1046","พระธาตุปูล้าน","เชียงราย","ภาคเหนือ","2","0"
"1047","บ้านหาดไคร้","เชียงราย","ภาคเหนือ","2","0"
"1048","บ้านชลสุวรรณ","เชียงราย","ภาคเหนือ","2","0"
"1049","บ้านกิ่วสะไต","เชียงราย","ภาคเหนือ","2","0"
"1050","บ้านแสนใจพัฒนา","เชียงราย","ภาคเหนือ","2","0"
"1051","บ่อน้ำพุร้อนทุ่งเทวี","เชียงราย","ภาคเหนือ","2","0"
"1052","น้ำพุร้อนธรรมชาติทวีสิน","เชียงราย","ภาคเหนือ","2","0"
"1053","น้ำพุร้อนโป่งปู่เฟือง","เชียงราย","ภาคเหนือ","2","0"
"1054","น้ำพุร้อนแม่ขะจาน","เชียงราย","ภาคเหนือ","2","0"
"1055","น้ำตกตาดหลวง","เชียงราย","ภาคเหนือ","2","0"
"1056","วัดถ้ำผาคอก (วัดถ้ำพระผางาม)","เชียงราย","ภาคเหนือ","2","0"
"1057","ถ้ำผาตอง","เชียงราย","ภาคเหนือ","2","0"
"1058","ถ้ำเสาหินพญานาค","เชียงราย","ภาคเหนือ","2","0"
"1059","ตลาดดอยเวา","เชียงราย","ภาคเหนือ","2","0"
"1060","ดอยช้าง","เชียงราย","ภาคเหนือ","2","0"
"1061","ชุมชนบ้านจะบูสี","เชียงราย","ภาคเหนือ","2","0"
"1062","ชุมชนบ้านโป่งน้ำร้อน","เชียงราย","ภาคเหนือ","2","0"
"1063","ชีวิตธรรมดา เดย์สปา","เชียงราย","ภาคเหนือ","2","0"
"1064","จุดชมวิวดอยบ่อ ทะเลหมอกยะฟู","เชียงราย","ภาคเหนือ","2","0"
"1065","คุณธรรมสถานพระจี้กง หน่ำพิ้งจี้ยิ้งเกาะ","เชียงราย","ภาคเหนือ","2","0"
"1066","ขัวศิลปะ เชียงราย","เชียงราย","ภาคเหนือ","2","0"
"1067","กลุ่มสตรีทอผ้าศรีดอนชัย","เชียงราย","ภาคเหนือ","2","0"
"1068","น้ำตกโตนกลอย","ระนอง","ภาคใต้","2","0"
"1069","จุดชมวิวทะเลหมอกหาดส้มแป้น","ระนอง","ภาคใต้","2","0"
"1070","ค่ายเจ้าเมืองระนอง","ระนอง","ภาคใต้","2","0"
"1071","เกาะกำนุ้ย","ระนอง","ภาคใต้","2","0"
"1072","เกาะกำใหญ่","ระนอง","ภาคใต้","2","0"
"1073","หอดูดวงจันทร์","ยะลา","ภาคใต้","2","0"
"1074","หมู่บ้านจุฬาภรณ์พัฒนา 10","ยะลา","ภาคใต้","2","0"
"1075","พิพิธภัณฑ์ช้างดึกดำบรรพ์อุทยานธรณีสตูล","สตูล","ภาคใต้","2","0"
"1076","อุทยานธรรมเจดีย์วัดป่าขวาง","สงขลา","ภาคใต้","2","0"
"1077","อุทยานแห่งชาติสันกาลาคีรี","สงขลา","ภาคใต้","2","0"
"1078","หาดใหญ่ไอซ์โดม","สงขลา","ภาคใต้","2","0"
"1079","หาดใหญ่เคเบิลคาร์","สงขลา","ภาคใต้","2","0"
"1080","หน่วยพิทักษ์สัตว์ป่าแหลมควายราบ","สงขลา","ภาคใต้","2","0"
"1081","สวนสองทะเล","สงขลา","ภาคใต้","2","0"
"1082","สวนพฤกษศาสตร์วรรณคดีภาคใต้","สงขลา","ภาคใต้","2","0"
"1083","สวนประวัติศาสตร พลเอกเปรม ติณสูลานนท์","สงขลา","ภาคใต้","2","0"
"1084","สวนเฉลิมพระเกียรติ 72 พรรษามหาราชินี","สงขลา","ภาคใต้","2","0"
"1085","สมิหลาชีพฟาร์ม","สงขลา","ภาคใต้","2","0"
"1086","ศูนย์ปฏิบัติธรรมคณะสงฆ์จังหวัดสงขลา","สงขลา","ภาคใต้","2","0"
"1087","ศูนย์การเรียนรู้วิทยาศาสตร์ดาราศาสตร์นครหาดใหญ่","สงขลา","ภาคใต้","2","0"
"1088","วัดสีหยัง","สงขลา","ภาคใต้","2","0"
"1089","วัดสันติวรคุณ","สงขลา","ภาคใต้","2","0"
"1090","วัดพระเจดีย์งาม","สงขลา","ภาคใต้","2","0"
"1091","วัดป่ากอสุวรรณาราม","สงขลา","ภาคใต้","2","0"
"1092","วัดปักคล้า","สงขลา","ภาคใต้","2","0"
"1093","วัดบางหยี","สงขลา","ภาคใต้","2","0"
"1094","วัดท่าคุระ","สงขลา","ภาคใต้","2","0"
"1095","วัดดีหลวง","สงขลา","ภาคใต้","2","0"
"1096","วัดชัยมงคล","สงขลา","ภาคใต้","2","0"
"1097","วัดคงคาวดี","สงขลา","ภาคใต้","2","0"
"1098","วัดคงคาเลียบ","สงขลา","ภาคใต้","2","0"
"1099","วัดเขาเก้าแสน","สงขลา","ภาคใต้","2","0"
"1100","มหาเจดีย์ไตรภพไตรมงคล","สงขลา","ภาคใต้","2","0"
"1101","เกาะสามเส้า","สุราษฎร์ธานี","ภาคใต้","2","0"
"1102","เกาะวัวตาหลับ","สุราษฎร์ธานี","ภาคใต้","2","0"
"1103","เกาะวัวกันตัง","สุราษฎร์ธานี","ภาคใต้","2","0"
"1104","อุทยานธรรมเขานาในหลวง","สุราษฎร์ธานี","ภาคใต้","2","0"
"1105","สวนสละอาทิตย์","สุราษฎร์ธานี","ภาคใต้","2","0"
"1106","วัดพัฒนาราม","สุราษฎร์ธานี","ภาคใต้","2","0"
"1107","วัดเขาพระอานนท์","สุราษฎร์ธานี","ภาคใต้","2","0"
"1108","พิพิธภัณฑ์ปลาหิน","สุราษฎร์ธานี","ภาคใต้","2","0"
"1109","บ่อน้ำร้อนรัตนโกศัย","สุราษฎร์ธานี","ภาคใต้","2","0"
"1110","ตลาดศาลเจ้าสุราษฎร์ธานี","สุราษฎร์ธานี","ภาคใต้","2","0"
"1111","ชุมชนลีเล็ดนำเที่ยวเพื่อการอนุรักษ์","สุราษฎร์ธานี","ภาคใต้","2","0"
"1112","สวนสาธารณะแหลมโพธิ์","สุราษฎร์ธานี","ภาคใต้","2","0"
"1113","เขตห้ามล่าสัตว์ป่าหนองปลักพระยาและเขาระยาบังสา","สตูล","ภาคใต้","2","0"
"1114","สำนักปฎิบัติธรรมถ้ำพุทธคีรี","สตูล","ภาคใต้","2","0"
"1115","ชุมชนท่องเที่ยวสุไหงตำมะลัง","สตูล","ภาคใต้","2","0"
"1116","พิพิธภัณฑ์ช้างดึกดำบรรพ์ทุ่งหว้า","สตูล","ภาคใต้","2","0"
"1117","บ้านพิพิธภัณฑ์รากไม้","สตูล","ภาคใต้","2","0"
"1118","ชุมชนท่องเที่ยวบ้านทุ่งสะโบ๊ะ","สตูล","ภาคใต้","2","0"
"1119","น้ำตกสายใจ","สตูล","ภาคใต้","2","0"
"1120","น้ำตกดาวกระจาย","สตูล","ภาคใต้","2","0"
"1121","ทะเลแหวกสันหลังมังกร","สตูล","ภาคใต้","2","0"
"1122","ถ้ำโตนดิน","สตูล","ภาคใต้","2","0"
"1123","ถ้ำเลสเตโกดอน","สตูล","ภาคใต้","2","0"
"1124","ตลาดการค้าชายแดนบ้านวังประจัน","สตูล","ภาคใต้","2","0"
"1125","พิพิธภัณฑสถานธรรมชาติวิทยา 50 พรรษาสยามบรมราชกุมารี","สงขลา","ภาคใต้","2","0"
"1126","พิพิธภัณฑ์ภาพวาด 3 มิติ","สงขลา","ภาคใต้","2","0"
"1127","พิพิธภัณฑ์เมืองหาดใหญ่","สงขลา","ภาคใต้","2","0"
"1128","พระพุทธมงคลมหาราช","สงขลา","ภาคใต้","2","0"
"1129","ผาชมดาว","สงขลา","ภาคใต้","2","0"
"1130","บ่อน้ำร้อนเขาแดง","สงขลา","ภาคใต้","2","0"
"1131","น้ำตกโตนลาด","สงขลา","ภาคใต้","2","0"
"1132","น้ำตกโตนปลิว","สงขลา","ภาคใต้","2","0"
"1133","น้ำตกโตนดาดฟ้า","สงขลา","ภาคใต้","2","0"
"1134","ทุ่งทานตะวันสงขลา","สงขลา","ภาคใต้","2","0"
"1135","ทุ่งดอกปอเทืองบ้านรำแดง","สงขลา","ภาคใต้","2","0"
"1136","ท่องเที่ยวเชิงนิเวศน์ตำบลบ้านขาว","สงขลา","ภาคใต้","2","0"
"1137","ถ้ำศรีเกษร","สงขลา","ภาคใต้","2","0"
"1138","ถนนนางงาม","สงขลา","ภาคใต้","2","0"
"1139","ตลาดริมน้ำคลองแดน","สงขลา","ภาคใต้","2","0"
"1140","ตลาดนัดชุมชนบ่อยาง","สงขลา","ภาคใต้","2","0"
"1141","ตลาดนัดไอเดีย","สงขลา","ภาคใต้","2","0"
"1142","ตลาดโก้งโค้ง","สงขลา","ภาคใต้","2","0"
"1143","ด่านศุลกากรสะเดา","สงขลา","ภาคใต้","2","0"
"1144","คลองนาทับ","สงขลา","ภาคใต้","2","0"
"1145","กลุ่มอาชีพผลิตภัณฑ์กะลามะพร้าว","สงขลา","ภาคใต้","2","0"
"1146","กรีนเวย์","สงขลา","ภาคใต้","2","0"
"1147","โบราณสถานถ้ำครก","สงขลา","ภาคใต้","2","0"
"1148","อุทยานวังมัจฉา","ระนอง","ภาคใต้","2","0"
"1149","อาคารพิพิธภัณฑ์เชิงประวัติศาสตร์สงครามโลกครั้งที่ 2","ระนอง","ภาคใต้","2","0"
"1150","อาคารประภาคารเฉลิมพระเกียรติ 80 พรรษา","ระนอง","ภาคใต้","2","0"
"1151","สวนรุกขชาติป่าชายเลนคลองละอุ่น","ระนอง","ภาคใต้","2","0"
"1152","ศาลหลักเมืองระนอง","ระนอง","ภาคใต้","2","0"
"1153","วัดอุปนันทาราม","ระนอง","ภาคใต้","2","0"
"1154","ระนองแคนยอน","ระนอง","ภาคใต้","2","0"
"1155","ฟาร์มปูนิ่ม","ระนอง","ภาคใต้","2","0"
"1156","สวนสาธารณะบ้านร่ม","ยะลา","ภาคใต้","2","0"
"1157","สวนศรีเมือง","ยะลา","ภาคใต้","2","0"
"1158","สวนวันเนอร์","ยะลา","ภาคใต้","2","0"
"1159","สวนมิ่งเมือง","ยะลา","ภาคใต้","2","0"
"1160","วัดโพธิสัตโตเจ้าแม่กวนอิมเบตง","ยะลา","ภาคใต้","2","0"
"1161","มัสยิดกลางอำเภอเบตง","ยะลา","ภาคใต้","2","0"
"1162","พิพิธภัณฑ์เมืองเบตง","ยะลา","ภาคใต้","2","0"
"1163","จุดชมวิวทะเลหมอกอัยเยอร์เวง","ยะลา","ภาคใต้","2","0"
"1164","สำนักศิลปและวัฒนธรรมภูเก็ต","ภูเก็ต","ภาคใต้","2","0"
"1165","หลาดปล่อยของ","ภูเก็ต","ภาคใต้","2","0"
"1166","สวนเฉลิมพระเกียรติ 72 พรรษา มหาราชินี","ภูเก็ต","ภาคใต้","2","0"
"1167","สวนสาธารณะเฉลิมพระเกียรติ (สวนหลวง ร.9)","ภูเก็ต","ภาคใต้","2","0"
"1168","สยามนิรมิตภูเก็ต","ภูเก็ต","ภาคใต้","2","0"
"1169","สนามมวย บางลา ป่าตอง ภูเก็ต","ภูเก็ต","ภาคใต้","2","0"
"1170","ศาลเจ้าฮกหงวนก้ง","ภูเก็ต","ภาคใต้","2","0"
"1171","ศาลเจ้าหลิมฮู้ไท้ซู่","ภูเก็ต","ภาคใต้","2","0"
"1172","ศาลเจ้าซำเซ้จูฮูด","ภูเก็ต","ภาคใต้","2","0"
"1173","ศาลเจ้าเจ่งอ๋อง","ภูเก็ต","ภาคใต้","2","0"
"1174","วัดศรีสุนทร","ภูเก็ต","ภาคใต้","2","0"
"1175","ภูเก็ต สแปลช จังเกิล","ภูเก็ต","ภาคใต้","2","0"
"1176","ภูเก็ต ไซม่อน คาบาเร่ท์","ภูเก็ต","ภาคใต้","2","0"
"1177","บ้านตีลังกา","ภูเก็ต","ภาคใต้","2","0"
"1178","ป่าประเปลี่ยนสี","นครศรีธรรมราช","ภาคใต้","2","0"
"1179","ตลาดริมน้ำเมืองลิกอร์","นครศรีธรรมราช","ภาคใต้","2","0"
"1180","ตลาดร้อยปีปากพนัง","นครศรีธรรมราช","ภาคใต้","2","0"
"1181","ชมรมการท่องเที่ยวโดยชุมชนพรหมโลก","นครศรีธรรมราช","ภาคใต้","2","0"
"1182","จุดชมวิวทะเลหมอกเขาเหลี้ยม","นครศรีธรรมราช","ภาคใต้","2","0"
"1183","จุดชมวิวเขาเหล็ก หรือทะเลหมอกกรุงชิง","นครศรีธรรมราช","ภาคใต้","2","0"
"1184","โบราณสถานตุมปัง","นครศรีธรรมราช","ภาคใต้","2","0"
"1185","แหลมประทับ","นครศรีธรรมราช","ภาคใต้","2","0"
"1186","เขาชุมทอง","นครศรีธรรมราช","ภาคใต้","2","0"
"1187","วัดสำเภาเชย","ปัตตานี","ภาคใต้","2","0"
"1188","วังยะหริ่ง","ปัตตานี","ภาคใต้","2","0"
"1189","วังพิพิธภักดี","ปัตตานี","ภาคใต้","2","0"
"1190","มัสยิดรายาสายบุรี","ปัตตานี","ภาคใต้","2","0"
"1191","มัสยิดนัจมุดดีน","ปัตตานี","ภาคใต้","2","0"
"1192","บ่อน้ำลัยลาตุลกอดัร","ปัตตานี","ภาคใต้","2","0"
"1193","ชุมชนท่องเที่ยวยะหริ่ง","ปัตตานี","ภาคใต้","2","0"
"1194","ชุมชนท่องเที่ยวยะรัง","ปัตตานี","ภาคใต้","2","0"
"1195","ชุมชนท่องเที่ยวบาราโหม","ปัตตานี","ภาคใต้","2","0"
"1196","ชุมชนท่องเที่ยวบางปู","ปัตตานี","ภาคใต้","2","0"
"1197","ชุมชนท่องเที่ยวตุยง","ปัตตานี","ภาคใต้","2","0"
"1198","ชุมชนท่องเที่ยวตันหยงลุโละ","ปัตตานี","ภาคใต้","2","0"
"1199","ชุมชนท่องเที่ยวจะบังติกอ","ปัตตานี","ภาคใต้","2","0"
"1200","ทาร์ซาน แอดเวนเจอร์ ภูเก็ต","ภูเก็ต","ภาคใต้","2","0"
"1201","ถนนคนเดิน หลาดใหญ่ ภูเก็ต","ภูเก็ต","ภาคใต้","2","0"
"1202","หาดไข่เต่า","พัทลุง","ภาคใต้","2","0"
"1203","ถนนเฉลิมพระเกียรติ 80 พรรษา 5 ธันวาคม 2550","พัทลุง","ภาคใต้","2","0"
"1204","สวนสะละลุงถัน","พัทลุง","ภาคใต้","2","0"
"1205","ศูนย์วัฒนธรรมบ้านตะโหมด","พัทลุง","ภาคใต้","2","0"
"1206","วัดรัตนาราม","พัทลุง","ภาคใต้","2","0"
"1207","วัดบ้านสวน","พัทลุง","ภาคใต้","2","0"
"1208","วัดท่าแค","พัทลุง","ภาคใต้","2","0"
"1209","วัดดอนศาลา","พัทลุง","ภาคใต้","2","0"
"1210","วนอุทยานเมืองเก่าชัยบุรี","พัทลุง","ภาคใต้","2","0"
"1211","ผลิตภัณฑ์กะลามะพร้าวบ้านควนขนุน","พัทลุง","ภาคใต้","2","0"
"1212","น้ำตกหนานสูง","พัทลุง","ภาคใต้","2","0"
"1213","น้ำตกโตนหินลาด","พัทลุง","ภาคใต้","2","0"
"1214","ถ้ำรื่นเทพนิมิตร","พัทลุง","ภาคใต้","2","0"
"1215","ถ้ำพุทธโคดม","พัทลุง","ภาคใต้","2","0"
"1216","หาดแสนสุขลำปำ","พัทลุง","ภาคใต้","2","0"
"1217","ควนขี้เสียน พื้นที่ชุ่มน้ำโลก","พัทลุง","ภาคใต้","2","0"
"1218","เจดีย์พิพิธภัณฑ์หลวงปู่เปลื้อง","พัทลุง","ภาคใต้","2","0"
"1219","เจดีย์เขาอกทะลุ","พัทลุง","ภาคใต้","2","0"
"1220","เขตห้ามล่าสัตว์ป่าทะเลหลวง","พัทลุง","ภาคใต้","2","0"
"1221","เขตรักษาพันธุ์สัตว์ป่าเขาบรรทัด","พัทลุง","ภาคใต้","2","0"
"1222","หาดอ่าวเคย","พังงา","ภาคใต้","2","0"
"1223","วัดไตรมาคสถิต","พังงา","ภาคใต้","2","0"
"1224","ภูตาจอ","พังงา","ภาคใต้","2","0"
"1225","บ้านบางพัฒน์","พังงา","ภาคใต้","2","0"
"1226","บ่อน้ำพุร้อนรมณีย์","พังงา","ภาคใต้","2","0"
"1227","น้ำตกโตนปริวรรต","พังงา","ภาคใต้","2","0"
"1228","กลุ่มท่องเที่ยวชุมชนบ้านท่าดินแดง","พังงา","ภาคใต้","2","0"
"1229","ถ้ำพญานาคราช","พังงา","ภาคใต้","2","0"
"1230","กลุ่มท่องเที่ยวชุมชนบ้านทุ่งนางดำ","พังงา","ภาคใต้","2","0"
"1231","วิสาหกิจท่องเที่ยวโดยชุมชนบ้านสามช่องเหนือ","พังงา","ภาคใต้","2","0"
"1232","กลุ่มแม่บ้านเกษตรกร บ้านเขาตำหนอน","พังงา","ภาคใต้","2","0"
"1233","แหลมอ่าวขาม","พังงา","ภาคใต้","2","0"
"1234","เมืองโบราณบ้านทุ่งตึก","พังงา","ภาคใต้","2","0"
"1235","เขาตาปู","พังงา","ภาคใต้","2","0"
"1236","เกาะละวะ","พังงา","ภาคใต้","2","0"
"1237","เกาะผ้า","พังงา","ภาคใต้","2","0"
"1238","เกาะทะลุนอก","พังงา","ภาคใต้","2","0"
"1239","หาดมะรวด","ปัตตานี","ภาคใต้","2","0"
"1240","หอนาฬิกาสามวัฒนธรรม","ปัตตานี","ภาคใต้","2","0"
"1241","สุสานพญาอินทิรา","ปัตตานี","ภาคใต้","2","0"
"1242","สุสานโต๊ะปาไซ","ปัตตานี","ภาคใต้","2","0"
"1243","สุสานเจ้าเมืองสายบุรี","ปัตตานี","ภาคใต้","2","0"
"1244","สวนสมเด็จเจ้าฟ้ากัลยาณิวัฒนา กรมหลวงนราธิวาสราชนครินทร์","ปัตตานี","ภาคใต้","2","0"
"1245","ชุมชนท่องเที่ยวแหลมโพธิ์","ปัตตานี","ภาคใต้","2","0"
"1246","ค่ายมวย ศ. เดชปรีชา","ปัตตานี","ภาคใต้","2","0"
"1247","วิสาหกิจชุมชนการท่องเที่ยวโดยชุมชนบ้านจุฬาภรณ์พัฒนา 12","นราธิวาส","ภาคใต้","2","0"
"1248","สวนสิรินธร","นราธิวาส","ภาคใต้","2","0"
"1249","สวนสาธารณะเฉลิมพระเกียรติ 6 รอบพระชนมพรรษา","นราธิวาส","ภาคใต้","2","0"
"1250","ศาลเจ้าโก้วเล้งจี่","นราธิวาส","ภาคใต้","2","0"
"1251","พิพิธภัณฑ์เมืองนราธิวาส","นราธิวาส","ภาคใต้","2","0"
"1252","พลับพลาที่ประทับริมเขื่อนท่าพระยาสาย","นราธิวาส","ภาคใต้","2","0"
"1253","ตำหนักสุคิริน","นราธิวาส","ภาคใต้","2","0"
"1254","ศูนย์วัฒนธรรมเฉลิมราชย้อนรอยประวัติศาสตร์เมืองยี่งอ","นราธิวาส","ภาคใต้","2","0"
"1255","เขามงคลพิพิธ","นราธิวาส","ภาคใต้","2","0"
"1256","อุทยานบ่อน้ำร้อน","นครศรีธรรมราช","ภาคใต้","2","0"
"1257","อุทยานการเรียนรู้เมืองนครศรีธรรมราช (CLP)","นครศรีธรรมราช","ภาคใต้","2","0"
"1258","จุดชมวิวเขาธง (อากาศที่ดีที่สุดในประเทศไทย)","นครศรีธรรมราช","ภาคใต้","2","0"
"1259","ศูนย์ศึกษาธรรมชาติและสัตว์ป่านครศรีธรรมราช","นครศรีธรรมราช","ภาคใต้","2","0"
"1260","ศูนย์วิปัสนาธรรมโปราโณ","นครศรีธรรมราช","ภาคใต้","2","0"
"1261","วัดถลุงทอง","นครศรีธรรมราช","ภาคใต้","2","0"
"1262","วัดแม่เจ้าอยู่หัว","นครศรีธรรมราช","ภาคใต้","2","0"
"1263","ตลาดผลไม้พ่อตาเขาม่วง","ชุมพร","ภาคใต้","2","0"
"1264","ซากเรือรบโบราณ","ชุมพร","ภาคใต้","2","0"
"1265","ชุมชนบ้านทุ่งมหา","ชุมพร","ภาคใต้","2","0"
"1266","จุดชมวิวเขามัทรี","ชุมพร","ภาคใต้","2","0"
"1267","คลองหัววัง-พนังตัก","ชุมพร","ภาคใต้","2","0"
"1268","กลุ่มวิสาหกิจชุมชน ตำบลบางสน","ชุมพร","ภาคใต้","2","0"
"1269","โครงการพัฒนาส่วนพระองค์จังหวัดชุมพร","ชุมพร","ภาคใต้","2","0"
"1270","โครงกระดูกมนุษย์โบราณ","ชุมพร","ภาคใต้","2","0"
"1271","เขาทุ่ง-น้ำตกคลองปิ","ชุมพร","ภาคใต้","2","0"
"1272","เขตรักษาพันธุ์สัตว์ป่าควนแม่ยายหม่อน","ชุมพร","ภาคใต้","2","0"
"1273","เกาะมัตโพน","ชุมพร","ภาคใต้","2","0"
"1274","เกาะแกลบ","ชุมพร","ภาคใต้","2","0"
"1275","เกาะเวียง","ชุมพร","ภาคใต้","2","0"
"1276","อ่าวมาหยา","กระบี่","ภาคใต้","2","0"
"1277","อ่าวปิเละ","กระบี่","ภาคใต้","2","0"
"1278","อ่าวโล๊ะดาลัม","กระบี่","ภาคใต้","2","0"
"1279","อ่าวทุ่งซาง","ชุมพร","ภาคใต้","2","0"
"1280","อ่าวทุ่งทราย","ชุมพร","ภาคใต้","2","0"
"1281","สุสานหอยล้านปี","ชุมพร","ภาคใต้","2","0"
"1282","ศูนย์ท่องเที่ยวเชิงอนุรักษ์ด้านการเกษตร ศูนย์วิจัยพืชสวนชุมพร","ชุมพร","ภาคใต้","2","0"
"1283","วัดหาดสำราญ","ชุมพร","ภาคใต้","2","0"
"1284","พระธาตุมุจลินทร์","ชุมพร","ภาคใต้","2","0"
"1285","น้ำตกโพธิ์สาลี","ชุมพร","ภาคใต้","2","0"
"1286","น้ำตกแก่งโครม","ชุมพร","ภาคใต้","2","0"
"1287","น้ำตกเหวตาจันทร์-น้ำตกเหวพลูหนัง","ชุมพร","ภาคใต้","2","0"
"1288","ทุ่งเอื้องโมกพรุ","ชุมพร","ภาคใต้","2","0"
"1289","อ่าวโล๊ะซามะ","กระบี่","ภาคใต้","2","0"
"1290","หาดพระแอะ","กระบี่","ภาคใต้","2","0"
"1291","หาดคลองจาก","กระบี่","ภาคใต้","2","0"
"1292","สวนเจ้าฟ้า","กระบี่","ภาคใต้","2","0"
"1293","ศูนย์การเรียนรู้วัฒนธรรมอันดามัน","กระบี่","ภาคใต้","2","0"
"1294","ชุมชนท่องเที่ยวอ่าวลึกน้อย","กระบี่","ภาคใต้","2","0"
"1295","วัดมหาธาตุวชิรมงคล (วัดบางโทง)","กระบี่","ภาคใต้","2","0"
"1296","ผาค้อม","กระบี่","ภาคใต้","2","0"
"1297","ป่าทุ่งเตียว","กระบี่","ภาคใต้","2","0"
"1298","น้ำพุร้อนกระบี่(บางผึ้ง)","กระบี่","ภาคใต้","2","0"
"1299","น้ำผุดปรบมือ","กระบี่","ภาคใต้","2","0"
"1300","ทะเลแหวก","กระบี่","ภาคใต้","2","0"
"1301","ถ้ำผีหัวโต(ถ้ำหัวกะโหลก)","กระบี่","ภาคใต้","2","0"
"1302","ถ้ำปราสาทนาฬาคีริง","กระบี่","ภาคใต้","2","0"
"1303","ถ้ำชาวเล","กระบี่","ภาคใต้","2","0"
"1304","ถ้ำเสือน้อย","กระบี่","ภาคใต้","2","0"
"1305","ถ้ำเขาไม้แก้ว","กระบี่","ภาคใต้","2","0"
"1306","ถนนคนเดินหลาดใน","กระบี่","ภาคใต้","2","0"
"1307","ณัฐฐาวารี น้ำพุร้อน รีสอร์ท แอนด์ สปา","กระบี่","ภาคใต้","2","0"
"1308","ชุมชนศรีรายา (ชุมชนเมืองเก่าเกาะลันตา)","กระบี่","ภาคใต้","2","0"
"1309","แหลมตง","กระบี่","ภาคใต้","2","0"
"1310","แหลมไฟไหม้","กระบี่","ภาคใต้","2","0"
"1311","เขาหงอนนาค","กระบี่","ภาคใต้","2","0"
"1312","เกาะศรีบอยา","กระบี่","ภาคใต้","2","0"
"1313","เกาะปิดะในและเกาะปิดะนอก","กระบี่","ภาคใต้","2","0"
"1314","สวนน้ำช้างสีชมพู","สุราษฎร์ธานี","ภาคใต้","2","0"
"1315","ศาลเสด็จเตี่ยกรมหลวงชุมพร เขตอุดมศักดิ์ฯ จ.สุราษฎร์ธานี","สุราษฎร์ธานี","ภาคใต้","2","0"
"1316","วัดโพธาวาส","สุราษฎร์ธานี","ภาคใต้","2","0"
"1317","พระโพธิสัตว์เจ้าแม่กวนอิม","สุราษฎร์ธานี","ภาคใต้","2","0"
"1318","ศาลหลักเมือง","สุราษฎร์ธานี","ภาคใต้","2","0"
"1319","หาดนางกำ","สุราษฎร์ธานี","ภาคใต้","2","0"
"1320","ชุมชนบ้านเกาะแรต","สุราษฎร์ธานี","ภาคใต้","2","0"
"1321","สะพานแขวนภูเขารูปหัวใจเขาพังและสวนทุเรียน 100 ปี","สุราษฎร์ธานี","ภาคใต้","2","0"
"1322","หินพัด (ชุมชนท่องเที่ยวบ้านยวนสาว)","สุราษฎร์ธานี","ภาคใต้","2","0"
"1323","วัดถ้ำสิงขร","สุราษฎร์ธานี","ภาคใต้","2","0"
"1324","กลุ่มการท่องเที่ยวเชิงอนุรักษ์ชุมชนบ้านถ้ำผึ้ง","สุราษฎร์ธานี","ภาคใต้","2","0"
"1325","ไจแอนท์ ซัมมิท สมุย","สุราษฎร์ธานี","ภาคใต้","2","0"
"1326","เดอะ จังเกิ้ล คลับ","สุราษฎร์ธานี","ภาคใต้","2","0"
"1327","จุดชมวิวลาดเกาะ","สุราษฎร์ธานี","ภาคใต้","2","0"
"1328","ศาลเจ้าแม่กอเหนี่ยว ฉื่อเซี่ยงตึ๊ง","ยะลา","ภาคใต้","2","0"
"1329","ศูนย์การเรียนรู้บ้านพระพิมพ์","สุโขทัย","ภาคเหนือ","2","0"
"1330","บ้านปลาบู่ทอง","สุโขทัย","ภาคเหนือ","2","0"
"1331","วัดวาลุการาม","สุโขทัย","ภาคเหนือ","2","0"
"1332","ชุมชนท่องเที่ยวโอท็อปนวัตวิถีกงไกรลาศ","สุโขทัย","ภาคเหนือ","2","0"
"1333","วัดกงไกรลาศ","สุโขทัย","ภาคเหนือ","2","0"
"1334","ร้านแม่ติ๋ม แง้มประตูขาย","สุโขทัย","ภาคเหนือ","2","0"
"1335","วิสาหกิจชุมชนกลุ่มโฮมสเตย์บ้านนาต้นจั่น","สุโขทัย","ภาคเหนือ","2","0"
"1336","โครงการเกษตรอินทรีย์สนามบินสุโขทัย","สุโขทัย","ภาคเหนือ","2","0"
"1337","ทุ่งทะเลหลวง","สุโขทัย","ภาคเหนือ","2","0"
"1338","บ่อน้ำพุร้อนทุ่งนุ้ย","สตูล","ภาคใต้","2","0"
"1339","พิพิธภัณฑ์บ้านดำ","เชียงราย","ภาคเหนือ","2","0"
"1340","กลุ่มสตรีทอผ้าบ้านท่ากระจาย","สุราษฎร์ธานี","ภาคใต้","2","0"
"1341","ฟิชเชอร์แมนวิลเลจ หาดบ่อผุด","สุราษฎร์ธานี","ภาคใต้","2","0"
"1342","ฟาร์มจระเข้โภคธารา","เชียงราย","ภาคเหนือ","2","0"
"1343","เมืองโบราณสถานเวียงท่ากาน","เชียงใหม่","ภาคเหนือ","2","0"
"1344","ฮิโนกิแลนด์","เชียงใหม่","ภาคเหนือ","2","0"
"1345","พิพิธภัณฑ์เซรามิคธนบดี","ลำปาง","ภาคเหนือ","2","0"
"1346","ศูนย์การเรียนรู้ชาติพันธุ์ภาคเหนือ","เชียงใหม่","ภาคเหนือ","2","0"
"1347","บุญสมฟาร์ม สไปรูลิน่า","เชียงใหม่","ภาคเหนือ","2","0"
"1348","บ้านไร่กองขิง ท่องเที่ยวชุมชนเชิงสุขภาพ","เชียงใหม่","ภาคเหนือ","2","0"
"1349","ไร่ชาฉุยฟง","เชียงราย","ภาคเหนือ","2","0"
"1350","เดอะ โคโค่ ลำปาง","ลำปาง","ภาคเหนือ","2","0"
"1351","ฟาร์มแกะฮักยู","ลำปาง","ภาคเหนือ","2","0"
"1352","อาร์ตอินพาราไดซ์ เชียงใหม่","เชียงใหม่","ภาคเหนือ","2","0"
"1353","พิพิธภัณฑ์ท้องถิ่นขุนละหาร","นราธิวาส","ภาคใต้","2","0"
"1354","มายด์ฟูลฟาร์ม","เชียงใหม่","ภาคเหนือ","2","0"
"1355","ศูนย์โอท็อปเชียงใหม่ ณ ข่วงสันกำแพง","เชียงใหม่","ภาคเหนือ","2","0"
"1356","เกาะตะละเบ็ง","กระบี่","ภาคใต้","2","0"
"1357","สวนนกภูเก็ต","ภูเก็ต","ภาคใต้","2","0"
"1358","วัดแก้วโกรวาราม","กระบี่","ภาคใต้","2","0"
"1359","ศาลเจ้าเฉ้งจุ้ยจ้อซูก๋ง","กระบี่","ภาคใต้","2","0"
"1360","กลุ่มท่องเที่ยวเกษตรเชิงอนุรักษ์ตำบลไม้ขาว","ภูเก็ต","ภาคใต้","2","0"
"1361","ท่องเที่ยวเกษตรเชิงอนุรักษ์ตำบลกมลา","ภูเก็ต","ภาคใต้","2","0"
"1362","ท่องเที่ยวเชิงเกษตรและอนุรักษ์ตำบลเชิงทะเล","ภูเก็ต","ภาคใต้","2","0"
"1363","เครือข่ายวิสาหกิจชุมชนตำบลราไวย์","ภูเก็ต","ภาคใต้","2","0"
"1364","ท่องเที่ยวเกษตรเชิงอนุรักษ์ตำบลป่าคลอก","ภูเก็ต","ภาคใต้","2","0"
"1365","เกาะยาว","นราธิวาส","ภาคใต้","2","0"
"1366","หมู่บ้านยะกัง","นราธิวาส","ภาคใต้","2","0"
"1367","ศาลเจ้าแม่กวนอิม","นราธิวาส","ภาคใต้","2","0"
"1368","วิหารองค์พ่อจตุคามรามเทพ","นราธิวาส","ภาคใต้","2","0"
"1369","ศูนย์เรียนรู้ชุมชนบ้านนาบัว","พิษณุโลก","ภาคเหนือ","2","0"
"1370","วัดท่าฬ่อ","พิจิตร","ภาคเหนือ","2","0"
"1371","เชียงใหม่ ซู อควาเรียม","เชียงใหม่","ภาคเหนือ","2","0"
"1372","อุโมงค์ขุนตาล","ลำพูน","ภาคเหนือ","2","0"
"1373","ย่านเก่าวังกรด(ตลาดวังกรด)","พิจิตร","ภาคเหนือ","2","0"
"1374","สถานีเพาะเลี้ยงสัตว์ป่าแม่ลาว","เชียงราย","ภาคเหนือ","2","0"
"1375","สิงห์ปาร์ค เชียงราย","เชียงราย","ภาคเหนือ","2","0"
"1376","ศาลเจ้าพ่อ-เจ้าแม่วังกลม","พิจิตร","ภาคเหนือ","2","0"
"1377","สวนเมจิกการ์เด้น","สุราษฎร์ธานี","ภาคใต้","2","0"
"1378","ฟาร์มจระเข้สมุย","สุราษฎร์ธานี","ภาคใต้","2","0"
"1379","วัดเขาหัวจุก","สุราษฎร์ธานี","ภาคใต้","2","0"
"1380","พาราไดส์ ปาร์ค ฟาร์ม","สุราษฎร์ธานี","ภาคใต้","2","0"
"1381","เกาะยูง","กระบี่","ภาคใต้","2","0"
"1382","อุทยานแห่งชาติถ้ำสะเกิน","น่าน","ภาคเหนือ","2","0"
"1383","ผาพญางู","ปัตตานี","ภาคใต้","2","0"
"1384","เลดี้ ฟาร์ม","พิษณุโลก","ภาคเหนือ","2","0"
"1385","ภูเก็ต อันดามัน แคมป์","ภูเก็ต","ภาคใต้","2","0"
"1386","เนินพิศวง","นราธิวาส","ภาคใต้","2","0"
"1387","เทวสถานพระพิฆเนศ นราธิวาส","นราธิวาส","ภาคใต้","2","0"
"1388","ทุ่งดอกนางพญาเสือโคร่งที่ภูลมโล","พิษณุโลก","ภาคเหนือ","2","0"
"1389","ทุ่งโนนสน","พิษณุโลก","ภาคเหนือ","2","0"
"1390","หอศิลป์ริมน่าน","น่าน","ภาคเหนือ","2","0"
"1391","ด่านชายแดนห้วยโก๋น จุดผ่านแดนถาวรบ้านห้วยโก๋น","น่าน","ภาคเหนือ","2","0"
"1392","ต้นชมพูภูคา","น่าน","ภาคเหนือ","2","0"
"1393","น้ำตกวังเคียงคู่","พังงา","ภาคใต้","2","0"
"1394","จุดชมวิวเขาพลึง","อุตรดิตถ์","ภาคเหนือ","2","0"
"1395","พิพิธภัณฑ์ท้องถิ่นโกมล ผ้าโบราณ","แพร่","ภาคเหนือ","2","0"
"1396","ถนนท่าช้าง","นครศรีธรรมราช","ภาคใต้","2","0"
"1397","น้ำตกสุนันทา","นครศรีธรรมราช","ภาคใต้","2","0"
"1398","เขารามโรม","นครศรีธรรมราช","ภาคใต้","2","0"
"1399","วัดเจดีย์(ไอ้ไข่)","นครศรีธรรมราช","ภาคใต้","2","0"
"1400","คอนโดนกนางแอ่น","นครศรีธรรมราช","ภาคใต้","2","0"
"1401","วัดธาตุน้อย","นครศรีธรรมราช","ภาคใต้","2","0"
"1402","บ้านท่านขุนรัฐวุฒิวิจารณ์","นครศรีธรรมราช","ภาคใต้","2","0"
"1403","สนามกอล์ฟเขาทรายคันทรี่คลับ","พิจิตร","ภาคเหนือ","2","0"
"1404","ถ้ำคลัง","กระบี่","ภาคใต้","2","0"
"1405","ทรี ท็อป อีโค แอดเวนเจอร์ ปาร์ค กระบี่","กระบี่","ภาคใต้","2","0"
"1406","บ้านทุ่งหยีเพ็ง","กระบี่","ภาคใต้","2","0"
"1407","เกาะพีพีเล","กระบี่","ภาคใต้","2","0"
"1408","เกาะพีพีดอน","กระบี่","ภาคใต้","2","0"
"1409","ศูนย์การเรียนรู้เศรษฐกิจพอเพียงบ้านเขากลม","กระบี่","ภาคใต้","2","0"
"1410","ถนนคนเดินกระบี่","กระบี่","ภาคใต้","2","0"
"1411","แหลมโตนด","กระบี่","ภาคใต้","2","0"
"1412","หินม่วง หินแดง","กระบี่","ภาคใต้","2","0"
"1413","เกาะจำ เกาะปู","กระบี่","ภาคใต้","2","0"
"1414","อ่าวไร่เลย์","กระบี่","ภาคใต้","2","0"
"1415","เกาะปอดะ","กระบี่","ภาคใต้","2","0"
"1416","บ้านร่าหมาด - ขุนสมุทร","กระบี่","ภาคใต้","2","0"
"1417","ชุมชนบ้านเกาะกลาง","กระบี่","ภาคใต้","2","0"
"1418","หอศิลป์ร่วมสมัยจังหวัดกระบี่","กระบี่","ภาคใต้","2","0"
"1419","หาดบากันเตียง","กระบี่","ภาคใต้","2","0"
"1420","อ่าวไม้ไผ่","กระบี่","ภาคใต้","2","0"
"1421","หาดคลองโขง","กระบี่","ภาคใต้","2","0"
"1422","หาดคลองนิน","กระบี่","ภาคใต้","2","0"
"1423","หาดคลองดาว","กระบี่","ภาคใต้","2","0"
"1424","หาดคอกวาง","กระบี่","ภาคใต้","2","0"
"1425","หอฝิ่น","เชียงราย","ภาคเหนือ","2","0"
"1426","จังเกิ้ล ไฟล์ท","เชียงใหม่","ภาคเหนือ","2","0"
"1427","ไฟล์ท ออฟ เดอะ กิบบอน","เชียงใหม่","ภาคเหนือ","2","0"
"1428","ปางช้างแตงดาว","เชียงใหม่","ภาคเหนือ","2","0"
"1429","ม่อนแจ่ม","เชียงใหม่","ภาคเหนือ","2","0"
"1430","ปางช้างแม่ตะมาน","เชียงใหม่","ภาคเหนือ","2","0"
"1431","ปางช้างแม่สา","เชียงใหม่","ภาคเหนือ","2","0"
"1432","อุทยานประวัติศาสตร์สุโขทัย","สุโขทัย","ภาคเหนือ","2","0"
"1433","โรงหล่อพระบูรณะไทย","พิษณุโลก","ภาคเหนือ","2","0"
"1434","บ่อน้ำร้อนผาเสริฐ","เชียงราย","ภาคเหนือ","2","0"
"1435","ชาดอยช้าง","เชียงราย","ภาคเหนือ","2","0"
"1436","อุทยานการเรียนรู้","พะเยา","ภาคเหนือ","2","0"
"1437","ศูนย์วิปัสสนาสากลไร่เชิญตะวัน","เชียงราย","ภาคเหนือ","2","0"
"1438","หาดทรายร้อน อ่าวลึก","กระบี่","ภาคใต้","2","0"
"1439","ศูนย์วิจัยและพัฒนาประมงชายฝั่งกระบี่","กระบี่","ภาคใต้","2","0"
"1440","ท่าปอมคลองสองน้ำ","กระบี่","ภาคใต้","2","0"
"1441","หาดเสด็จ","นราธิวาส","ภาคใต้","2","0"
"1442","วัดเก่าเจริญธรรม","พังงา","ภาคใต้","2","0"
"1443","เกาะตาชัย","พังงา","ภาคใต้","2","0"
"1444","สะพานสารสิน","ภูเก็ต","ภาคใต้","2","0"
"1445","วัดราชธรรมาราม (วัดศิลางู)","สุราษฎร์ธานี","ภาคใต้","2","0"
"1446","ศาลเจ้าไหหลำ","สุราษฎร์ธานี","ภาคใต้","2","0"
"1447","วัดสำเร็จ","สุราษฎร์ธานี","ภาคใต้","2","0"
"1448","ฟาร์มงูพังกา","สุราษฎร์ธานี","ภาคใต้","2","0"
"1449","เกาะแตน","สุราษฎร์ธานี","ภาคใต้","2","0"
"1450","น้ำตกลาดวานร","สุราษฎร์ธานี","ภาคใต้","2","0"
"1451","อุทยานแห่งชาติหมู่เกาะอ่างทอง","สุราษฎร์ธานี","ภาคใต้","2","0"
"1452","วัดคุณาราม","สุราษฎร์ธานี","ภาคใต้","2","0"
"1453","พุทธอุทยานเพชบุระ","เพชรบูรณ์","ภาคเหนือ","2","0"
"1454","หาดละไม","สุราษฎร์ธานี","ภาคใต้","2","0"
"1455","หาดเฉวง","สุราษฎร์ธานี","ภาคใต้","2","0"
"1456","วัดพระใหญ่ เกาะฟาน","สุราษฎร์ธานี","ภาคใต้","2","0"
"1457","น้ำตกหินลาด","สุราษฎร์ธานี","ภาคใต้","2","0"
"1458","น้ำตกหน้าเมือง 2","สุราษฎร์ธานี","ภาคใต้","2","0"
"1459","น้ำตกหน้าเมือง 1","สุราษฎร์ธานี","ภาคใต้","2","0"
"1460","หินตาหินยาย","สุราษฎร์ธานี","ภาคใต้","2","0"
"1461","ศููนย์จำหน่ายผลิตภัณฑ์ชุมชนจังหวัดน่าน","น่าน","ภาคเหนือ","2","0"
"1462","วัดน้ำล้อม","น่าน","ภาคเหนือ","2","0"
"1463","น่านรำลึก สตูดิโออาร์ต","น่าน","ภาคเหนือ","2","0"
"1464","บ้านภู่กันศิลป์","น่าน","ภาคเหนือ","2","0"
"1465","ห้องสมุดบ้านๆน่านๆ","น่าน","ภาคเหนือ","2","0"
"1466","หอศิลป์พิงพฤกษ์","น่าน","ภาคเหนือ","2","0"
"1467","เฮือนรถถีบ","น่าน","ภาคเหนือ","2","0"
"1468","พิพิธภัณฑ์เมืองพิษณุโลก","พิษณุโลก","ภาคเหนือ","2","0"
"1469","วัดศรีรัตนาราม","พิษณุโลก","ภาคเหนือ","2","0"
"1470","วัดเสนาสน์","พิษณุโลก","ภาคเหนือ","2","0"
"1471","น้ำตกทีลอซู","ตาก","ภาคเหนือ","2","0"
"1472","สวนพฤกษชาติภูเก็ต","ภูเก็ต","ภาคใต้","2","0"
"1473","แอฟโฟรไดท์ คาบาเร่ทโชว์","ภูเก็ต","ภาคใต้","2","0"
"1474","อุโมงค์เบตงมงคลฤทธิ์","ยะลา","ภาคใต้","2","0"
"1475","ศูนย์กสิกรรมธรรมชาติเพลิน","ชุมพร","ภาคใต้","2","0"
"1476","วัดพระมหาธาตุวรมหาวิหาร","นครศรีธรรมราช","ภาคใต้","2","0"
"1477","หมู่บ้านคีรีวง","นครศรีธรรมราช","ภาคใต้","2","0"
"1478","วัดราชธานี","สุโขทัย","ภาคเหนือ","2","0"
"1479","เขื่อนแควน้อยบำรุงแดน","พิษณุโลก","ภาคเหนือ","2","0"
"1480","วัดพระศรีรัตนมหาธาตุวรมหาวิหาร(วัดใหญ่)","พิษณุโลก","ภาคเหนือ","2","0"
"1481","ถ้ำเมืองออน","เชียงใหม่","ภาคเหนือ","2","0"
"1482","ถ้ำพระเจดีย์","ลำปาง","ภาคเหนือ","2","0"
"1483","ถ้ำน้ำผ่าผางาม","ลำปาง","ภาคเหนือ","2","0"
"1484","น้ำตกแม่วะ","ลำปาง","ภาคเหนือ","2","0"
"1485","ผาข้าง","ลำปาง","ภาคเหนือ","2","0"
"1486","น้ำตกตาดปู่หล้า","ลำปาง","ภาคเหนือ","2","0"
"1487","น้ำตกแม่งาช้าง","ลำปาง","ภาคเหนือ","2","0"
"1488","วัดพระธาตุดอยเกิ้ง","เชียงใหม่","ภาคเหนือ","2","0"
"1489","ผากาน","ลำปาง","ภาคเหนือ","2","0"
"1490","ทะเลสาบดอยเต่า","เชียงใหม่","ภาคเหนือ","2","0"
"1491","น้ำตกแม่แก้","ลำปาง","ภาคเหนือ","2","0"
"1492","สวนป่าแม่แจ่ม","เชียงใหม่","ภาคเหนือ","2","0"
"1493","ภาพเขียนประวัติศาสตร์บ้านห้วยหก","ลำปาง","ภาคเหนือ","2","0"
"1494","วัดกองแขก","เชียงใหม่","ภาคเหนือ","2","0"
"1495","วัดยางหลวง","เชียงใหม่","ภาคเหนือ","2","0"
"1496","น้ำตกแม่แจ้ฟ้า","ลำปาง","ภาคเหนือ","2","0"
"1497","วัดกองกาน","เชียงใหม่","ภาคเหนือ","2","0"
"1498","วัดพุทธเอ้น","เชียงใหม่","ภาคเหนือ","2","0"
"1499","ถ้ำโจร","ลำปาง","ภาคเหนือ","2","0"
"1500","ถ้ำผาไท","ลำปาง","ภาคเหนือ","2","0"
"1501","ยอดดอยอินทนนท์","เชียงใหม่","ภาคเหนือ","2","0"
"1502","ถ้ำผางาม","ลำปาง","ภาคเหนือ","2","0"
"1503","น้ำตกแม่ขุน","ลำปาง","ภาคเหนือ","2","0"
"1504","วัดพระธาตุดอยน้อย","เชียงใหม่","ภาคเหนือ","2","0"
"1505","น้ำตกแม่มอญ","ลำปาง","ภาคเหนือ","2","0"
"1506","วัดอินทราวาส (วัดต้นเกว๋น)","เชียงใหม่","ภาคเหนือ","2","0"
"1507","บ้าน 100 อัน 1,000 อย่าง","เชียงใหม่","ภาคเหนือ","2","0"
"1508","หมู่บ้านเครื่องปั้นดินเผาเหมืองกุง","เชียงใหม่","ภาคเหนือ","2","0"
"1509","บ่อน้ำร้อนแจ้ซ้อน","ลำปาง","ภาคเหนือ","2","0"
"1510","ศูนย์วิจัยเกษตรหลวงเชียงใหม่","เชียงใหม่","ภาคเหนือ","2","0"
"1511","ม่อนอังเกตุ","เชียงใหม่","ภาคเหนือ","2","0"
"1512","โป่งเดือด ป่าแป๋","เชียงใหม่","ภาคเหนือ","2","0"
"1513","วัดโลกโมฬี","เชียงใหม่","ภาคเหนือ","2","0"
"1514","วัดช่างฆ้อง","เชียงใหม่","ภาคเหนือ","2","0"
"1515","วัดบุพพาราม","เชียงใหม่","ภาคเหนือ","2","0"
"1516","อุทยานแห่งชาติแม่วงก์ นครสวรรค์","นครสวรรค์","ภาคเหนือ","2","0"
"1517","ถ้ำลอด","แม่ฮ่องสอน","ภาคเหนือ","2","0"
"1518","ชุมชนจ่าโบ่","แม่ฮ่องสอน","ภาคเหนือ","2","0"
"1519","เขตอนุรักษ์สัตว์ป่าถ้ำเขาพลู","ชุมพร","ภาคใต้","2","0"
"1520","วนอุทยานน้ำตกกะเปาะ","ชุมพร","ภาคใต้","2","0"
"1521","ศูนย์ศึกษาธรรมชาติอุทยานแห่งชาติทางทะเลจังหวัดชุมพร","ชุมพร","ภาคใต้","2","0"
"1522","หน่วยอนุรักษ์และจัดการต้นน้ำพะโต๊ะ","ชุมพร","ภาคใต้","2","0"
"1523","โฮมสเตย์ หมู่บ้านคลองเรือ","ชุมพร","ภาคใต้","2","0"
"1524","อุทยานแห่งชาติหมู่เกาะชุมพร","ชุมพร","ภาคใต้","2","0"
"1525","พิพิธภัณฑสถานแห่งชาติชุมพร","ชุมพร","ภาคใต้","2","0"
"1526","โครงการพัฒนาพื้นที่หนองใหญ่ตามพระราชดำริ จังหวัดชุมพร","ชุมพร","ภาคใต้","2","0"
"1527","เวียงกุมกาม","เชียงใหม่","ภาคเหนือ","2","0"
"1528","ตลาดวโรรส","เชียงใหม่","ภาคเหนือ","2","0"
"1529","น้ำตกวังใต้หนาน","สตูล","ภาคใต้","2","0"
"1530","ถ้ำภูผาเพชร","สตูล","ภาคใต้","2","0"
"1531","น้ำพุร้อนสันกำแพง","เชียงใหม่","ภาคเหนือ","2","0"
"1532","วัดป่าตึง","เชียงใหม่","ภาคเหนือ","2","0"
"1533","ป่าดงปงไหว","เชียงใหม่","ภาคเหนือ","2","0"
"1534","บ้านจ๊างนัก","เชียงใหม่","ภาคเหนือ","2","0"
"1535","วัดดอยแม่ปั๋ง","เชียงใหม่","ภาคเหนือ","2","0"
"1536","หมู่บ้านท่องเที่ยวเชิงอนุรักษ์ แม่กำปอง","เชียงใหม่","ภาคเหนือ","2","0"
"1537","ช้างไถนา","เชียงใหม่","ภาคเหนือ","2","0"
"1538","วัดพระพุทธบาทตะเมาะ","เชียงใหม่","ภาคเหนือ","2","0"
"1539","ศูนย์ศึกษาการพัฒนาห้วยฮ่องไคร้ อันเนื่องมาจากพระราชดำริ","เชียงใหม่","ภาคเหนือ","2","0"
"1540","สถานีทดลองปลูกพรรณไม้บ่อแก้ว","เชียงใหม่","ภาคเหนือ","2","0"
"1541","วัดพระธาตุดอยสะเก็ด","เชียงใหม่","ภาคเหนือ","2","0"
"1542","วัดโมคคัลลาน","เชียงใหม่","ภาคเหนือ","2","0"
"1543","หนองบัวพระเจ้าหลวง","เชียงใหม่","ภาคเหนือ","2","0"
"1544","เขื่อนแม่กวงอุดมธารา","เชียงใหม่","ภาคเหนือ","2","0"
"1545","พระมหาธาตุนภเมทนีดล และพระมหาธาตุนภพลภูมิสิริ","เชียงใหม่","ภาคเหนือ","2","0"
"1546","ชุมชนท่องเที่ยวเชิงนิเวศน์บ้านโปง","เชียงใหม่","ภาคเหนือ","2","0"
"1547","ไร่ช้างขาว","เชียงใหม่","ภาคเหนือ","2","0"
"1548","ถ้ำโบราณ","เชียงใหม่","ภาคเหนือ","2","0"
"1549","วัดฟ้าเวียงอินทร์","เชียงใหม่","ภาคเหนือ","2","0"
"1550","บ้านเปียงหลวง","เชียงใหม่","ภาคเหนือ","2","0"
"1551","พระสถูปเจดีย์สมเด็จพระนเรศวรมหาราชานุสรณ์","เชียงใหม่","ภาคเหนือ","2","0"
"1552","พระบรมธาตุแสนไห","เชียงใหม่","ภาคเหนือ","2","0"
"1553","วัดแม่อายหลวง","เชียงใหม่","ภาคเหนือ","2","0"
"1554","น้ำตกตาดหมอก-ตาดเหมย","เชียงใหม่","ภาคเหนือ","2","0"
"1555","วัดท่าตอน","เชียงใหม่","ภาคเหนือ","2","0"
"1556","พิพิธภัณฑ์โรงงานหลวงที่ 1 (ฝาง)","เชียงใหม่","ภาคเหนือ","2","0"
"1557","ถ้ำห้วยบอน","เชียงใหม่","ภาคเหนือ","2","0"
"1558","ดอยผ้าห่มปก","เชียงใหม่","ภาคเหนือ","2","0"
"1559","บ่อน้ำร้อนฝาง","เชียงใหม่","ภาคเหนือ","2","0"
"1560","บ่อน้ำมันฝาง","เชียงใหม่","ภาคเหนือ","2","0"
"1561","ดอยอ่างขาง","เชียงใหม่","ภาคเหนือ","2","0"
"1562","ประตูหินโบราณ","เชียงใหม่","ภาคเหนือ","2","0"
"1563","บ้านไร่ไผ่งาม","เชียงใหม่","ภาคเหนือ","2","0"
"1564","หมู่บ้านหัตถกรรมเครื่องปั้นดินเผา","เชียงใหม่","ภาคเหนือ","2","0"
"1565","กองบัญชาการกองทัพ 3 คณะชาติ ก๊กมินตั๋ง กองทัพ 93 (ถ้ำง๊อบ)","เชียงใหม่","ภาคเหนือ","2","0"
"1566","วัดพระธาตุศรีจอมทองวรวิหาร","เชียงใหม่","ภาคเหนือ","2","0"
"1567","ป่าพันปี สระมรกต","เชียงใหม่","ภาคเหนือ","2","0"
"1568","กาดเมืองผี","เชียงใหม่","ภาคเหนือ","2","0"
"1569","วัดหนองพันเงิน","เชียงใหม่","ภาคเหนือ","2","0"
"1570","ถ้ำผีแมน","เชียงใหม่","ภาคเหนือ","2","0"
"1571","อ่างเก็บน้ำหนองสะเรียม","เชียงใหม่","ภาคเหนือ","2","0"
"1572","วัดป่าเจริญธรรม","เชียงใหม่","ภาคเหนือ","2","0"
"1573","วัดศรีนวรัฐ","เชียงใหม่","ภาคเหนือ","2","0"
"1574","พิพิธภัณฑ์ตุ๊กตา","เชียงใหม่","ภาคเหนือ","2","0"
"1575","พิพิธภัณฑ์สุภา","เชียงใหม่","ภาคเหนือ","2","0"
"1576","ศูนย์พัฒนาโครงการหลวงวัดจันทร์","เชียงใหม่","ภาคเหนือ","2","0"
"1577","วัดถ้ำตับเต่า","เชียงใหม่","ภาคเหนือ","2","0"
"1578","ปางช้างแม่วาง","เชียงใหม่","ภาคเหนือ","2","0"
"1579","ไร่สตรอเบอรี่วงค์วาน","เชียงใหม่","ภาคเหนือ","2","0"
"1580","สถานีวิจัยเกษตรหลวงปางดะ","เชียงใหม่","ภาคเหนือ","2","0"
"1581","เขตรักษาพันธุ์สัตว์ป่าสะเมิง","เชียงใหม่","ภาคเหนือ","2","0"
"1582","ขุนแม่ยะ","เชียงใหม่","ภาคเหนือ","2","0"
"1583","วัดถ้ำผาปล่อง","เชียงใหม่","ภาคเหนือ","2","0"
"1584","ถ้ำเชียงดาว","เชียงใหม่","ภาคเหนือ","2","0"
"1585","วัดพระพุทธบาทสี่รอย","เชียงใหม่","ภาคเหนือ","2","0"
"1586","ห้วยน้ำรู","เชียงใหม่","ภาคเหนือ","2","0"
"1587","สถานีวิจัยเกษตรที่ราบสูงป่าเกี๊ยะดอยเชียงดาว","เชียงใหม่","ภาคเหนือ","2","0"
"1588","ป่าเกี๊ยะ","เชียงใหม่","ภาคเหนือ","2","0"
"1589","คุ้มเสือแม่ริม","เชียงใหม่","ภาคเหนือ","2","0"
"1590","ดอยหลวงเชียงดาว","เชียงใหม่","ภาคเหนือ","2","0"
"1591","ข่วงพระเจ้าล้านนา","เชียงใหม่","ภาคเหนือ","2","0"
"1592","ศูนย์ศึกษาและสาธิตการเลี้ยงไก่ชน","เชียงใหม่","ภาคเหนือ","2","0"
"1593","พิพิธภัณฑ์ชาวเขา","เชียงใหม่","ภาคเหนือ","2","0"
"1594","พิพิธภัณฑ์และศูนย์การเรียนรู้ด้านปิโตรเลียม กรมการพลังงาน","เชียงใหม่","ภาคเหนือ","2","0"
"1595","หมู่บ้านชาวเขาเผ่าม้ง (แม้ว) ดอยปุย","เชียงใหม่","ภาคเหนือ","2","0"
"1596","พระตำหนักภูพิงคราชนิเวศน์","เชียงใหม่","ภาคเหนือ","2","0"
"1597","วัดพระธาตุดอยสุเทพราชวรวิหาร","เชียงใหม่","ภาคเหนือ","2","0"
"1598","อนุสาวรีย์ครูบาศรีวิชัย","เชียงใหม่","ภาคเหนือ","2","0"
"1599","บ้านแกะสลัก","ลำปาง","ภาคเหนือ","2","0"
"1600","วัดจองคำ","ลำปาง","ภาคเหนือ","2","0"
"1601","สวนสัตว์เชียงใหม่","เชียงใหม่","ภาคเหนือ","2","0"
"1602","สวนป่าทุ่งเกวียน","ลำปาง","ภาคเหนือ","2","0"
"1603","อุทยานหลวงราชพฤกษ์","เชียงใหม่","ภาคเหนือ","2","0"
"1604","วัดพุทธบาทวัดตวง","ลำปาง","ภาคเหนือ","2","0"
"1605","เชียงใหม่ไนท์ซาฟารี","เชียงใหม่","ภาคเหนือ","2","0"
"1606","ศูนย์ศิลปชีพแม่ต๋ำ","ลำปาง","ภาคเหนือ","2","0"
"1607","วัดพระธาตุดอยคำ","เชียงใหม่","ภาคเหนือ","2","0"
"1608","วัดร่ำเปิงตโปธาราม","เชียงใหม่","ภาคเหนือ","2","0"
"1609","วัดอุโมงค์ สวนพุทธธรรม","เชียงใหม่","ภาคเหนือ","2","0"
"1610","พิพิธภัณฑ์แมลงโลก และสิ่งมหัศจรรย์ธรรมชาติ","เชียงใหม่","ภาคเหนือ","2","0"
"1611","พิพิธภัณฑสถานแห่งชาติเชียงใหม่","เชียงใหม่","ภาคเหนือ","2","0"
"1612","วัดเจ็ดยอดพระอารามหลวง","เชียงใหม่","ภาคเหนือ","2","0"
"1613","วัดบ้านก่อ","ลำปาง","ภาคเหนือ","2","0"
"1614","อนุสาวรีย์สามกษัตริย์","เชียงใหม่","ภาคเหนือ","2","0"
"1615","วัดพระพุทธบาทสุทธาวาส","ลำปาง","ภาคเหนือ","2","0"
"1616","อนุสาวรีย์เจ้าพ่อพญาคำลือ","ลำปาง","ภาคเหนือ","2","0"
"1617","วัดศรีสุพรรณ","เชียงใหม่","ภาคเหนือ","2","0"
"1618","ชุมชนบ้านวัดเกต","เชียงใหม่","ภาคเหนือ","2","0"
"1619","คุ้มเจ้าบุรีรัตน์ (มหาอินทร์)","เชียงใหม่","ภาคเหนือ","2","0"
"1620","ศาลาธนารักษ์ 1 จังหวัดเชียงใหม่","เชียงใหม่","ภาคเหนือ","2","0"
"1621","หอศิลปวัฒนธรรมเมืองเชียงใหม่","เชียงใหม่","ภาคเหนือ","2","0"
"1622","เสาอินทขิล","เชียงใหม่","ภาคเหนือ","2","0"
"1623","อุทยานแห่งชาติแม่วาง","เชียงใหม่","ภาคเหนือ","2","0"
"1624","อุทยานแห่งชาติแม่ตะไคร้","เชียงใหม่","ภาคเหนือ","2","0"
"1625","อุทยานแห่งชาติศรีลานนา","เชียงใหม่","ภาคเหนือ","2","0"
"1626","อุทยานแห่งชาติห้วยน้ำดัง","เชียงใหม่","ภาคเหนือ","2","0"
"1627","อุทยานแห่งชาติขุนขาน","เชียงใหม่","ภาคเหนือ","2","0"
"1628","อุทยานแห่งชาติดอยผ้าห่มปก","เชียงใหม่","ภาคเหนือ","2","0"
"1629","อุทยานแห่งชาติดอยเวียงผา","เชียงใหม่","ภาคเหนือ","2","0"
"1630","อุทยานแห่งชาติผาแดง","เชียงใหม่","ภาคเหนือ","2","0"
"1631","อุทยานแห่งชาติแม่โถ","เชียงใหม่","ภาคเหนือ","2","0"
"1632","อุทยานแห่งชาติออบหลวง","เชียงใหม่","ภาคเหนือ","2","0"
"1633","อุทยานแห่งชาติออบขาน","เชียงใหม่","ภาคเหนือ","2","0"
"1634","อุทยานแห่งชาติดอยอินทนนท์","เชียงใหม่","ภาคเหนือ","2","0"
"1635","อุทยานแห่งชาติดอยสุเทพ-ปุย","เชียงใหม่","ภาคเหนือ","2","0"
"1636","วัดชัยมงคล","เชียงใหม่","ภาคเหนือ","2","0"
"1637","วัดลอยเคราะห์","เชียงใหม่","ภาคเหนือ","2","0"
"1638","วัดปงสนุกเหนือ","ลำปาง","ภาคเหนือ","2","0"
"1639","วัดเชียงยืน","เชียงใหม่","ภาคเหนือ","2","0"
"1640","วัดบุญวาทย์วิหาร","ลำปาง","ภาคเหนือ","2","0"
"1641","วัดเชียงมั่น","เชียงใหม่","ภาคเหนือ","2","0"
"1642","วัดดวงดี","เชียงใหม่","ภาคเหนือ","2","0"
"1643","วัดเจดีย์หลวงวรวิหาร","เชียงใหม่","ภาคเหนือ","2","0"
"1644","วัดหมื่นเงินกอง","เชียงใหม่","ภาคเหนือ","2","0"
"1645","วัดพระสิงห์วรมหาวิหาร","เชียงใหม่","ภาคเหนือ","2","0"
"1646","วัดดับภัย","เชียงใหม่","ภาคเหนือ","2","0"
"1647","น้ำตกวังสายทอง","สตูล","ภาคใต้","2","0"
"1648","ถ้ำเจ็ดคต","สตูล","ภาคใต้","2","0"
"1649","ถ้ำลอดปูยู","สตูล","ภาคใต้","2","0"
"1650","มัสยิดกลางจังหวัดสตูล หรือมัสยิดมำบัง","สตูล","ภาคใต้","2","0"
"1651","พิพิธภัณฑสถานแห่งชาติสตูล (คฤหาสน์กูเด็น)","สตูล","ภาคใต้","2","0"
"1652","วัดชนาธิปเฉลิม","สตูล","ภาคใต้","2","0"
"1653","สวนสาธารณะเขาโต๊ะพญาวัง","สตูล","ภาคใต้","2","0"
"1654","อุทยานแห่งชาติตะรุเตา","สตูล","ภาคใต้","2","0"
"1655","อุทยานแห่งชาติทะเลบัน","สตูล","ภาคใต้","2","0"
"1656","เกาะหินงาม","สตูล","ภาคใต้","2","0"
"1657","เกาะหลีเป๊ะ","สตูล","ภาคใต้","2","0"
"1658","เกาะราวี","สตูล","ภาคใต้","2","0"
"1659","เกาะอาดัง","สตูล","ภาคใต้","2","0"
"1660","เกาะไข่","สตูล","ภาคใต้","2","0"
"1661","ผาแมว","ลำพูน","ภาคเหนือ","2","0"
"1662","ตลาดกลางสินค้าเกษตร","ลำพูน","ภาคเหนือ","2","0"
"1663","สวนไม้ไทยบ้านพ่อเลี้ยงหมื่น","ลำพูน","ภาคเหนือ","2","0"
"1664","พระแสงราชศัตราวุธประจำเมืองอุทัยธานี","อุทัยธานี","ภาคเหนือ","2","0"
"1665","น้ำตกตาดดาว","อุทัยธานี","ภาคเหนือ","2","0"
"1666","ถ้ำเกร็ดดาว","อุทัยธานี","ภาคเหนือ","2","0"
"1667","ศูนย์วัฒนธรรมชาวเขาบ้านอีมาด-อีทราย","อุทัยธานี","ภาคเหนือ","2","0"
"1668","ศูนย์แสดงและสาธิตการทอผ้าพื้นเมืองบ้านนาตาโพ","อุทัยธานี","ภาคเหนือ","2","0"
"1669","ศูนย์ทอผ้าพื้นเมืองลายโบราณผาทั่ง","อุทัยธานี","ภาคเหนือ","2","0"
"1670","วนอุทยานถ้ำเขาวง","อุทัยธานี","ภาคเหนือ","2","0"
"1671","วัดถ้ำเขาวง","อุทัยธานี","ภาคเหนือ","2","0"
"1672","วัดเขาวงพรหมจรรย์","อุทัยธานี","ภาคเหนือ","2","0"
"1673","วัดถ้ำเขาตะพาบ","อุทัยธานี","ภาคเหนือ","2","0"
"1674","เมืองโบราณบ้านการุ้ง","อุทัยธานี","ภาคเหนือ","2","0"
"1675","น้ำพุร้อนสมอทอง","อุทัยธานี","ภาคเหนือ","2","0"
"1676","น้ำตกไซเบอร์","อุทัยธานี","ภาคเหนือ","2","0"
"1677","เขื่อนทับเสลา","อุทัยธานี","ภาคเหนือ","2","0"
"1678","ถ้ำเขาฆ้องชัย","อุทัยธานี","ภาคเหนือ","2","0"
"1679","หุบป่าตาด","อุทัยธานี","ภาคเหนือ","2","0"
"1680","เขาปลาร้า","อุทัยธานี","ภาคเหนือ","2","0"
"1681","เขาผาแรด","อุทัยธานี","ภาคเหนือ","2","0"
"1682","เขาพระยาพายเรือ","อุทัยธานี","ภาคเหนือ","2","0"
"1683","เขตรักษาพันธุ์สัตว์ป่าทุ่งใหญ่นเรศวร-ห้วยขาแข้ง","อุทัยธานี","ภาคเหนือ","2","0"
"1684","เมืองโบราณบึงคอกช้าง","อุทัยธานี","ภาคเหนือ","2","0"
"1685","วัดทัพทันวัฒนาราม","อุทัยธานี","ภาคเหนือ","2","0"
"1686","วัดหนองขุนชาติ","อุทัยธานี","ภาคเหนือ","2","0"
"1687","เมืองอุไทยธานีเก่า","อุทัยธานี","ภาคเหนือ","2","0"
"1688","วัดหนองพลวง","อุทัยธานี","ภาคเหนือ","2","0"
"1689","พิพิธภัณฑ์ประวัติศาสตร์และวัฒนธรรมท้องถิ่นจังหวัดอุทัยธานี","อุทัยธานี","ภาคเหนือ","2","0"
"1690","วัดอุโปสถาราม","อุทัยธานี","ภาคเหนือ","2","0"
"1691","เกาะเทโพ","อุทัยธานี","ภาคเหนือ","2","0"
"1692","ลำน้ำสะแกกรัง","อุทัยธานี","ภาคเหนือ","2","0"
"1693","ภูเก็ต บางเทา (ลากูน่า) ไรด์ดิ้ง คลับ","ภูเก็ต","ภาคใต้","2","0"
"1694","มิชชั่นฮิลล์ภูเก็ตกอล์ฟ รีสอร์ท แอนด์ สปา","ภูเก็ต","ภาคใต้","2","0"
"1695","บลู แคนยอน คันทรี คลับ","ภูเก็ต","ภาคใต้","2","0"
"1696","ลากูน่า ภูเก็ต กอล์ฟ คลับ","ภูเก็ต","ภาคใต้","2","0"
"1697","วัดม่วงโกมารภัจจ์","ภูเก็ต","ภาคใต้","2","0"
"1698","วัดพระทอง","ภูเก็ต","ภาคใต้","2","0"
"1699","วัดพระนางสร้าง","ภูเก็ต","ภาคใต้","2","0"
"1700","บ้านพระยาวิชิตสงคราม","ภูเก็ต","ภาคใต้","2","0"
"1701","หมู่บ้านวัฒนธรรมถลางบ้านแขนน","ภูเก็ต","ภาคใต้","2","0"
"1702","ชุมชนบ้านคอเอน","ภูเก็ต","ภาคใต้","2","0"
"1703","ชุมชนท่องเที่ยวบ้านท่าฉัตรไชย-ไม้ขาว","ภูเก็ต","ภาคใต้","2","0"
"1704","พิพิธภัณฑ์สถานแห่งชาติถลาง","ภูเก็ต","ภาคใต้","2","0"
"1705","อนุสาวรีย์ท้าวเทพกษัตรีและท้าวศรีสุนทร","ภูเก็ต","ภาคใต้","2","0"
"1706","โคกชนะพม่า","ภูเก็ต","ภาคใต้","2","0"
"1707","ท่องเที่ยวเกษตรเชิงอนุรักษ์บ้านบางโรง","ภูเก็ต","ภาคใต้","2","0"
"1708","น้ำตกบางแป","ภูเก็ต","ภาคใต้","2","0"
"1709","ศูนย์ศึกษาธรรมชาติและสัตว์ป่าเขาพระแทว","ภูเก็ต","ภาคใต้","2","0"
"1710","สถานีพัฒนาและส่งเสริมการอนุรักษ์สัตว์ป่าเขาพระแทว","ภูเก็ต","ภาคใต้","2","0"
"1711","เกาะกะทะ","ภูเก็ต","ภาคใต้","2","0"
"1712","เกาะแรด","ภูเก็ต","ภาคใต้","2","0"
"1713","เกาะนาคาใหญ่","ภูเก็ต","ภาคใต้","2","0"
"1714","เกาะนาคาน้อย","ภูเก็ต","ภาคใต้","2","0"
"1715","เกาะมะพร้าว","ภูเก็ต","ภาคใต้","2","0"
"1716","เกาะรังใหญ่","ภูเก็ต","ภาคใต้","2","0"
"1717","จุดชมวิวหาดแหลมสิงห์ กมลา","ภูเก็ต","ภาคใต้","2","0"
"1718","อ่าวปอ","ภูเก็ต","ภาคใต้","2","0"
"1719","หาดพันทรี","ภูเก็ต","ภาคใต้","2","0"
"1720","หาดสุรินทร์","ภูเก็ต","ภาคใต้","2","0"
"1721","สถานศึกษาธรรมชาติ ป่าชายเลนแหลมสนลายันหาดลายัน","ภูเก็ต","ภาคใต้","2","0"
"1722","หาดหินกรวย","ภูเก็ต","ภาคใต้","2","0"
"1723","หาดในทอน","ภูเก็ต","ภาคใต้","2","0"
"1724","หาดในยาง","ภูเก็ต","ภาคใต้","2","0"
"1725","หาดไม้ขาว","ภูเก็ต","ภาคใต้","2","0"
"1726","หาดทรายแก้ว","ภูเก็ต","ภาคใต้","2","0"
"1727","อุทยานแห่งชาติสิรินาถ","ภูเก็ต","ภาคใต้","2","0"
"1728","ห้างสรรพสินค้าจังซีลอน","ภูเก็ต","ภาคใต้","2","0"
"1729","แคมป์ช้างกะหลิม","ภูเก็ต","ภาคใต้","2","0"
"1730","ภูเก็ต บันจี้ จั๊ม","ภูเก็ต","ภาคใต้","2","0"
"1731","ป่าตองโกคาร์ท สปีทเวย์","ภูเก็ต","ภาคใต้","2","0"
"1732","ป่าตอง พาร์ค","ภูเก็ต","ภาคใต้","2","0"
"1733","เร๊ดเมาท์เท่นกอล์ฟคอร์ส","ภูเก็ต","ภาคใต้","2","0"
"1734","อุทยานแห่งชาติหมู่เกาะเภตรา","สตูล","ภาคใต้","2","0"
"1735","อุทยานแห่งชาติหาดเจ้าไหม","ตรัง","ภาคใต้","2","0"
"1736","ล๊อคปาล์มกอล์ฟคลับภูเก็ต","ภูเก็ต","ภาคใต้","2","0"
"1737","ภูเก็ต คันทรี่ คลับ","ภูเก็ต","ภาคใต้","2","0"
"1738","ภูเก็ตไซม่อน คาบาเรต์","ภูเก็ต","ภาคใต้","2","0"
"1739","ภูเขาหินปะการัง","เพชรบูรณ์","ภาคเหนือ","2","0"
"1740","ภูทับเบิก","เพชรบูรณ์","ภาคเหนือ","2","0"
"1741","วัดศรีมงคล","เพชรบูรณ์","ภาคเหนือ","2","0"
"1742","ดงรอยเท้าไดโนเสาร์","เพชรบูรณ์","ภาคเหนือ","2","0"
"1743","ศาลหลักเมืองนครบาลเพชรบูรณ์","เพชรบูรณ์","ภาคเหนือ","2","0"
"1744","อุทยานแห่งชาติเขาหลวง","นครศรีธรรมราช","ภาคใต้","2","0"
"1745","อนุสาวรีย์พ่อขุนผาเมือง","เพชรบูรณ์","ภาคเหนือ","2","0"
"1746","สวนป่าหิมพานต์","เพชรบูรณ์","ภาคเหนือ","2","0"
"1747","วัดพระธาตุผาซ่อนแก้ว","เพชรบูรณ์","ภาคเหนือ","2","0"
"1748","ภูแก้ว แอดเวนเจอร์ ปาร์ค","เพชรบูรณ์","ภาคเหนือ","2","0"
"1749","อุทยานแห่งชาติทุ่งแสลงหลวง (หนองแม่นา)","เพชรบูรณ์","ภาคเหนือ","2","0"
"1750","พิพิธภัณฑ์เมืองนครศรีธรรมราช","นครศรีธรรมราช","ภาคใต้","2","0"
"1751","อุทยานแห่งชาติขุนน่าน","น่าน","ภาคเหนือ","2","0"
"1752","ภูเก็ตแฟนตาซี","ภูเก็ต","ภาคใต้","2","0"
"1753","พิพิธภัณฑ์พื้นบ้านหนังตะลุงสุชาติ ทรัพย์สิน","นครศรีธรรมราช","ภาคใต้","2","0"
"1754","พิพิธภัณฑ์เหมืองแร่ภูเก็ต","ภูเก็ต","ภาคใต้","2","0"
"1755","น้ำตกกะทู้","ภูเก็ต","ภาคใต้","2","0"
"1756","หาดกมลา","ภูเก็ต","ภาคใต้","2","0"
"1757","หาดฟรีดอม","ภูเก็ต","ภาคใต้","2","0"
"1758","หาดไตรตรัง","ภูเก็ต","ภาคใต้","2","0"
"1759","หาดนาคาเลย์","ภูเก็ต","ภาคใต้","2","0"
"1760","หาดกะหลิม","ภูเก็ต","ภาคใต้","2","0"
"1761","หาดป่าตอง","ภูเก็ต","ภาคใต้","2","0"
"1762","บ่อเกลือสินเธาว์","น่าน","ภาคเหนือ","2","0"
"1763","ตลาดการค้าชายแดนห้วยโก๋น","น่าน","ภาคเหนือ","2","0"
"1764","อนุสรณ์สถานยุทธภูมิบ้านห้วยโก๋นเก่า","น่าน","ภาคเหนือ","2","0"
"1765","เยอร์บีร่าเฮ้าส์","ภูเก็ต","ภาคใต้","2","0"
"1766","ดอยผาผึ้ง","น่าน","ภาคเหนือ","2","0"
"1767","ถ้ำผาผึ้ง","น่าน","ภาคเหนือ","2","0"
"1768","โครงการพัฒนาเพื่อความมั่นคง (พมพ.) บ้านมณีพฤกษ์","น่าน","ภาคเหนือ","2","0"
"1769","อนุสาวรีย์วีรกรรม พลเรือน ตำรวจ ทหาร ทุ่งช้าง และ พิพิธภัณฑ์ทหารทุ่งช้าง","น่าน","ภาคเหนือ","2","0"
"1770","ตลาดเจ้าฟ้าวาไรตี้","ภูเก็ต","ภาคใต้","2","0"
"1771","บริษัทอุตสาหกรรมการเกษตรเขาค้อ จำกัด ในโครงการพัฒนาลุ่มน้ำเข็ก (เขาค้อ) อันเนื่องมาจากพระราชดำริ","เพชรบูรณ์","ภาคเหนือ","2","0"
"1772","สโมสรขี่ม้าภูเก็ต","ภูเก็ต","ภาคใต้","2","0"
"1773","หอชมวิวทิวทัศน์เขาขาด","ภูเก็ต","ภาคใต้","2","0"
"1774","หาดแหลมกา","ภูเก็ต","ภาคใต้","2","0"
"1775","แหลมพันวา","ภูเก็ต","ภาคใต้","2","0"
"1776","แหลมพรหมเทพ","ภูเก็ต","ภาคใต้","2","0"
"1777","ไดโนปาร์ค","ภูเก็ต","ภาคใต้","2","0"
"1778","อ่างเก็บน้ำรัตนัย","เพชรบูรณ์","ภาคเหนือ","2","0"
"1779","พิพิธภัณฑ์เปลือกหอย","ภูเก็ต","ภาคใต้","2","0"
"1780","พุน้ำร้อนน้ำแร่บ้านครู","เพชรบูรณ์","ภาคเหนือ","2","0"
"1781","กะรน ปาร์ค","ภูเก็ต","ภาคใต้","2","0"
"1782","วัดวิเชียรบำรุง","เพชรบูรณ์","ภาคเหนือ","2","0"
"1783","สวนสาธารณะสะพานหิน","ภูเก็ต","ภาคใต้","2","0"
"1784","สวนสาธารณะและสวนสุขภาพเขารัง","ภูเก็ต","ภาคใต้","2","0"
"1785","บึงสามพัน","เพชรบูรณ์","ภาคเหนือ","2","0"
"1786","สถานแสดงพันธุ์สัตว์น้ำ ภูเก็ต","ภูเก็ต","ภาคใต้","2","0"
"1787","ทานตะวันบานบนภูที่บึงสามพัน","เพชรบูรณ์","ภาคเหนือ","2","0"
"1788","สวนรุกขชาติซับชมภู","เพชรบูรณ์","ภาคเหนือ","2","0"
"1789","ศูนย์ศิลปวัฒนธรรมจังหวัดภูเก็ต","ภูเก็ต","ภาคใต้","2","0"
"1790","วัดไตรภูมิ","เพชรบูรณ์","ภาคเหนือ","2","0"
"1791","ศาลเจ้าพ่อหลักเมืองเพชรบูรณ์","เพชรบูรณ์","ภาคเหนือ","2","0"
"1792","วัดมหาธาตุ","เพชรบูรณ์","ภาคเหนือ","2","0"
"1793","ศูนย์รวมพรรณไม้บ้านร่มเกล้า","พิษณุโลก","ภาคเหนือ","2","0"
"1794","วัดหนองแดง","น่าน","ภาคเหนือ","2","0"
"1795","ถ้ำเดือน ถ้ำดาว","พิษณุโลก","ภาคเหนือ","2","0"
"1796","สำนักสงฆ์เกาะแก้วพิศดาร","ภูเก็ต","ภาคใต้","2","0"
"1797","วัดสีลสุภาราม","ภูเก็ต","ภาคใต้","2","0"
"1798","ดอยภูแว","น่าน","ภาคเหนือ","2","0"
"1799","น้ำตกแก่งโสภา","พิษณุโลก","ภาคเหนือ","2","0"
"1800","อุทยานแห่งชาติดอยภูคา","น่าน","ภาคเหนือ","2","0"
"1801","วัดไชยธาราราม","ภูเก็ต","ภาคใต้","2","0"
"1802","พระพุทธมิ่งมงคลเอกนาคคีรี","ภูเก็ต","ภาคใต้","2","0"
"1803","หอนาฬิกาวงเวียนสุรินทร์","ภูเก็ต","ภาคใต้","2","0"
"1804","หอศิลปและวัฒนธรรมมหาวิทยาลัยนเรศวร","พิษณุโลก","ภาคเหนือ","2","0"
"1805","ศูนย์วิจัยและพัฒนาทรัพยากรทางทะเลและชายฝั่งทะเลอันดามัน","ภูเก็ต","ภาคใต้","2","0"
"1806","เสาหลักเมืองพิษณุโลก","พิษณุโลก","ภาคเหนือ","2","0"
"1807","พิพิธภัณฑ์เมืองพิจิตร","พิจิตร","ภาคเหนือ","2","0"
"1808","วัดสำนักขุนเณร","พิจิตร","ภาคเหนือ","2","0"
"1809","ศาลเจ้าปุดจ้อ","ภูเก็ต","ภาคใต้","2","0"
"1810","หมู่บ้านไทลื้อร้องแง","น่าน","ภาคเหนือ","2","0"
"1811","บ้านพระอร่ามสาครเขตร","ภูเก็ต","ภาคใต้","2","0"
"1812","หอทะเบียนที่ดินจังหวัดภูเก็ต","ภูเก็ต","ภาคใต้","2","0"
"1813","ชุมชนบ้านบ่อแร่","ภูเก็ต","ภาคใต้","2","0"
"1814","ชุมชนชาวเลบ้านแหลมตุ๊กแก","ภูเก็ต","ภาคใต้","2","0"
"1815","เมืองเก่าภูเก็ต","ภูเก็ต","ภาคใต้","2","0"
"1816","อนุสาวรีย์หลัก 60 ปี","ภูเก็ต","ภาคใต้","2","0"
"1817","พิพิธภัณฑ์โรงแรมถาวร","ภูเก็ต","ภาคใต้","2","0"
"1818","พิพิธภัณฑ์ภูเก็ตไทยหัว","ภูเก็ต","ภาคใต้","2","0"
"1819","อ่าวหลา","ภูเก็ต","ภาคใต้","2","0"
"1820","อ่าวทือ","ภูเก็ต","ภาคใต้","2","0"
"1821","อ่าวขอนแค","ภูเก็ต","ภาคใต้","2","0"
"1822","อ่าวสยาม","ภูเก็ต","ภาคใต้","2","0"
"1823","อ่าวปะตก","ภูเก็ต","ภาคใต้","2","0"
"1824","แหลมหิน","ภูเก็ต","ภาคใต้","2","0"
"1825","อ่าวป่าหล่าย","ภูเก็ต","ภาคใต้","2","0"
"1826","อ่าวฉลอง","ภูเก็ต","ภาคใต้","2","0"
"1827","อ่าวมะขาม","ภูเก็ต","ภาคใต้","2","0"
"1828","หาดมิตรภาพ","ภูเก็ต","ภาคใต้","2","0"
"1829","หาดยะนุ้ย","ภูเก็ต","ภาคใต้","2","0"
"1830","หาดราไวย์","ภูเก็ต","ภาคใต้","2","0"
"1831","หาดกะตะน้อย","ภูเก็ต","ภาคใต้","2","0"
"1832","หาดกะรน","ภูเก็ต","ภาคใต้","2","0"
"1833","อ่าวเสน","ภูเก็ต","ภาคใต้","2","0"
"1834","หาดกะตะ","ภูเก็ต","ภาคใต้","2","0"
"1835","เกาะสิเหร่","ภูเก็ต","ภาคใต้","2","0"
"1836","เกาะตะเภาน้อย","ภูเก็ต","ภาคใต้","2","0"
"1837","เกาะตะเภาใหญ่","ภูเก็ต","ภาคใต้","2","0"
"1838","เกาะไม้ท่อน","ภูเก็ต","ภาคใต้","2","0"
"1839","เกาะแอว","ภูเก็ต","ภาคใต้","2","0"
"1840","เกาะบอน","ภูเก็ต","ภาคใต้","2","0"
"1841","เกาะราชาน้อย","ภูเก็ต","ภาคใต้","2","0"
"1842","ศูนย์แสดงเครื่องปั้นดินเผาบ้านมอญ","นครสวรรค์","ภาคเหนือ","2","0"
"1843","เกาะราชาใหญ่","ภูเก็ต","ภาคใต้","2","0"
"1844","วัดพระธาตุเบ็งสกัด","น่าน","ภาคเหนือ","2","0"
"1845","วัดต้นแหลง","น่าน","ภาคเหนือ","2","0"
"1846","วัดหนองบัว","น่าน","ภาคเหนือ","2","0"
"1847","หมู่บ้านไทยลื้อหนองบัว","น่าน","ภาคเหนือ","2","0"
"1848","อุทยานแห่งชาตินันทบุรี","น่าน","ภาคเหนือ","2","0"
"1849","หมู่บ้านประมงปากนาย","น่าน","ภาคเหนือ","2","0"
"1850","อุทยานแห่งชาติศรีน่าน","น่าน","ภาคเหนือ","2","0"
"1851","วนอุทยานถ้ำผาตูบ","น่าน","ภาคเหนือ","2","0"
"1852","แหล่งโบราณคดีบ้านบ่อสวก","น่าน","ภาคเหนือ","2","0"
"1853","วัดพญาวัด","น่าน","ภาคเหนือ","2","0"
"1854","วัดสวนตาล","น่าน","ภาคเหนือ","2","0"
"1855","วัดมิ่งเมือง น่าน","น่าน","ภาคเหนือ","2","0"
"1856","พิพิธภัณฑสถานแห่งชาติน่าน","น่าน","ภาคเหนือ","2","0"
"1857","วัดพระธาตุช้างค้ำวรวิหาร","น่าน","ภาคเหนือ","2","0"
"1858","วัดภูมินทร์","น่าน","ภาคเหนือ","2","0"
"1859","วัดพระธาตุแช่แห้ง พระอารามหลวง","น่าน","ภาคเหนือ","2","0"
"1860","เขื่อนสิริกิติ์","อุตรดิตถ์","ภาคเหนือ","2","0"
"1861","แก่งนางพญา","อุตรดิตถ์","ภาคเหนือ","2","0"
"1862","วัดดงสระแก้ว","อุตรดิตถ์","ภาคเหนือ","2","0"
"1863","วัดพระยืนพุทธบาทยุคล","อุตรดิตถ์","ภาคเหนือ","2","0"
"1864","อนุสาวรีย์พระศรีพนมมาศ","อุตรดิตถ์","ภาคเหนือ","2","0"
"1865","วัดใหญ่ท่าเสา","อุตรดิตถ์","ภาคเหนือ","2","0"
"1866","วัดธรรมาธิปไตย","อุตรดิตถ์","ภาคเหนือ","2","0"
"1867","อุทยานแห่งชาติแม่ยม","แพร่","ภาคเหนือ","2","0"
"1868","วัดสะแล่ง","แพร่","ภาคเหนือ","2","0"
"1869","วัดพระหลวง","แพร่","ภาคเหนือ","2","0"
"1870","วัดหลวง","แพร่","ภาคเหนือ","2","0"
"1871","ศูนย์วิจัยและพัฒนาประมงชายฝั่งพังงา","พังงา","ภาคใต้","2","0"
"1872","คลองสังเหน่","พังงา","ภาคใต้","2","0"
"1873","คุ้มวิชัยราชา","แพร่","ภาคเหนือ","2","0"
"1874","คุ้มเจ้าหลวงเมืองแพร่","แพร่","ภาคเหนือ","2","0"
"1875","ศาลเจ้าพ่อแสนชัย","แพร่","ภาคเหนือ","2","0"
"1876","ชุมชนท่องเที่ยวตำบลทรายขาว","ปัตตานี","ภาคใต้","2","0"
"1877","วัดอรัญวาสิการาม","ปัตตานี","ภาคใต้","2","0"
"1878","หาดชลาลัย","ปัตตานี","ภาคใต้","2","0"
"1879","เกาะง่ามน้อย","ชุมพร","ภาคใต้","2","0"
"1880","เกาะลังกาจิว","ชุมพร","ภาคใต้","2","0"
"1881","วัดติโลกอาราม","พะเยา","ภาคเหนือ","2","0"
"1882","ตลาดน้ำคลองแห","สงขลา","ภาคใต้","2","0"
"1883","น้ำตกชุมแสง","ระนอง","ภาคใต้","2","0"
"1884","วิสาหกิจชุมชนบ้านทะเลนอกโฮมสเตย์","ระนอง","ภาคใต้","2","0"
"1885","เขตรักษาพันธุ์สัตว์ป่าคลองนาคา","ระนอง","ภาคใต้","2","0"
"1886","พระราชวังรัตนรังสรรค์ (จำลอง)","ระนอง","ภาคใต้","2","0"
"1887","ศูนย์วิจัยป่าชายเลนหงาว","ระนอง","ภาคใต้","2","0"
"1888","เขตรักษาพันธุ์สัตว์ป่า ฮาลา-บาลา","นราธิวาส","ภาคใต้","2","0"
"1889","อุทยานแห่งชาติเทือกเขาบูโด-สุไหงปาดี","นราธิวาส","ภาคใต้","2","0"
"1890","มัสยิดวาดีอัลฮูเซ็น","นราธิวาส","ภาคใต้","2","0"
"1891","ชายหาดกูบู","นราธิวาส","ภาคใต้","2","0"
"1892","สวนรวมพรรณไม้ป่า 60 พรรษา มหาราชินี","นราธิวาส","ภาคใต้","2","0"
"1893","ศูนย์ศึกษาการพัฒนาพิกุลทอง","นราธิวาส","ภาคใต้","2","0"
"1894","อุทยานแห่งชาติอ่าวมะนาว-เขาตันหยง","นราธิวาส","ภาคใต้","2","0"
"1895","พุทธมณฑลจังหวัดนราธิวาส (พระพุทธอุทยานเขากง)","นราธิวาส","ภาคใต้","2","0"
"1896","ค่ายจุฬาภรณ์","นราธิวาส","ภาคใต้","2","0"
"1897","หมู่บ้านจุฬาภรณ์พัฒนา 9","ยะลา","ภาคใต้","2","0"
"1898","น้ำตกสุขทาลัย","ยะลา","ภาคใต้","2","0"
"1899","อุทยานแห่งชาติบางลาง","ยะลา","ภาคใต้","2","0"
"1900","น้ำตกเฉลิมพระเกียรติ ร.9","ยะลา","ภาคใต้","2","0"
"1901","วัดพุทธาธิวาส","ยะลา","ภาคใต้","2","0"
"1902","สวนขวัญเมือง","ยะลา","ภาคใต้","2","0"
"1903","แหล่งโบราณสถานถ้ำศิลป์","ยะลา","ภาคใต้","2","0"
"1904","ถ้ำแม่นางมณโฑ","ยะลา","ภาคใต้","2","0"
"1905","มัสยิดกลางจังหวัดยะลา","ยะลา","ภาคใต้","2","0"
"1906","อุทยานการเรียนรู้ยะลา (TKpark Yala)","ยะลา","ภาคใต้","2","0"
"1907","หาดทรายชายบึงบ้านละเวง","ปัตตานี","ภาคใต้","2","0"
"1908","บ่อน้ำศักดิ์สิทธิ์ วัดเขาฤาษี","ปัตตานี","ภาคใต้","2","0"
"1909","หาดปะนาเระ","ปัตตานี","ภาคใต้","2","0"
"1910","มัสยิดบ้านดาโต๊ะ","ปัตตานี","ภาคใต้","2","0"
"1911","สถาบันวัฒนธรรมศึกษากัลยาณิวัฒนา","ปัตตานี","ภาคใต้","2","0"
"1912","เมืองโบราณยะรัง","ปัตตานี","ภาคใต้","2","0"
"1913","น้ำตกธารปลิว","สตูล","ภาคใต้","2","0"
"1914","พิพิธภัณฑ์พื้นบ้านละงู","สตูล","ภาคใต้","2","0"
"1915","น้ำตกโตนปาหนัน","สตูล","ภาคใต้","2","0"
"1916","วนอุทยานน้ำตกธาราสวรรค์","สตูล","ภาคใต้","2","0"
"1917","เกาะหินซ้อน","สตูล","ภาคใต้","2","0"
"1918","อุทยานแห่งชาติเขาน้ำค้าง","สงขลา","ภาคใต้","2","0"
"1919","วัดขวด","สงขลา","ภาคใต้","2","0"
"1920","วัดถ้ำเขารูปช้าง","สงขลา","ภาคใต้","2","0"
"1921","สถานแสดงพันธุ์สัตว์น้ำสงขลา","สงขลา","ภาคใต้","2","0"
"1922","หมู่บ้านทำกรงนก","สงขลา","ภาคใต้","2","0"
"1923","ย่านเมืองเก่าสงขลา","สงขลา","ภาคใต้","2","0"
"1924","บ้านลุงหนังฉิ้น อรมุต","สงขลา","ภาคใต้","2","0"
"1925","พิพิธภัณฑ์พธำมะรงค์","สงขลา","ภาคใต้","2","0"
"1926","สวนนายดำ","ชุมพร","ภาคใต้","2","0"
"1927","วัดพระบรมธาตุสวี","ชุมพร","ภาคใต้","2","0"
"1928","ยอดเขาพ่อตามังเคร","ชุมพร","ภาคใต้","2","0"
"1929","ยอดเขาพ่อตาโชงโดง","ชุมพร","ภาคใต้","2","0"
"1930","สวนสมเด็จพระศรีนครินทร์ฯ ชุมพร","ชุมพร","ภาคใต้","2","0"
"1931","อนุสรณ์สถาน พลเรือเอกพระเจ้าบรมวงศ์เธอกรมหลวงชุมพร เขตอุดมศักดิ์","ชุมพร","ภาคใต้","2","0"
"1932","เขาดินสอ","ชุมพร","ภาคใต้","2","0"
"1933","หาดถ้ำธง","ชุมพร","ภาคใต้","2","0"
"1934","หนึ่งในสยาม เนินทรายงามที่ชุมพร","ชุมพร","ภาคใต้","2","0"
"1935","วัดถ้ำเขาพลู","ชุมพร","ภาคใต้","2","0"
"1936","วัดแก้วประเสริฐ","ชุมพร","ภาคใต้","2","0"
"1937","วัดเขาเจดีย์","ชุมพร","ภาคใต้","2","0"
"1938","น้ำตกคลองเพรา","ชุมพร","ภาคใต้","2","0"
"1939","วัดประเดิม","ชุมพร","ภาคใต้","2","0"
"1940","ซากเรือรบญี่ปุ่น","ระนอง","ภาคใต้","2","0"
"1941","น้ำตกวิภาวดี","สุราษฎร์ธานี","ภาคใต้","2","0"
"1942","วัดเขาสุวรรณประดิษฐ์","สุราษฎร์ธานี","ภาคใต้","2","0"
"1943","อุทยานแห่งชาติคลองพนม","สุราษฎร์ธานี","ภาคใต้","2","0"
"1944","เขื่อนรัชชประภา","สุราษฎร์ธานี","ภาคใต้","2","0"
"1945","ศูนย์ฝึกลิงเพื่อการเกษตรกระแดะแจะ","สุราษฎร์ธานี","ภาคใต้","2","0"
"1946","ประตูเมืองภูเก็ต","ภูเก็ต","ภาคใต้","2","0"
"1947","ศาลเจ้าบางเหนียว","ภูเก็ต","ภาคใต้","2","0"
"1948","ศาลเจ้าจุ้ยตุ่ย","ภูเก็ต","ภาคใต้","2","0"
"1949","ศาลเจ้ากะทู้","ภูเก็ต","ภาคใต้","2","0"
"1950","ศาลเจ้าแสงธรรม","ภูเก็ต","ภาคใต้","2","0"
"1951","ภูเก็ต อาร์ต แกลลอรี่","ภูเก็ต","ภาคใต้","2","0"
"1952","บ้านชินประชา","ภูเก็ต","ภาคใต้","2","0"
"1953","อนุสาวรีย์พระยารัษฎานุประดิษฐ์ (คอซิมบี้ ณ ระนอง)","ภูเก็ต","ภาคใต้","2","0"
"1954","ศูนย์บริการวิชาการด้านพันธุ์พืชและปัจจัยการผลิตภูเก็ต","ภูเก็ต","ภาคใต้","2","0"
"1955","บ่ออนุบาลเต่า กองทัพเรือ ภาค 3","พังงา","ภาคใต้","2","0"
"1956","สวนอนุสรณ์สึนามิ บ้านน้ำเค็ม","พังงา","ภาคใต้","2","0"
"1957","เมืองเก่าตะกั่วป่า","พังงา","ภาคใต้","2","0"
"1958","เรือ ต.813","พังงา","ภาคใต้","2","0"
"1959","อาคารพิพิธภัณฑ์กลางแจ้งธรณีพิบัติภัยสึนามิ บ้านน้ำเค็ม","พังงา","ภาคใต้","2","0"
"1960","ชายทะเลท่านุ่น","พังงา","ภาคใต้","2","0"
"1961","วนอุทยานน้ำตกรามัญ","พังงา","ภาคใต้","2","0"
"1962","วัดสุวรรณคูหา","พังงา","ภาคใต้","2","0"
"1963","พิพิธภัณฑ์เหมืองลิกไนท์ กระบี่","กระบี่","ภาคใต้","2","0"
"1964","หมู่บ้านนาตีน","กระบี่","ภาคใต้","2","0"
"1965","อ่าวท่าเลน","กระบี่","ภาคใต้","2","0"
"1966","หาดคอเขา","นครศรีธรรมราช","ภาคใต้","2","0"
"1967","พิพิธภัณฑ์เฉลิมพระเกียรติเพื่อพัฒนาพื้นที่ลุ่มน้ำปากพนัง","นครศรีธรรมราช","ภาคใต้","2","0"
"1968","สำนักวิปัสสนากรรมฐานสวนพุทธธรรมวัดชายนา","นครศรีธรรมราช","ภาคใต้","2","0"
"1969","พุทธภูมิ","นครศรีธรรมราช","ภาคใต้","2","0"
"1970","เก๋งจีนวัดประดู่","นครศรีธรรมราช","ภาคใต้","2","0"
"1971","เก๋งจีนวัดแจ้ง","นครศรีธรรมราช","ภาคใต้","2","0"
"1972","พระตำหนักเมืองนคร","นครศรีธรรมราช","ภาคใต้","2","0"
"1973","สำนักศิลปและวัฒนธรรม สถาบันราชภัฏนครศรีธรรมราช","นครศรีธรรมราช","ภาคใต้","2","0"
"1974","กุฏิทรงไทยวัดวังตะวันตก","นครศรีธรรมราช","ภาคใต้","2","0"
"1975","สวนภูพนา","เพชรบูรณ์","ภาคเหนือ","2","0"
"1976","ศูนย์บริการท่องเที่ยวเชิงเกษตร (ศกร.)","เพชรบูรณ์","ภาคเหนือ","2","0"
"1977","ไร่มะขามหวานชนิกา","เพชรบูรณ์","ภาคเหนือ","2","0"
"1978","สวนสาธารณะพุน้ำร้อนพุเตย","เพชรบูรณ์","ภาคเหนือ","2","0"
"1979","ศูนย์ท่องเที่ยววัฒนธรรมม้งเข็กน้อย","เพชรบูรณ์","ภาคเหนือ","2","0"
"1980","หอสมุดนานาชาติเขาค้อ","เพชรบูรณ์","ภาคเหนือ","2","0"
"1981","สถานีเพาะเลี้ยงสัตว์ป่าเขาค้อ","เพชรบูรณ์","ภาคเหนือ","2","0"
"1982","ไร่กำนันจุล","เพชรบูรณ์","ภาคเหนือ","2","0"
"1983","วัดช้างเผือก เพชรบูรณ์","เพชรบูรณ์","ภาคเหนือ","2","0"
"1984","จุดชมวิวพระอาทิตย์ตก (ถ้ำผาหงษ์)","เพชรบูรณ์","ภาคเหนือ","2","0"
"1985","วนอุทยานน้ำตกธารทิพย์","เพชรบูรณ์","ภาคเหนือ","2","0"
"1986","วัดบ้านน้อย","พิจิตร","ภาคเหนือ","2","0"
"1987","วัดเทวประสาท","พิจิตร","ภาคเหนือ","2","0"
"1988","วัดยางสามต้นวนาราม","พิจิตร","ภาคเหนือ","2","0"
"1989","ศาลเจ้าแม่ทับทิมท่าฬ่อ","พิจิตร","ภาคเหนือ","2","0"
"1990","วัดทับคล้อ","พิจิตร","ภาคเหนือ","2","0"
"1991","สวนรุกชาติสกุโณทยาน","พิษณุโลก","ภาคเหนือ","2","0"
"1992","อุทยานแห่งชาติแก่งเจ็ดแคว","พิษณุโลก","ภาคเหนือ","2","0"
"1993","เขตห้ามล่าสัตว์ป่าเขาน้อย-เขาประดู่","พิษณุโลก","ภาคเหนือ","2","0"
"1994","อนุสาวรีย์พ่อขุนบางกลางท่าว","พิษณุโลก","ภาคเหนือ","2","0"
"1995","พิพิธภัณฑ์ผ้า มหาวิทยาลัยนเรศวร","พิษณุโลก","ภาคเหนือ","2","0"
"1996","สวนนกไทยศึกษา","พิษณุโลก","ภาคเหนือ","2","0"
"1997","สวนบุญชอบ เอมอิ่ม","สุโขทัย","ภาคเหนือ","2","0"
"1998","สาธร พิพิธภัณฑ์ผ้าทองคำ","สุโขทัย","ภาคเหนือ","2","0"
"1999","อุทยานแห่งชาติคลองวังเจ้า","ตาก","ภาคเหนือ","2","0"
"2000","ไร่ปฐมเพชร","ตาก","ภาคเหนือ","2","0"
"2001","ศาลสมเด็จพระนเรศวรมหาราช","ตาก","ภาคเหนือ","2","0"
"2002","โบราณสถานคอกช้างเผือก","ตาก","ภาคเหนือ","2","0"
"2003","วัดมงคลคีรีเขตร์","ตาก","ภาคเหนือ","2","0"
"2004","เมืองเก่าท่าสองยาง","ตาก","ภาคเหนือ","2","0"
"2005","ดอยสอยมาลัย","ตาก","ภาคเหนือ","2","0"
"2006","อุทยานแห่งชาติดอยสอยมาลัย ไม้กลายเป็นหิน","ตาก","ภาคเหนือ","2","0"
"2007","วัดพระพุทธบาทดอยโล้น","ตาก","ภาคเหนือ","2","0"
"2008","วัดชลประทานรังสรรค์","ตาก","ภาคเหนือ","2","0"
"2009","ริมสายธารลานกระทงสาย","ตาก","ภาคเหนือ","2","0"
"2010","สวนกระทงสาย","ตาก","ภาคเหนือ","2","0"
"2011","หาดทรายทองริมแม่ปิงเมืองตาก","ตาก","ภาคเหนือ","2","0"
"2012","วัดสีตลาราม","ตาก","ภาคเหนือ","2","0"
"2013","วัดพระนารายณ์มหาราช","ตาก","ภาคเหนือ","2","0"
"2014","สะพานแขวนสมโภช กรุงรัตนโกสินทร์ 200 ปี","ตาก","ภาคเหนือ","2","0"
"2015","บ่อน้ำพุร้อนพระร่วง","กำแพงเพชร","ภาคเหนือ","2","0"
"2016","อ่างเก็บน้ำคลองมดแดง","กำแพงเพชร","ภาคเหนือ","2","0"
"2017","วัดบาง","กำแพงเพชร","ภาคเหนือ","2","0"
"2018","ถ้ำพุหวาย","อุทัยธานี","ภาคเหนือ","2","0"
"2019","หลวงพ่อโตวัดผาทั่ง","อุทัยธานี","ภาคเหนือ","2","0"
"2020","วัดมณีสถิตย์กปิฏฐาราม","อุทัยธานี","ภาคเหนือ","2","0"
"2021","วัดธรรมโฆษก","อุทัยธานี","ภาคเหนือ","2","0"
"2022","สวนรุกขชาติไพศาลี","นครสวรรค์","ภาคเหนือ","2","0"
"2023","พุทธศาสนสถานหลวงพ่อดำ","นครสวรรค์","ภาคเหนือ","2","0"
"2024","เมืองเก่าเวสาลี","นครสวรรค์","ภาคเหนือ","2","0"
"2025","วัดป่าสิริวัฒนวิสุทธิ์","นครสวรรค์","ภาคเหนือ","2","0"
"2026","วัดช่องแค","นครสวรรค์","ภาคเหนือ","2","0"
"2027","วนอุทยานถ้ำเพชร-ถ้ำทอง","นครสวรรค์","ภาคเหนือ","2","0"
"2028","วัดเขาดินใต้","นครสวรรค์","ภาคเหนือ","2","0"
"2029","เขาพระ-เขาสูง","นครสวรรค์","ภาคเหนือ","2","0"
"2030","วัดหนองกลับ","นครสวรรค์","ภาคเหนือ","2","0"
"2031","วัดเกยไชยเหนือ","นครสวรรค์","ภาคเหนือ","2","0"
"2032","วัดบางมะฝ่อ","นครสวรรค์","ภาคเหนือ","2","0"
"2033","น้ำตกวังน้ำวิ่ง","นครสวรรค์","ภาคเหนือ","2","0"
"2034","เมืองโบราณโคกไม้เดน","นครสวรรค์","ภาคเหนือ","2","0"
"2035","วัดพระปรางค์เหลือง","นครสวรรค์","ภาคเหนือ","2","0"
"2036","อุทยานสวรรค์ (หนองสมบูรณ์)","นครสวรรค์","ภาคเหนือ","2","0"
"2037","อาคารแสดงพันธุ์สัตว์น้ำบึงบอระเพ็ดเฉลิมพระเกียรติ 80 พรรษา (5 ธันวาคม 2550)","นครสวรรค์","ภาคเหนือ","2","0"
"2038","ศูนย์วิจัยและพัฒนาประมงน้ำจืดนครสวรรค์","นครสวรรค์","ภาคเหนือ","2","0"
"2039","หอชมเมืองนครสวรรค์","นครสวรรค์","ภาคเหนือ","2","0"
"2040","ศาลเจ้าแม่หน้าผา","นครสวรรค์","ภาคเหนือ","2","0"
"2041","วัดศรีสวรรค์สังฆาราม (วัดถือน้ำ)","นครสวรรค์","ภาคเหนือ","2","0"
"2042","วัดวรนาถบรรพต (เขากบ)","นครสวรรค์","ภาคเหนือ","2","0"
"2043","วัดจอมคีรีนาคพรต (วัดเขา)","นครสวรรค์","ภาคเหนือ","2","0"
"2044","วัดเกาะหงษ์","นครสวรรค์","ภาคเหนือ","2","0"
"2045","ศาลาที่ประทับ ร.๕ หน้าวัดเขื่อนแดง","นครสวรรค์","ภาคเหนือ","2","0"
"2046","สะพานเดชาติวงศ์","นครสวรรค์","ภาคเหนือ","2","0"
"2047","ถ้ำน้ำบ่อผี","แม่ฮ่องสอน","ภาคเหนือ","2","0"
"2048","ถ้ำน้ำลอด","แม่ฮ่องสอน","ภาคเหนือ","2","0"
"2049","อุทยานแห่งชาติแม่เงา","แม่ฮ่องสอน","ภาคเหนือ","2","0"
"2050","หมู่บ้านละว้า","แม่ฮ่องสอน","ภาคเหนือ","2","0"
"2051","โครงการพระราชดำริปางตอง 2 (ปางอุ๋ง)","แม่ฮ่องสอน","ภาคเหนือ","2","0"
"2052","ทุ่งบัวตองดอยแม่เหาะ","แม่ฮ่องสอน","ภาคเหนือ","2","0"
"2053","หมู่บ้านศูนย์วัฒนธรรมจีนยูนนานบ้านสันติชล","แม่ฮ่องสอน","ภาคเหนือ","2","0"
"2054","น้ำตกซู่ซ่า","แม่ฮ่องสอน","ภาคเหนือ","2","0"
"2055","วัดถ้ำป่าอาชาทอง","เชียงราย","ภาคเหนือ","2","0"
"2056","สถูปดอยช้างมูบ","เชียงราย","ภาคเหนือ","2","0"
"2057","พระตำหนักดอยตุง","เชียงราย","ภาคเหนือ","2","0"
"2058","อนุสรณ์ชาวไทยเชื้อสายจีน","เชียงราย","ภาคเหนือ","2","0"
"2059","ศูนย์วิจัยและพัฒนาการเกษตรที่สูงเชียงราย","เชียงราย","ภาคเหนือ","2","0"
"2060","สวนป่าแม่ยาว-แม่ซ้าย","เชียงราย","ภาคเหนือ","2","0"
"2061","วัดศรีเกิด","เชียงราย","ภาคเหนือ","2","0"
"2062","วัดมุงเมือง","เชียงราย","ภาคเหนือ","2","0"
"2063","วัดมิ่งเมือง","เชียงราย","ภาคเหนือ","2","0"
"2064","พิพิธภัณฑ์ชาวเขา","เชียงราย","ภาคเหนือ","2","0"
"2065","ศาลารอยพระบาท พระบาทสมเด็จพระเจ้าอยู่หัวภูมิพลอดุลยเดช","เชียงราย","ภาคเหนือ","2","0"
"2066","ถ้ำผาจม","เชียงราย","ภาคเหนือ","2","0"
"2067","ถ้ำปุ่ม ถ้ำปลา","เชียงราย","ภาคเหนือ","2","0"
"2068","แหล่งท่องเที่ยวภูลังกา","พะเยา","ภาคเหนือ","2","0"
"2069","อุทยานแห่งชาติแม่ปืม","พะเยา","ภาคเหนือ","2","0"
"2070","ศูนย์พัฒนาโครงการหลวงปังค่า","พะเยา","ภาคเหนือ","2","0"
"2071","น้ำตกห้วยชมพู","พะเยา","ภาคเหนือ","2","0"
"2072","ต้นดิกเดียม วัดปรางค์","น่าน","ภาคเหนือ","2","0"
"2073","เสาดินนาน้อยและคอกเสือ","น่าน","ภาคเหนือ","2","0"
"2074","สถานีพัฒนาการเกษตรที่สูงตามพระราชดำริ ภูพยัคฆ์","น่าน","ภาคเหนือ","2","0"
"2075","วัดท่าถนน","อุตรดิตถ์","ภาคเหนือ","2","0"
"2076","อุทยานแห่งชาติแม่วะ","ลำปาง","ภาคเหนือ","2","0"
"2077","อ่างเก็บน้ำแม่มอก","ลำปาง","ภาคเหนือ","2","0"
"2078","น้ำตกวังแก้ว","ลำปาง","ภาคเหนือ","2","0"
"2079","สะพานรัษฎาภิเศก","ลำปาง","ภาคเหนือ","2","0"
"2080","อุทยานแห่งชาติดอยจง","ลำปาง","ภาคเหนือ","2","0"
"2081","วัดเสลารัตนปัพพตาราม","ลำปาง","ภาคเหนือ","2","0"
"2082","ลำปางรักษ์สมุนไพร","ลำปาง","ภาคเหนือ","2","0"
"2083","วัดป่าฝาง","ลำปาง","ภาคเหนือ","2","0"
"2084","อ่างเก็บน้ำแม่ธิโครงการในพระราชดำริ","ลำพูน","ภาคเหนือ","2","0"
"2085","ศูนย์หัตถกรรมผ้าฝ้ายทอมือบ้านดอนหลวง","ลำพูน","ภาคเหนือ","2","0"
"2086","อ่างเก็บน้ำแม่วังส้าน","ลำพูน","ภาคเหนือ","2","0"
"2087","วัดสันกำแพง","ลำพูน","ภาคเหนือ","2","0"
"2088","วัดป่าซางงาม","ลำพูน","ภาคเหนือ","2","0"
"2089","อุทยานธรรมะและหอศิลป์","ลำพูน","ภาคเหนือ","2","0"
"2090","โบราณสถานวัดเกาะกลาง","ลำพูน","ภาคเหนือ","2","0"
"2091","วัดพระธาตุดอยกวางคำ","ลำพูน","ภาคเหนือ","2","0"
"2092","ศูนย์พัฒนาโครงการหลวงพระบาทห้วยต้ม","ลำพูน","ภาคเหนือ","2","0"
"2093","พระธาตุดวงเดียว","ลำพูน","ภาคเหนือ","2","0"
"2094","วัดมหาธาตุเจดีย์ศรีเวียงชัย","ลำพูน","ภาคเหนือ","2","0"
"2095","พระธาตุเจดีย์ห้าดวง","ลำพูน","ภาคเหนือ","2","0"
"2096","วัดบ้านปาง","ลำพูน","ภาคเหนือ","2","0"
"2097","พระพุทธบาทถ้ำป่าไผ่","ลำพูน","ภาคเหนือ","2","0"
"2098","หมู่บ้านกะเหรี่ยงแม่ขนาด","ลำพูน","ภาคเหนือ","2","0"
"2099","ชุมชนบ้านทาป่าเปา","ลำพูน","ภาคเหนือ","2","0"
"2100","สะพานขาวทาชมภู","ลำพูน","ภาคเหนือ","2","0"
"2101","ดอยขุนตาล","ลำพูน","ภาคเหนือ","2","0"
"2102","อ่างเก็บน้ำทาสบเส้า","ลำพูน","ภาคเหนือ","2","0"
"2103","บ้านม้า ลำพูน","ลำพูน","ภาคเหนือ","2","0"
"2104","ดอยขะม้อ บ่อน้ำทิพย์","ลำพูน","ภาคเหนือ","2","0"
"2105","วัดหมูเปิ้ง","ลำพูน","ภาคเหนือ","2","0"
"2106","วัดพระคงฤาษี","ลำพูน","ภาคเหนือ","2","0"
"2107","สวนส้มธนาธร","เชียงใหม่","ภาคเหนือ","2","0"
"2108","ศูนย์การเรียนรู้ปรัชญาเศรษฐกิจพอเพียงตามแนวพระราชดำริฯ","เชียงใหม่","ภาคเหนือ","2","0"
"2109","บ้านควายไทย","เชียงใหม่","ภาคเหนือ","2","0"
"2110","สวนสัตว์แมลงสยาม","เชียงใหม่","ภาคเหนือ","2","0"
"2111","สวนกล้วยไม้และฟาร์มผีเสื้อ","เชียงใหม่","ภาคเหนือ","2","0"
"2112","กาดดารา","เชียงใหม่","ภาคเหนือ","2","0"
"2113","น้ำตกแม่สา","เชียงใหม่","ภาคเหนือ","2","0"
"2114","ปางช้างแอลลี่","เชียงใหม่","ภาคเหนือ","2","0"
"2115","บ้านม้งแม่สาใหม่","เชียงใหม่","ภาคเหนือ","2","0"
"2116","พิพิธภัณฑ์แหล่งเตาเผาอินทขิล","เชียงใหม่","ภาคเหนือ","2","0"
"2117","หมู่บ้านม้งแม่ขุนวาก","เชียงใหม่","ภาคเหนือ","2","0"
"2118","ดอยม่อนจอง","เชียงใหม่","ภาคเหนือ","2","0"
"2119","พิพิธภัณฑ์วัดร้องเม็ง","เชียงใหม่","ภาคเหนือ","2","0"
"2120","สวนส้ม ไทย อโกร แพลนเทค","เชียงใหม่","ภาคเหนือ","2","0"
"2121","ถนนนิมมานเหมินทร์","เชียงใหม่","ภาคเหนือ","2","0"
"2122","ถนนคนเดินสันกำแพง","เชียงใหม่","ภาคเหนือ","2","0"
"2123","เจเจ มาร์เก็ต เชียงใหม่","เชียงใหม่","ภาคเหนือ","2","0"
"2124","อาสนวิหารพระหฤทัย","เชียงใหม่","ภาคเหนือ","2","0"
"2125","วัดอู่ทรายคำ","เชียงใหม่","ภาคเหนือ","2","0"
"2126","วัดพวกหงษ์","เชียงใหม่","ภาคเหนือ","2","0"
"2127","วัดบวกครกหลวง","เชียงใหม่","ภาคเหนือ","2","0"
"2128","สถาบันล้านนาศึกษา","เชียงใหม่","ภาคเหนือ","2","0"
"2129","พิพิธภัณฑ์บ้านคำอูน","เชียงใหม่","ภาคเหนือ","2","0"
"2130","พิพิธภัณฑ์ ธนาคารแห่งประเทศไทย สำนักงานภาคเหนือ","เชียงใหม่","ภาคเหนือ","2","0"
"2131","ศูนย์ธรรมชาติวิทยาดอยสุเทพเฉลิมพระเกียรติฯ","เชียงใหม่","ภาคเหนือ","2","0"
"2132","บ้านป๊อก","เชียงใหม่","ภาคเหนือ","2","0"
"2133","พิพิธภัณฑ์พระพิฆเนศ","เชียงใหม่","ภาคเหนือ","2","0"
"2134","น้ำตกทีลอเล","ตาก","ภาคเหนือ","2","0"
"2135","น้ำตกเซปละ","ตาก","ภาคเหนือ","2","0"
"2136","น้ำตกทีลอจ่อ","ตาก","ภาคเหนือ","2","0"
"2137","แม่น้ำเมย","ตาก","ภาคเหนือ","2","0"
"2138","อ่าวนุ่น","สตูล","ภาคใต้","2","0"
"2139","หมู่เกาะดง","สตูล","ภาคใต้","2","0"
"2140","อ่าวสน","สตูล","ภาคใต้","2","0"
"2141","อ่าวพันเตมะละกา","สตูล","ภาคใต้","2","0"
"2142","เกาะกำ","ระนอง","ภาคใต้","2","0"
"2143","เกาะพยาม","ระนอง","ภาคใต้","2","0"
"2144","บ่อน้ำร้อน-สวนสาธารณะรักษะวาริน","ระนอง","ภาคใต้","2","0"
"2145","ศูนย์ศิลปหัตถกรรมรูปหนังบางแก้ว","พัทลุง","ภาคใต้","2","0"
"2146","อุทยานแห่งชาติเขาปู่-เขาย่า","พัทลุง","ภาคใต้","2","0"
"2147","ศูนย์รวมหัตถกรรมกะลามะพร้าวเมืองพัทลุง","พัทลุง","ภาคใต้","2","0"
"2148","เขตรักษาพันธุ์สัตว์ป่าถ้ำเจ้าราม","สุโขทัย","ภาคเหนือ","2","0"
"2149","น้ำตกตาดดาว","สุโขทัย","ภาคเหนือ","2","0"
"2150","ศูนย์ศึกษาและอนุรักษ์เตาสังคโลก","สุโขทัย","ภาคเหนือ","2","0"
"2151","วัดพระศรีรัตนมหาธาตุเชลียง","สุโขทัย","ภาคเหนือ","2","0"
"2152","สวนหลวงพระร่วงเฉลิมพระเกียรติ (ทุ่งแม่ระวิง)","สุโขทัย","ภาคเหนือ","2","0"
"2153","หาดกะรนน้อย","ภูเก็ต","ภาคใต้","2","0"
"2154","ศูนย์อนุรักษ์อุทยานใต้ทะเลจุฬาภรณ์","พังงา","ภาคใต้","2","0"
"2155","แหลมปะการัง","พังงา","ภาคใต้","2","0"
"2156","เกาะคอเขา","พังงา","ภาคใต้","2","0"
"2157","กำแพงค่าย พระยาเสนานุชิต","พังงา","ภาคใต้","2","0"
"2158","อ่าวมังกร","พังงา","ภาคใต้","2","0"
"2159","วัดพระธาตุจอมทอง","แม่ฮ่องสอน","ภาคเหนือ","2","0"
"2160","อนุสรณ์สถานมิตรภาพไทย-ญี่ปุ่น","แม่ฮ่องสอน","ภาคเหนือ","2","0"
"2161","พระตำหนักปางตอง","แม่ฮ่องสอน","ภาคเหนือ","2","0"
"2162","น้ำตกผาเสื่อ","แม่ฮ่องสอน","ภาคเหนือ","2","0"
"2163","อุทยานแห่งชาติถ้ำปลา-น้ำตกผาเสื่อ","แม่ฮ่องสอน","ภาคเหนือ","2","0"
"2164","น้ำตกผาบ่อง","แม่ฮ่องสอน","ภาคเหนือ","2","0"
"2165","เกาะไก่","กระบี่","ภาคใต้","2","0"
"2166","เขากาโรส","กระบี่","ภาคใต้","2","0"
"2167","ศูนย์ส่งเสริมและพัฒนาอาชีพการเกษตรจังหวัดกระบี่ (พืชสวน)","กระบี่","ภาคใต้","2","0"
"2168","หาดทับแขก","กระบี่","ภาคใต้","2","0"
"2169","หาดคลองม่วง","กระบี่","ภาคใต้","2","0"
"2170","เกาะไผ่","กระบี่","ภาคใต้","2","0"
"2171","วัดพระธาตุผาเงา","เชียงราย","ภาคเหนือ","2","0"
"2172","กู่พระเจ้าเม็งราย","เชียงราย","ภาคเหนือ","2","0"
"2173","เขื่อนแม่งัดสมบูรณ์ชล","เชียงใหม่","ภาคเหนือ","2","0"
"2174","ถ้ำแก้วโครำ","ชุมพร","ภาคใต้","2","0"
"2175","น้ำตกผาเท","ตาก","ภาคเหนือ","2","0"
"2176","น้ำตกตาดม่าน","น่าน","ภาคเหนือ","2","0"
"2177","ศาลหลักเมืองปัตตานี","ปัตตานี","ภาคใต้","2","0"
"2178","น้ำตกโตนต้นเตย","พังงา","ภาคใต้","2","0"
"2179","สุสานเจ้าเมืองระนอง","ระนอง","ภาคใต้","2","0"
"2180","วัดม่อนพญาแช่","ลำปาง","ภาคเหนือ","2","0"
"2181","หาดปากบารา","สตูล","ภาคใต้","2","0"
"2182","พระพุทธบาทเขาเล่","สุราษฎร์ธานี","ภาคใต้","2","0"
"2183","วัดพระธาตุจอมปิง","ลำปาง","ภาคเหนือ","2","0"
"2184","วัดมุจลินทวาปีวิหาร","ปัตตานี","ภาคใต้","2","0"
"2185","น้ำตกหินเพิง","กระบี่","ภาคใต้","2","0"
"2186","น้ำตกผาผึ้ง","ตาก","ภาคเหนือ","2","0"
"2187","วัดชลธาราสิงเห","นราธิวาส","ภาคใต้","2","0"
"2188","ถ้ำผาหลัก","น่าน","ภาคเหนือ","2","0"
"2189","อุทยานแห่งชาติภูซาง","พะเยา","ภาคเหนือ","2","0"
"2190","น้ำตกโตนช่องฟ้า","พังงา","ภาคใต้","2","0"
"2191","วัดเขารูปช้าง","พิจิตร","ภาคเหนือ","2","0"
"2192","พระตำหนักเขาค้อ","เพชรบูรณ์","ภาคเหนือ","2","0"
"2193","บ่อน้ำร้อนเบตง","ยะลา","ภาคใต้","2","0"
"2194","ทะเลสาบสงขลา","สงขลา","ภาคใต้","2","0"
"2195","อุทยานวิทยาศาสตร์ มหาวิทยาลัยสงขลานครินทร์","สงขลา","ภาคใต้","2","0"
"2196","น้ำตกยาโรย","สตูล","ภาคใต้","2","0"
"2197","อาคารสัญลักษณ์ต้นแม่น้ำเจ้าพระยา(พาสาน)","นครสวรรค์","ภาคเหนือ","2","0"
"2198","วัดสังกัสรัตนคีรี","อุทัยธานี","ภาคเหนือ","2","0"
"2199","วนอุทยานทุ่งบัวตอง","แม่ฮ่องสอน","ภาคเหนือ","2","0"
"2200","น้ำตกป่าหวาย","ตาก","ภาคเหนือ","2","0"
"2201","วัดถ้ำคูหา","สุราษฎร์ธานี","ภาคใต้","2","0"
"2202","น้ำตกลาดเตย","พัทลุง","ภาคใต้","2","0"
"2203","น้ำตกอินทสร","ยะลา","ภาคใต้","2","0"
"2204","มัสยิดกลางนราธิวาส (เก่า)","นราธิวาส","ภาคใต้","2","0"
"2205","วัดห้วยเขน","พิจิตร","ภาคเหนือ","2","0"
"2206","สำนักวิปัสสนาถ้ำตุ๊ปู่","เชียงราย","ภาคเหนือ","2","0"
"2207","หอวัฒนธรรมจังหวัดนครสวรรค์","นครสวรรค์","ภาคเหนือ","2","0"
"2208","วัดราษฎร์บูรณะ (วัดช้างให้)","ปัตตานี","ภาคใต้","2","0"
"2209","น้ำตกแสงทอง","พังงา","ภาคใต้","2","0"
"2210","ศิลาสลักพระปรมาภิไธย ย่อ จปร.","ระนอง","ภาคใต้","2","0"
"2211","พิพิธภัณฑสถานแห่งชาติสงขลา","สงขลา","ภาคใต้","2","0"
"2212","น้ำตกละอองรุ้ง","ยะลา","ภาคใต้","2","0"
"2213","วัดหาดส้มแป้น","ระนอง","ภาคใต้","2","0"
"2214","เชียงรายไนท์บาซ่าร์","เชียงราย","ภาคเหนือ","2","0"
"2215","วนอุทยานปราสาทนางผมหอม","ปัตตานี","ภาคใต้","2","0"
"2216","น้ำตกร้อน","กระบี่","ภาคใต้","2","0"
"2217","วัดถ้ำเขาเกรียบ","ชุมพร","ภาคใต้","2","0"
"2218","ศาลเจ้าพ่อเทพารักษ์-เจ้าแม่ทับทิม","นครสวรรค์","ภาคเหนือ","2","0"
"2219","หาดนราทัศน์","นราธิวาส","ภาคใต้","2","0"
"2220","วัดพระธาตุดอยจุก","พะเยา","ภาคเหนือ","2","0"
"2221","น้ำตกเต่าทอง","พังงา","ภาคใต้","2","0"
"2222","วัดหิรัญญาราม (วัดบางคลาน)","พิจิตร","ภาคเหนือ","2","0"
"2223","น้ำตกแก่งซอง","พิษณุโลก","ภาคเหนือ","2","0"
"2224","ถ้ำแม่ฮู","แม่ฮ่องสอน","ภาคเหนือ","2","0"
"2225","พลับพลาวิหารแดง","สงขลา","ภาคใต้","2","0"
"2226","พระธาตุศรีสุราษฎร์","สุราษฎร์ธานี","ภาคใต้","2","0"
"2227","วัดปงยางคก","ลำปาง","ภาคเหนือ","2","0"
"2228","บึงขุนทะเล","สุราษฎร์ธานี","ภาคใต้","2","0"
"2229","ทุ่งหญ้าวังประ","สตูล","ภาคใต้","2","0"
"2230","กะเหรี่ยงคอยาวบ้านห้วยเสือเฒ่า","แม่ฮ่องสอน","ภาคเหนือ","2","0"
"2231","วัดมหาธาตุ","พิจิตร","ภาคเหนือ","2","0"
"2232","อุทยานแห่งชาติถ้ำผาไท","ลำปาง","ภาคเหนือ","2","0"
"2233","สระมรกต","กระบี่","ภาคใต้","2","0"
"2234","วัดถ้ำเขาทะเลทรัพย์","ชุมพร","ภาคใต้","2","0"
"2235","ดอยแม่สลอง","เชียงราย","ภาคเหนือ","2","0"
"2236","น้ำตกธารารักษ์","ตาก","ภาคเหนือ","2","0"
"2237","พิพิธภัณฑ์พื้นบ้านโละจูด","นราธิวาส","ภาคใต้","2","0"
"2238","คอคอดกระ","ระนอง","ภาคใต้","2","0"
"2239","น้ำตกหินลาด","พังงา","ภาคใต้","2","0"
"2240","น้ำตกโตนแพรทอง","พัทลุง","ภาคใต้","2","0"
"2241","วัดสุวรรณคีรีวิหาร","ระนอง","ภาคใต้","2","0"
"2242","พิพิธภัณฑ์อาวุธ","เพชรบูรณ์","ภาคเหนือ","2","0"
"2243","ตำหนักเขาน้อย","สงขลา","ภาคใต้","2","0"
"2244","วัดจันทาราม","อุทัยธานี","ภาคเหนือ","2","0"
"2245","วัดพระพุทธบาทเขารวก","พิจิตร","ภาคเหนือ","2","0"
"2246","ป้อมปากน้ำแหลมทราย","สงขลา","ภาคใต้","2","0"
"2247","มัสยิดกลางจังหวัดปัตตานี","ปัตตานี","ภาคใต้","2","0"
"2248","พิพิธภัณฑสถานแห่งชาติกำแพงเพชร","กำแพงเพชร","ภาคเหนือ","2","0"
"2249","ภูเขาไฟผาลาด","ลำปาง","ภาคเหนือ","2","0"
"2250","น้ำตกลำรู่","พังงา","ภาคใต้","2","0"
"2251","พระตำหนักพระศรีนครินทราบรมราชชนนี","พะเยา","ภาคเหนือ","2","0"
"2252","น้ำตกธารโบกขรณี","กระบี่","ภาคใต้","2","0"
"2253","วัดถ้ำเขาขุนกระทิง","ชุมพร","ภาคใต้","2","0"
"2254","เทศกาลดอกบัวตองบานที่ดอยหัวแม่คำ","เชียงราย","ภาคเหนือ","2","0"
"2255","พระตำหนักทักษิณราชนิเวศน์","นราธิวาส","ภาคใต้","2","0"
"2256","ถ้ำผีแมน","แม่ฮ่องสอน","ภาคเหนือ","2","0"
"2257","น้ำตกตะวันรัศมี","ยะลา","ภาคใต้","2","0"
"2258","ภูเขาหญ้า","ระนอง","ภาคใต้","2","0"
"2259","น้ำตกสิรินธร","นราธิวาส","ภาคใต้","2","0"
"2260","บ้านทองสมสมัย","สุโขทัย","ภาคเหนือ","2","0"
"2261","ดอยวาวี","เชียงราย","ภาคเหนือ","2","0"
"2262","น้ำตกสี่ขีด","นครศรีธรรมราช","ภาคใต้","2","0"
"2263","วัดนครสวรรค์ (วัดหัวเมือง)","นครสวรรค์","ภาคเหนือ","2","0"
"2264","มัสยิดกรือเซะ","ปัตตานี","ภาคใต้","2","0"
"2265","ฝั่งต้า","พะเยา","ภาคเหนือ","2","0"
"2266","น้ำตกลำปี","พังงา","ภาคใต้","2","0"
"2267","วัดนครชุม","พิจิตร","ภาคเหนือ","2","0"
"2268","น้ำตกท่าช้าง","พัทลุง","ภาคใต้","2","0"
"2269","น้ำตกศรีดิษฐ์","เพชรบูรณ์","ภาคเหนือ","2","0"
"2270","ถ้ำผามอน","แม่ฮ่องสอน","ภาคเหนือ","2","0"
"2271","น้ำตกตาดเมย","ลำพูน","ภาคเหนือ","2","0"
"2272","บ้านศรัทธา","สงขลา","ภาคใต้","2","0"
"2273","ป้อมทุ่งเศรษฐี","กำแพงเพชร","ภาคเหนือ","2","0"
"2274","วัดท่าหลวง พระอารามหลวง","พิจิตร","ภาคเหนือ","2","0"
"2275","น้ำตกปาโจ","นราธิวาส","ภาคใต้","2","0"
"2276","น้ำตกธารสวรรค์","พะเยา","ภาคเหนือ","2","0"
"2277","น้ำตกตะโหมด","พัทลุง","ภาคใต้","2","0"
"2278","น้ำตกโตนเพชร","ระนอง","ภาคใต้","2","0"
"2279","วัดเทพเจริญ","ชุมพร","ภาคใต้","2","0"
"2280","อุทยานแห่งชาติถ้ำหลวง - ขุนน้ำนางนอน (เตรียมการ)","เชียงราย","ภาคเหนือ","2","0"
"2281","ถ้ำแม่อุสุ","ตาก","ภาคเหนือ","2","0"
"2282","วัดถ้ำพรสวรรค์","นครสวรรค์","ภาคเหนือ","2","0"
"2283","น้ำตกก้อหลวง","ลำพูน","ภาคเหนือ","2","0"
"2284","ถ้ำเขาทะนาน","สตูล","ภาคใต้","2","0"
"2285","บ่อน้ำศักดิ์สิทธิ์ วัดแหลมบ่อท่อ","สงขลา","ภาคใต้","2","0"
"2286","ดอยหัวหมด","ตาก","ภาคเหนือ","2","0"
"2287","จุดชมวิวสามอ่าว","ภูเก็ต","ภาคใต้","2","0"
"2288","อุทยานแห่งชาติน้ำตกซีโป","นราธิวาส","ภาคใต้","2","0"
"2289","กลุ่มทอผ้าไทลื้อบ้านหล่ายทุ่ง","น่าน","ภาคเหนือ","2","0"
"2290","น้ำตกตำหนัง","พังงา","ภาคใต้","2","0"
"2291","น้ำตกอีซ่า","อุทัยธานี","ภาคเหนือ","2","0"
"2292","ถ้ำเพชร","กระบี่","ภาคใต้","2","0"
"2293","ถ้ำพิสดาร","ชุมพร","ภาคใต้","2","0"
"2294","ดอยดินแดง เครื่องปั้นดินเผา","เชียงราย","ภาคเหนือ","2","0"
"2295","วนอุทยานถ้ำตะโค๊ะบิ","ตาก","ภาคเหนือ","2","0"
"2296","วัดท่าช้าง","พิจิตร","ภาคเหนือ","2","0"
"2297","น้ำตกปอย","พิษณุโลก","ภาคเหนือ","2","0"
"2298","จุดชมวิวดอยช้าง","แม่ฮ่องสอน","ภาคเหนือ","2","0"
"2299","ทุ่งกิ๊ก","ลำพูน","ภาคเหนือ","2","0"
"2300","น้ำพุร้อน","สงขลา","ภาคใต้","2","0"
"2301","สุสานบ้านดาโต๊ะ (สุสานโต๊ะปาแย)","ปัตตานี","ภาคใต้","2","0"
"2302","ดอยปู่หมื่น","เชียงใหม่","ภาคเหนือ","2","0"
"2303","จุดชมวิวกิ่วลม","แม่ฮ่องสอน","ภาคเหนือ","2","0"
"2304","ถ้ำมาลัย","พัทลุง","ภาคใต้","2","0"
"2305","น้ำตกโตนงาช้าง","สงขลา","ภาคใต้","2","0"
"2306","น้ำตกฉัตรวาริน","นราธิวาส","ภาคใต้","2","0"
"2307","ต้นกระบากใหญ่","ตาก","ภาคเหนือ","2","0"
"2308","น้ำตกแม่โถ","เชียงราย","ภาคเหนือ","2","0"
"2309","ดอยมด","เชียงราย","ภาคเหนือ","2","0"
"2310","อุทยานแห่งชาติขุนแจ","เชียงราย","ภาคเหนือ","2","0"
"2311","ศูนย์ส่งเสริมการเกษตรที่สูงหัวแม่คำ","เชียงราย","ภาคเหนือ","2","0"
"2312","น้ำตกกรุงชิง","นครศรีธรรมราช","ภาคใต้","2","0"
"2313","บ้านเทอดไทย","เชียงราย","ภาคเหนือ","2","0"
"2314","บ้านม้งเก้าหลัง","เชียงราย","ภาคเหนือ","2","0"
"2315","น้ำพุร้อนป่าตึง","เชียงราย","ภาคเหนือ","2","0"
"2316","น้ำตกปางสา","เชียงราย","ภาคเหนือ","2","0"
"2317","วัดร่องขุ่น","เชียงราย","ภาคเหนือ","2","0"
"2318","กว๊านพะเยา","พะเยา","ภาคเหนือ","2","0"
"2319","วัดกลางเวียง","เชียงราย","ภาคเหนือ","2","0"
"2320","วัดศรีบุญเรือง","เชียงราย","ภาคเหนือ","2","0"
"2321","น้ำตกนางแลใน","เชียงราย","ภาคเหนือ","2","0"
"2322","น้ำพุร้อนห้วยหมากเลี่ยม","เชียงราย","ภาคเหนือ","2","0"
"2323","บ่อน้ำพุร้อนห้วยทรายขาว","เชียงราย","ภาคเหนือ","2","0"
"2324","สถานีทดลองเกษตรที่สูงแม่จอนหลวง","เชียงใหม่","ภาคเหนือ","2","0"
"2325","อ่างเก็บน้ำห้วยตาดควัน","เชียงราย","ภาคเหนือ","2","0"
"2326","ชายแดนไทย-ลาว อำเภอเชียงแสน","เชียงราย","ภาคเหนือ","2","0"
"2327","บ้านท้องฝาย","เชียงใหม่","ภาคเหนือ","2","0"
"2328","จุดชมวิวบริเวณห้วยน้ำดัง","เชียงใหม่","ภาคเหนือ","2","0"
"2329","วัดศรีดอนชัย","เชียงราย","ภาคเหนือ","2","0"
"2330","วัดป่าแดด","เชียงใหม่","ภาคเหนือ","2","0"
"2331","บ้านกิ่วกาญจน์","เชียงราย","ภาคเหนือ","2","0"
"2332","ป่าสนบ้านวัดจันทร์","เชียงใหม่","ภาคเหนือ","2","0"
"2333","อุทยานศิลปะวัฒนธรรมแม่ฟ้าหลวง","เชียงราย","ภาคเหนือ","2","0"
"2334","โป่งน้ำร้อนห้วยหินฝน","เชียงราย","ภาคเหนือ","2","0"
"2335","วัดป่าเป้า","เชียงใหม่","ภาคเหนือ","2","0"
"2336","โป่งน้ำร้อนปูเฟื่อง","เชียงราย","ภาคเหนือ","2","0"
"2337","เมืองโบราณเวียงกาหลง","เชียงราย","ภาคเหนือ","2","0"
"2338","วัดพันเตา","เชียงใหม่","ภาคเหนือ","2","0"
"2339","วัดปราสาท","เชียงใหม่","ภาคเหนือ","2","0"
"2340","วัดอุปคุต","เชียงใหม่","ภาคเหนือ","2","0"
"2341","ถ้ำพุงช้าง","พังงา","ภาคใต้","2","0"
"2342","วัดบุปผาราม","เชียงใหม่","ภาคเหนือ","2","0"
"2343","อ่างเก็บน้ำถ้ำเสาหินพญานาค","เชียงราย","ภาคเหนือ","2","0"
"2344","อุทยานแห่งชาติดอยหลวง","เชียงราย","ภาคเหนือ","2","0"
"2345","หมู่บ้านคุ้ม","เชียงใหม่","ภาคเหนือ","2","0"
"2346","วนอุทยานประวัติศาสตร์เวียงเชียงรุ้ง","เชียงราย","ภาคเหนือ","2","0"
"2347","หมู่บ้านขอบด้ง","เชียงใหม่","ภาคเหนือ","2","0"
"2348","อาคารเทิดพระเกียรติ 90 ปี","เชียงราย","ภาคเหนือ","2","0"
"2349","อนุสาวรีย์พ่อขุนเม็งรายมหาราช","เชียงราย","ภาคเหนือ","2","0"
"2350","สวนบอนไซ","เชียงใหม่","ภาคเหนือ","2","0"
"2351","จุดชมวิวกิ่วลม เชียงใหม่","เชียงใหม่","ภาคเหนือ","2","0"
"2352","หาดเชียงราย","เชียงราย","ภาคเหนือ","2","0"
"2353","ถ้ำน้ำลอด เขาพลู","ชุมพร","ภาคใต้","2","0"
"2354","สถานีเกษตรหลวงอ่างขาง","เชียงใหม่","ภาคเหนือ","2","0"
"2355","แก่งผาได","เชียงราย","ภาคเหนือ","2","0"
"2356","หาดไคร้","เชียงราย","ภาคเหนือ","2","0"
"2357","ดอยผาตั้ง","เชียงราย","ภาคเหนือ","2","0"
"2358","บ้านผาหมี","เชียงราย","ภาคเหนือ","2","0"
"2359","หมู่บ้านแสนใจ (สามแยกอีก้อ)","เชียงราย","ภาคเหนือ","2","0"
"2360","หมู่บ้านกะเหรี่ยงรวมมิตร","เชียงราย","ภาคเหนือ","2","0"
"2361","อ่างกาหลวง","เชียงใหม่","ภาคเหนือ","2","0"
"2362","หนองรงค์","เชียงราย","ภาคเหนือ","2","0"
"2363","บึงบอระเพ็ด","นครสวรรค์","ภาคเหนือ","2","0"
"2364","หนองน้ำพุ","เชียงราย","ภาคเหนือ","2","0"
"2365","น้ำตกแม่เตี๊ยะ","เชียงใหม่","ภาคเหนือ","2","0"
"2366","สามเหลี่ยมทองคำ","เชียงราย","ภาคเหนือ","2","0"
"2367","โรงงานไทยศิลาดล","เชียงใหม่","ภาคเหนือ","2","0"
"2368","กลุ่มสตรีสหกรณ์ดอนไชย-ไร่อ้อย","น่าน","ภาคเหนือ","2","0"
"2369","โรงงานทำเครื่องเขิน","เชียงใหม่","ภาคเหนือ","2","0"
"2370","สวนสมเด็จพระศรีนครินทร์","เชียงราย","ภาคเหนือ","2","0"
"2371","แอ่งน้ำหูแร่","พัทลุง","ภาคใต้","2","0"
"2372","สวนรุกขชาติแม่ฟ้าหลวง","เชียงราย","ภาคเหนือ","2","0"
"2373","สถานีเกษตรหลวงอินทนนท์","เชียงใหม่","ภาคเหนือ","2","0"
"2374","โครงการหลวงห้วยลึก","เชียงใหม่","ภาคเหนือ","2","0"
"2375","เขตรักษาพันธุ์สัตว์ป่าโตนปริวรรต","พังงา","ภาคใต้","2","0"
"2376","ศูนย์พัฒนาโครงการหลวงทุ่งเริง (สวนกุหลาบหลวงห้วยผักไผ๋)","เชียงใหม่","ภาคเหนือ","2","0"
"2377","พลับพลาที่ประทับของรัชกาลที่ 7","ปัตตานี","ภาคใต้","2","0"
"2378","ศูนย์ส่งเสริมและพัฒนาอาชีพการเกษตรจังหวัดเชียงราย (เกษตรที่สูง)","เชียงราย","ภาคเหนือ","2","0"
"2379","ศาลหลักเมืองแม่สาย","เชียงราย","ภาคเหนือ","2","0"
"2380","เกาะห้อง","พังงา","ภาคใต้","2","0"
"2381","สวนสมเด็จพระศรีนครินทร์","พังงา","ภาคใต้","2","0"
"2382","ศาลสมเด็จพระนเรศวรมหาราช","เชียงราย","ภาคเหนือ","2","0"
"2383","วนอุทยานน้ำตกแม่สวรรค์น้อย","แม่ฮ่องสอน","ภาคเหนือ","2","0"
"2384","วนอุทยานน้ำตกน้ำมิน","พะเยา","ภาคเหนือ","2","0"
"2385","วัดผาสุการาม","เชียงราย","ภาคเหนือ","2","0"
"2386","ชายทะเลบ้านนาใต้","พังงา","ภาคใต้","2","0"
"2387","วนอุทยานถ้ำแก้วโกมล","แม่ฮ่องสอน","ภาคเหนือ","2","0"
"2388","วัดพระธาตุดอยแก้ว","เชียงราย","ภาคเหนือ","2","0"
"2389","ชุมชนบ้านนาป่าแปก","แม่ฮ่องสอน","ภาคเหนือ","2","0"
"2390","วัดอุดมวารี","เชียงราย","ภาคเหนือ","2","0"
"2391","หาดบางเนียง","พังงา","ภาคใต้","2","0"
"2392","ภูโคลน คันทรีคลับ เฮลท์ มัท สปา","แม่ฮ่องสอน","ภาคเหนือ","2","0"
"2393","หาดนางทอง","พังงา","ภาคใต้","2","0"
"2394","อนุสาวรีย์พระยาสิงหนาทราชา","แม่ฮ่องสอน","ภาคเหนือ","2","0"
"2395","แก่งบกไฟ","ชุมพร","ภาคใต้","2","0"
"2396","แม่น้ำปาย","แม่ฮ่องสอน","ภาคเหนือ","2","0"
"2397","เรือรบหลวงชุมพร","ชุมพร","ภาคใต้","2","0"
"2398","เขาเจ้าเมือง","ชุมพร","ภาคใต้","2","0"
"2399","น้ำตกสายรุ้ง","พังงา","ภาคใต้","2","0"
"2400","ห้วยจอกหลวง","แม่ฮ่องสอน","ภาคเหนือ","2","0"
"2401","วัดพระแก้ว เชียงราย","เชียงราย","ภาคเหนือ","2","0"
"2402","โป่งน้ำร้อนท่าปาย","แม่ฮ่องสอน","ภาคเหนือ","2","0"
"2403","เกาะไข่","ชุมพร","ภาคใต้","2","0"
"2404","วัดพระเจ้าล้านทอง","เชียงราย","ภาคเหนือ","2","0"
"2405","วัดพระเจ้าทองทิพย์","เชียงราย","ภาคเหนือ","2","0"
"2406","น้ำตกปุญญบาล","ระนอง","ภาคใต้","2","0"
"2407","หาดไม้งาม","พังงา","ภาคใต้","2","0"
"2408","เกาะหลักแรด","ชุมพร","ภาคใต้","2","0"
"2409","ออบหลวง","เชียงใหม่","ภาคเหนือ","2","0"
"2410","อ่าวเต่า","พังงา","ภาคใต้","2","0"
"2411","เกาะเสม็ด","ชุมพร","ภาคใต้","2","0"
"2412","วัดพระสิงห์","เชียงราย","ภาคเหนือ","2","0"
"2413","โครงการอนุรักษ์พันธุ์กล้วยไม้รองเท้านารีอินทนนท์ตามพระราชดำริในพื้นที่ภาคเหนือ (ขุนยวม)","แม่ฮ่องสอน","ภาคเหนือ","2","0"
"2414","อ่าวสุเทพ","พังงา","ภาคใต้","2","0"
"2415","วัดพระธาตุแม่เจดีย์","เชียงราย","ภาคเหนือ","2","0"
"2416","เรือนประทับแรมโป่งแดง","แม่ฮ่องสอน","ภาคเหนือ","2","0"
"2417","เกาะละวะ","ชุมพร","ภาคใต้","2","0"
"2418","วัดเจดีย์หลวง","เชียงราย","ภาคเหนือ","2","0"
"2419","อ่าวผักกาด","พังงา","ภาคใต้","2","0"
"2420","วัดพระธาตุสองพี่น้อง","เชียงราย","ภาคเหนือ","2","0"
"2421","พระพุทธนิรโรคันตรายชัยวัฒน์จตุรทิศ","ลำปาง","ภาคเหนือ","2","0"
"2422","หมู่บ้านหนองอาบช้าง","เชียงใหม่","ภาคเหนือ","2","0"
"2423","ถ้ำเอราวัณ","ลำพูน","ภาคเหนือ","2","0"
"2424","เกาะไข่ใน","พังงา","ภาคใต้","2","0"
"2425","วัดเจดีย์เจ็ดยอด","เชียงราย","ภาคเหนือ","2","0"
"2426","เกาะมัตรา","ชุมพร","ภาคใต้","2","0"
"2427","วัดพระธาตุดอยกู่แก้ว","เชียงราย","ภาคเหนือ","2","0"
"2428","เกาะมะพร้าว","ชุมพร","ภาคใต้","2","0"
"2429","เกาะไข่นอก","พังงา","ภาคใต้","2","0"
"2430","อุทยานแห่งชาติสาละวิน","แม่ฮ่องสอน","ภาคเหนือ","2","0"
"2431","วัดพระธาตุจอมแจ้ง","เชียงราย","ภาคเหนือ","2","0"
"2432","เขาพิงกัน","พังงา","ภาคใต้","2","0"
"2433","การท่องเที่ยวโดยชุมชนบ้านเกาะพิทักษ์","ชุมพร","ภาคใต้","2","0"
"2434","ศูนย์อุตสาหกรรมทำร่ม","เชียงใหม่","ภาคเหนือ","2","0"
"2435","อุทยานแห่งชาติน้ำตกแม่สุรินทร์","แม่ฮ่องสอน","ภาคเหนือ","2","0"
"2436","เกาะทะลุ","ชุมพร","ภาคใต้","2","0"
"2437","อ่าวไทรเอน","พังงา","ภาคใต้","2","0"
"2438","วัดพระธาตุจอมรุ่ง","เชียงราย","ภาคเหนือ","2","0"
"2439","เขตรักษาพันธุ์สัตว์ป่าอุ้มผาง","ตาก","ภาคเหนือ","2","0"
"2440","วัดพระธาตุจอมกิตติ เชียงราย","เชียงราย","ภาคเหนือ","2","0"
"2441","อ่าวจาก","พังงา","ภาคใต้","2","0"
"2442","เกาะทองหลาง","ชุมพร","ภาคใต้","2","0"
"2443","หมู่บ้านท่องเที่ยวเชิงหัตถกรรมบ้านถวาย","เชียงใหม่","ภาคเหนือ","2","0"
"2444","บ้านโบราณ อำเภออุ้มผาง","ตาก","ภาคเหนือ","2","0"
"2445","อ่าวแม่ยาย","พังงา","ภาคใต้","2","0"
"2446","เกาะจระเข้","ชุมพร","ภาคใต้","2","0"
"2447","หมู่บ้านต้นเปา","เชียงใหม่","ภาคเหนือ","2","0"
"2448","วัดผ้าขาวป้าน","เชียงราย","ภาคเหนือ","2","0"
"2449","หมู่บ้านรักไทย","แม่ฮ่องสอน","ภาคเหนือ","2","0"
"2450","เกาะง่ามใหญ่","ชุมพร","ภาคใต้","2","0"
"2451","พระธาตุหินกิ่วที่ดอยดินจี่","ตาก","ภาคเหนือ","2","0"
"2452","หาดโล๊ะปาเหรด","พังงา","ภาคใต้","2","0"
"2453","หมู่บ้านมูเซอยะโป่","แม่ฮ่องสอน","ภาคเหนือ","2","0"
"2454","หมู่บ้านกะเหรี่ยงแม่ปิง","แม่ฮ่องสอน","ภาคเหนือ","2","0"
"2455","วัดโพธิคุณ","ตาก","ภาคเหนือ","2","0"
"2456","วัดถ้ำผาจม","เชียงราย","ภาคเหนือ","2","0"
"2457","หน่วยพัฒนาต้นน้ำหน่วยที่ 6","เชียงใหม่","ภาคเหนือ","2","0"
"2458","แหลมหาด","พังงา","ภาคใต้","2","0"
"2459","ถ้ำเวียงแก","น่าน","ภาคเหนือ","2","0"
"2460","แหลมนกออก","พังงา","ภาคใต้","2","0"
"2461","เกาะกะโหลก","ชุมพร","ภาคใต้","2","0"
"2462","วัดดอยงำเมือง","เชียงราย","ภาคเหนือ","2","0"
"2463","ถ้ำแม่อุษา","ตาก","ภาคเหนือ","2","0"
"2464","อุทยานแห่งชาติแม่จริม","น่าน","ภาคเหนือ","2","0"
"2465","คลองร้อยสาย","สุราษฎร์ธานี","ภาคใต้","2","0"
"2466","อ่าวยายไอ๋","ชุมพร","ภาคใต้","2","0"
"2467","วนอุทยานน้ำตกขุนกรณ์","เชียงราย","ภาคเหนือ","2","0"
"2468","เขาเขียน","พังงา","ภาคใต้","2","0"
"2469","น้ำตกห้วยต้นผึ้ง","พะเยา","ภาคเหนือ","2","0"
"2470","สะพานมิตรภาพไทย-พม่า","ตาก","ภาคเหนือ","2","0"
"2471","เกาะตะเกียง","สตูล","ภาคใต้","2","0"
"2472","อ่าวพนังตัก","ชุมพร","ภาคใต้","2","0"
"2473","อุทยานแห่งชาติขุนพะวอ","ตาก","ภาคเหนือ","2","0"
"2474","วัดศรีสุพรรณ","พะเยา","ภาคเหนือ","2","0"
"2475","สินมานะฟาร์มสเตย์","สุราษฎร์ธานี","ภาคใต้","2","0"
"2476","อ่าวบ่อเมา","ชุมพร","ภาคใต้","2","0"
"2477","อุทยานแห่งชาติภูชี้ฟ้า","เชียงราย","ภาคเหนือ","2","0"
"2478","ชายหาดเขาหลัก","พังงา","ภาคใต้","2","0"
"2479","สวนสาธารณะหนองจองคำ","แม่ฮ่องสอน","ภาคเหนือ","2","0"
"2480","เขตรักษาพันธุ์สัตว์ป่าแม่ตื่น","ตาก","ภาคเหนือ","2","0"
"2481","วัดหลวงราชสัณฐาน","พะเยา","ภาคเหนือ","2","0"
"2482","พิพิธภัณฑ์อูบคำ","เชียงราย","ภาคเหนือ","2","0"
"2483","ตลาดสันติสุข","สงขลา","ภาคใต้","2","0"
"2484","วัดพระพุทธบาทศรีสุราษฎร์","สุราษฎร์ธานี","ภาคใต้","2","0"
"2485","อ่าวบางเบิด","ชุมพร","ภาคใต้","2","0"
"2486","สวนรุกขชาติห้วยแก้ว","เชียงใหม่","ภาคเหนือ","2","0"
"2487","เขาหมาจู","พังงา","ภาคใต้","2","0"
"2488","ศูนย์ศิลปาชีพจังหวัดแม่ฮ่องสอน ในพระบรมราชินูปถัมถ์","แม่ฮ่องสอน","ภาคเหนือ","2","0"
"2489","อ่าวตะโล๊ะวาว","สตูล","ภาคใต้","2","0"
"2490","ตลาดกิมหยง","สงขลา","ภาคใต้","2","0"
"2491","ปากน้ำตาปี","สุราษฎร์ธานี","ภาคใต้","2","0"
"2492","พิพิธภัณฑ์สถานแห่งชาติ เชียงแสน","เชียงราย","ภาคเหนือ","2","0"
"2493","วัดโบสถ์มณีศรีบุญเรือง","ตาก","ภาคเหนือ","2","0"
"2494","อ่าวจาก","สตูล","ภาคใต้","2","0"
"2495","ถ้ำทะลุ","ยะลา","ภาคใต้","2","0"
"2496","พระโพธิสัตว์กวนอิมหยกขาว","สงขลา","ภาคใต้","2","0"
"2497","อ่าวทุ่งมะขาม","ชุมพร","ภาคใต้","2","0"
"2498","พิพิธภัณฑ์บ้านฝิ่น","เชียงราย","ภาคเหนือ","2","0"
"2499","น้ำตกบริพัตร","สงขลา","ภาคใต้","2","0"
"2500","เกาะลอย หรือ หนองน้ำมณีบรรพต","ตาก","ภาคเหนือ","2","0"
"2501","หาดทุ่งสะโบ๊ะ","สตูล","ภาคใต้","2","0"
"2502","พระบาททุ่งก่อ","เชียงราย","ภาคเหนือ","2","0"
"2503","วัดแสนทอง","แม่ฮ่องสอน","ภาคเหนือ","2","0"
"2504","ศาลหลักเมืองสี่มหาราช","ตาก","ภาคเหนือ","2","0"
"2505","น้ำตกนาบัว","พะเยา","ภาคเหนือ","2","0"
"2506","ถ้ำน้ำใส","สงขลา","ภาคใต้","2","0"
"2507","น้ำตกจำปาทอง","พะเยา","ภาคเหนือ","2","0"
"2508","ศูนย์วัฒนธรรมเชียงใหม่","เชียงใหม่","ภาคเหนือ","2","0"
"2509","พระธาตุเขาเขียว","เชียงราย","ภาคเหนือ","2","0"
"2510","ถ้ำใหญ่น้ำหนาว","เพชรบูรณ์","ภาคเหนือ","2","0"
"2511","น้ำตกตาดปู่เข่ง","พะเยา","ภาคเหนือ","2","0"
"2512","วัดแหลมวัง","สงขลา","ภาคใต้","2","0"
"2513","น้ำพุร้อนแจ้ซ้อน ลำปาง","ลำปาง","ภาคเหนือ","2","0"
"2514","อนุสาวรีย์ยุวชนทหารสงครามโลก ครั้งที่ 2","ชุมพร","ภาคใต้","2","0"
"2515","วัดศรีบุญเรือง","แม่ฮ่องสอน","ภาคเหนือ","2","0"
"2516","โบราณสถานเวียงลอ","พะเยา","ภาคเหนือ","2","0"
"2517","พระบรมธาตุเจดีย์ศรีนครินทร์สถิตมหาสันติคีรี","เชียงราย","ภาคเหนือ","2","0"
"2518","หาดมหาราช","สงขลา","ภาคใต้","2","0"
"2519","หาดอรุโณทัย","ชุมพร","ภาคใต้","2","0"
"2520","วัดแสนฝาง","เชียงใหม่","ภาคเหนือ","2","0"
"2521","วัดเจดีย์แหลมสอ","สุราษฎร์ธานี","ภาคใต้","2","0"
"2522","อุทยานแห่งชาติน้ำตกพาเจริญ(เตรียมการ)","ตาก","ภาคเหนือ","2","0"
"2523","น้ำตกลูดู","สตูล","ภาคใต้","2","0"
"2524","วัดพระธาตุดอยเวา","เชียงราย","ภาคเหนือ","2","0"
"2525","หาดหน้าทับ","ชุมพร","ภาคใต้","2","0"
"2526","วัดพระนอน","แม่ฮ่องสอน","ภาคเหนือ","2","0"
"2527","น้ำตกผาดำ","สงขลา","ภาคใต้","2","0"
"2528","หาดสะพลี","ชุมพร","ภาคใต้","2","0"
"2529","วัดป่าเจดีย์เหลี่ยม","เชียงใหม่","ภาคเหนือ","2","0"
"2530","วัดพระธาตุปูเข้า","เชียงราย","ภาคเหนือ","2","0"
"2531","เกาะยาวใหญ่","พังงา","ภาคใต้","2","0"
"2532","วัดพระธาตุแม่เย็น","แม่ฮ่องสอน","ภาคเหนือ","2","0"
"2533","เขตห้ามล่าสัตว์ป่าวังโป่ง-ชนแดน","เพชรบูรณ์","ภาคเหนือ","2","0"
"2534","วัดพระธาตุดอยกองมู","แม่ฮ่องสอน","ภาคเหนือ","2","0"
"2535","หาดภราดรภาพ","ชุมพร","ภาคใต้","2","0"
"2536","วัดพระธาตุดอยตุง","เชียงราย","ภาคเหนือ","2","0"
"2537","วัดท่าฟ้าใต้","พะเยา","ภาคเหนือ","2","0"
"2538","เกาะยาวน้อย","พังงา","ภาคใต้","2","0"
"2539","แหลมสมิหลา","สงขลา","ภาคใต้","2","0"
"2540","แหลมตันหยงโปและหาดทรายยาว","สตูล","ภาคใต้","2","0"
"2541","อุทยานแห่งชาติแม่เมย","ตาก","ภาคเหนือ","2","0"
"2542","เขารัง","เพชรบูรณ์","ภาคเหนือ","2","0"
"2543","อุทยานแห่งชาติดอยผากลอง","แพร่","ภาคเหนือ","2","0"
"2544","เกาะพระทอง","พังงา","ภาคใต้","2","0"
"2545","เกาะโหลน","ภูเก็ต","ภาคใต้","2","0"
"2546","หาดผาแดง","ชุมพร","ภาคใต้","2","0"
"2547","วัดน้ำฮู","แม่ฮ่องสอน","ภาคเหนือ","2","0"
"2548","แหลมสนอ่อน","สงขลา","ภาคใต้","2","0"
"2549","หอวัฒนธรรมนครบาลเพชรบูรณ์","เพชรบูรณ์","ภาคเหนือ","2","0"
"2550","พระธาตุจอมแว่","เชียงราย","ภาคเหนือ","2","0"
"2551","หาดทุ่งวัวแล่น","ชุมพร","ภาคใต้","2","0"
"2552","วัดต่อแพ","แม่ฮ่องสอน","ภาคเหนือ","2","0"
"2553","เมืองหาดใหญ่","สงขลา","ภาคใต้","2","0"
"2554","เกาะพนัก","พังงา","ภาคใต้","2","0"
"2555","เกาะเขาใหญ่","สตูล","ภาคใต้","2","0"
"2556","อุทยานแห่งชาติตาดหมอก","เพชรบูรณ์","ภาคเหนือ","2","0"
"2557","อุทยานแห่งชาติดอยขุนตาล","ลำพูน","ภาคเหนือ","2","0"
"2558","หาดทรายรี","ชุมพร","ภาคใต้","2","0"
"2559","วัดพระธาตุจอมสวรรค์","เชียงราย","ภาคเหนือ","2","0"
"2560","เนินพิศวง","ตาก","ภาคเหนือ","2","0"
"2561","เกาะปันหยี","พังงา","ภาคใต้","2","0"
"2562","อ่างเก็บน้ำร่องสัก","พะเยา","ภาคเหนือ","2","0"
"2563","พระเจดีย์หลวง","สงขลา","ภาคใต้","2","0"
"2564","วัดอุทยารมณ์ (วัดจองสูง)","แม่ฮ่องสอน","ภาคเหนือ","2","0"
"2565","อ่างเก็บน้ำห้วยเฉลียงลับ","เพชรบูรณ์","ภาคเหนือ","2","0"
"2566","อุทยานแห่งชาติดอยภูนาง","พะเยา","ภาคเหนือ","2","0"
"2567","น้ำตกก้อน้อย","ลำพูน","ภาคเหนือ","2","0"
"2568","สวนสาธารณะธารา","กระบี่","ภาคใต้","2","0"
"2569","วัดพระธาตุดอยจอมทอง","เชียงราย","ภาคเหนือ","2","0"
"2570","เจดีย์ยุทธหัตถี","ตาก","ภาคเหนือ","2","0"
"2571","เจดีย์พี่น้องยอดเขาแดง","สงขลา","ภาคใต้","2","0"
"2572","หมู่บ้านแกะสลักอำเภอแม่ทา","ลำพูน","ภาคเหนือ","2","0"
"2573","พิพิธภัณฑ์ธนาคารไทยลำปาง","ลำปาง","ภาคเหนือ","2","0"
"2574","เจดีย์พระบรมธาตุวัดชัยมงคล","สงขลา","ภาคใต้","2","0"
"2575","หาดตะวันฉาย","ชุมพร","ภาคใต้","2","0"
"2576","พระธาตุจอมจันทร์","เชียงราย","ภาคเหนือ","2","0"
"2577","เขื่อนภูมิพล","ตาก","ภาคเหนือ","2","0"
"2578","อนุสาวรีย์พ่อขุนงำเมือง","พะเยา","ภาคเหนือ","2","0"
"2579","อ่าวหินกอง","พังงา","ภาคใต้","2","0"
"2580","วัดจองคำ พระอารามหลวง","แม่ฮ่องสอน","ภาคเหนือ","2","0"
"2581","วัดจองกลาง","แม่ฮ่องสอน","ภาคเหนือ","2","0"
"2582","สวนรุกขชาติหนองนารี","เพชรบูรณ์","ภาคเหนือ","2","0"
"2583","สถานีรถไฟนครลำปาง","ลำปาง","ภาคเหนือ","2","0"
"2584","เขตรักษาพันธุ์สัตว์ป่าเขาประ-บางคราม","กระบี่","ภาคใต้","2","0"
"2585","อนุสรณ์ผู้เสียสละ พ.ต.ท. 2324","พะเยา","ภาคเหนือ","2","0"
"2586","หาดคอเขา","ชุมพร","ภาคใต้","2","0"
"2587","เกาะวาเลนไทน์","ตาก","ภาคเหนือ","2","0"
"2588","จุดผ่านแดนไทย-พม่า อำเภอแม่สาย","เชียงราย","ภาคเหนือ","2","0"
"2589","อ่าวล้าน","พังงา","ภาคใต้","2","0"
"2590","เขาน้อย","สงขลา","ภาคใต้","2","0"
"2591","หอวัฒนธรรมนิทัศน์","พะเยา","ภาคเหนือ","2","0"
"2592","หาดบางเทา","ภูเก็ต","ภาคใต้","2","0"
"2593","แหล่งทอผ้าหนองเงือก","ลำพูน","ภาคเหนือ","2","0"
"2594","ชุมชนท่ามะโอ","ลำปาง","ภาคเหนือ","2","0"
"2595","เขาขนาบน้ำ","กระบี่","ภาคใต้","2","0"
"2596","ตลาดริมเมย","ตาก","ภาคเหนือ","2","0"
"2597","วัดพระธาตุสามดวง","เชียงราย","ภาคเหนือ","2","0"
"2598","อุทยานแห่งชาติลานสาง","ตาก","ภาคเหนือ","2","0"
"2599","อ่าวทราย","พังงา","ภาคใต้","2","0"
"2600","วัดก้ำก่อ","แม่ฮ่องสอน","ภาคเหนือ","2","0"
"2601","เขาตังกวน","สงขลา","ภาคใต้","2","0"
"2602","เกาะลิดี","สตูล","ภาคใต้","2","0"
"2603","หมู่บ้านทำผลิตภัณฑ์จากผักตบชวา","พะเยา","ภาคเหนือ","2","0"
"2604","วัดกิตติวงศ์","แม่ฮ่องสอน","ภาคเหนือ","2","0"
"2605","ด่านศุลกากรสุไหงโก-ลก","นราธิวาส","ภาคใต้","2","0"
"2606","ตลาดรัษฎา","ลำปาง","ภาคเหนือ","2","0"
"2607","ดอยช้างมูบ","เชียงราย","ภาคเหนือ","2","0"
"2608","เขาเก้าเส้ง","สงขลา","ภาคใต้","2","0"
"2609","อ่างเก็บน้ำแม่มาน","แพร่","ภาคเหนือ","2","0"
"2610","เกาะไหง","กระบี่","ภาคใต้","2","0"
"2611","อุทยานแห่งชาติตากสินมหาราช","ตาก","ภาคเหนือ","2","0"
"2612","อ่าวตีกุด","พังงา","ภาคใต้","2","0"
"2613","สวนสาธารณะเกาะลำพู","สุราษฎร์ธานี","ภาคใต้","2","0"
"2614","วัดพระเจ้าสะเลียมหวาน","ลำพูน","ภาคเหนือ","2","0"
"2615","บ้านเสานัก","ลำปาง","ภาคเหนือ","2","0"
"2616","หมู่บ้านกะเหรี่ยง ปะละทะ","ตาก","ภาคเหนือ","2","0"
"2617","ศูนย์ทอผ้าไทลื้อ บ้านหาดบ้าย","เชียงราย","ภาคเหนือ","2","0"
"2618","กลุ่มสตรีสหกรณ์ผู้ผลิตปลาส้ม บ้านสันเวียงใหม่","พะเยา","ภาคเหนือ","2","0"
"2619","อ่าวคลองสน","พังงา","ภาคใต้","2","0"
"2620","วัดกลาง","แม่ฮ่องสอน","ภาคเหนือ","2","0"
"2621","เกาะแมว","สงขลา","ภาคใต้","2","0"
"2622","เกาะบุโหลน","สตูล","ภาคใต้","2","0"
"2623","ถ้ำแก้วสุรกานต์","นครศรีธรรมราช","ภาคใต้","2","0"
"2624","หมู่บ้านกะเหรี่ยงคอยาวบ้านห้วยปูแกง","แม่ฮ่องสอน","ภาคเหนือ","2","0"
"2625","สถานีทดลองเกษตรที่สูงเขาค้อ","เพชรบูรณ์","ภาคเหนือ","2","0"
"2626","เกาะรอกใน","กระบี่","ภาคใต้","2","0"
"2627","วัดพระเจ้าตนหลวง","ลำพูน","ภาคเหนือ","2","0"
"2628","วัดประตูป่อง","ลำปาง","ภาคเหนือ","2","0"
"2629","หนองหลวง","ตาก","ภาคเหนือ","2","0"
"2630","วัดกู่เต้า","เชียงใหม่","ภาคเหนือ","2","0"
"2631","อุทยานแห่งชาติเขาหลัก-ลำรู่","พังงา","ภาคใต้","2","0"
"2632","น้ำตกบกกราย","ระนอง","ภาคใต้","2","0"
"2633","หมู่บ้านทำครกและโม่หิน","พะเยา","ภาคเหนือ","2","0"
"2634","เกาะหนู","สงขลา","ภาคใต้","2","0"
"2635","เกาะตะรุเตา","สตูล","ภาคใต้","2","0"
"2636","เขาค้อทะเลภู","เพชรบูรณ์","ภาคเหนือ","2","0"
"2637","พิพิธภัณฑ์สังคโลกสุโขทัย","สุโขทัย","ภาคเหนือ","2","0"
"2638","เกาะรอกนอก","กระบี่","ภาคใต้","2","0"
"2639","ศูนย์อนุรักษ์มรดกท้องถิ่นกะทู้","ภูเก็ต","ภาคใต้","2","0"
"2640","พระธาตุดอยห้างบาตร","ลำพูน","ภาคเหนือ","2","0"
"2641","ถ้ำกระแชง","ยะลา","ภาคใต้","2","0"
"2642","บ้านสวนเซรามิค","ลำปาง","ภาคเหนือ","2","0"
"2643","เกาะยอ","สงขลา","ภาคใต้","2","0"
"2644","หนองน้ำมณีบรรพต","ตาก","ภาคเหนือ","2","0"
"2645","อนุสาวรีย์พระยาไชยบูรณ์","แพร่","ภาคเหนือ","2","0"
"2646","บ้านชาวเขาเผ่าลาหู่","เชียงราย","ภาคเหนือ","2","0"
"2647","รุ่งอรุณน้ำพุร้อน","เชียงใหม่","ภาคเหนือ","2","0"
"2648","หมู่บ้านพัฒนาและสงเคราะห์ชาวเขาป่ากลาง","น่าน","ภาคเหนือ","2","0"
"2649","อุทยานแห่งชาติเขาลำปี-หาดท้ายเหมือง","พังงา","ภาคใต้","2","0"
"2650","ถ้ำหลวงผาเวียง","ลำพูน","ภาคเหนือ","2","0"
"2651","วัดศรีดอนชัย","ลำพูน","ภาคเหนือ","2","0"
"2652","สะพานหินธรรมชาติ","ตาก","ภาคเหนือ","2","0"
"2653","อุทยานแห่งชาติอ่าวพังงา","พังงา","ภาคใต้","2","0"
"2654","ถ้ำรูนกสัก","สงขลา","ภาคใต้","2","0"
"2655","ศาลหลักเมืองจังหวัดชุมพร","ชุมพร","ภาคใต้","2","0"
"2656","หนองเล็งทราย","พะเยา","ภาคเหนือ","2","0"
"2657","อุโมงค์ประวัติศาสตร์เขาน้ำค้าง","สงขลา","ภาคใต้","2","0"
"2658","เกาะจาบัง","สตูล","ภาคใต้","2","0"
"2659","อุทยานแห่งชาติหมู่เกาะสุรินทร์","พังงา","ภาคใต้","2","0"
"2660","อุทยานแห่งชาติใต้ร่มเย็น","สุราษฎร์ธานี","ภาคใต้","2","0"
"2661","พิพิธภัณฑสถานแห่งชาติสวรรควรนายก","สุโขทัย","ภาคเหนือ","2","0"
"2662","อ่าวตะโล๊ะอุดัง","สตูล","ภาคใต้","2","0"
"2663","ค่ายฝึกการรบพิเศษประตูผา","ลำปาง","ภาคเหนือ","2","0"
"2664","น้ำตกโยง","นครศรีธรรมราช","ภาคใต้","2","0"
"2665","ชุมชนท่องเที่ยวนครชุม","กำแพงเพชร","ภาคเหนือ","2","0"
"2666","ศาลพ่อตาหินช้าง","ชุมพร","ภาคใต้","2","0"
"2667","น้ำพุร้อนโป่งพระบาท","เชียงราย","ภาคเหนือ","2","0"
"2668","วัดพระธาตุดอยเวียง","ลำพูน","ภาคเหนือ","2","0"
"2669","สถานีทดลองพืชสวนดอยมูเซอ","ตาก","ภาคเหนือ","2","0"
"2670","ศูนย์วัฒนธรรมไทลื้อ (วัดหย่วน)","พะเยา","ภาคเหนือ","2","0"
"2671","บ้านโป่งศรี","แพร่","ภาคเหนือ","2","0"
"2672","อุทยานนกน้ำคูขุด","สงขลา","ภาคใต้","2","0"
"2673","อุทยานแห่งชาติหมู่เกาะสิมิลัน","พังงา","ภาคใต้","2","0"
"2674","ดอยปุยหลวง","แม่ฮ่องสอน","ภาคเหนือ","2","0"
"2675","เจดีย์พระบรมสารีริกธาตุเขาค้อ","เพชรบูรณ์","ภาคเหนือ","2","0"
"2676","วัดทุ่งเสลี่ยม - หลวงพ่อศิลา","สุโขทัย","ภาคเหนือ","2","0"
"2677","แหล่งโบราณคดีค่ายประตูผา","ลำปาง","ภาคเหนือ","2","0"
"2678","เขตรักษาพันธุ์สัตว์ป่าเขาสนามเพรียง","กำแพงเพชร","ภาคเหนือ","2","0"
"2679","ศูนย์พัฒนาและสงเคราะห์ชาวเขา","ตาก","ภาคเหนือ","2","0"
"2680","สวนสมเด็จย่า 90 พรรษา","พะเยา","ภาคเหนือ","2","0"
"2681","หาดสะกอม","สงขลา","ภาคใต้","2","0"
"2682","อุทยานแห่งชาติเขาสก","สุราษฎร์ธานี","ภาคใต้","2","0"
"2683","หาดสร้อยสวรรค์","สงขลา","ภาคใต้","2","0"
"2684","อุทยานแห่งชาติแม่วงก์","กำแพงเพชร","ภาคเหนือ","2","0"
"2685","พระบรมธาตุเจดีย์กาญจนาภิเษก","เพชรบูรณ์","ภาคเหนือ","2","0"
"2686","วนอุทยานถ้ำจัน","อุตรดิตถ์","ภาคเหนือ","2","0"
"2687","วัดพิพัฒน์มงคล","สุโขทัย","ภาคเหนือ","2","0"
"2688","น้ำตกโป่งพระบาท","เชียงราย","ภาคเหนือ","2","0"
"2689","ศูนย์ศิลปะชุมชนเมืองงาว","ลำปาง","ภาคเหนือ","2","0"
"2690","วัดพระธาตุจอมมอญ","แม่ฮ่องสอน","ภาคเหนือ","2","0"
"2691","หาดอ่าวนาง","กระบี่","ภาคใต้","2","0"
"2692","วัดเจ้าฟ้าศาลาลอย","ชุมพร","ภาคใต้","2","0"
"2693","ศาลเจ้าพ่อพะวอ","ตาก","ภาคเหนือ","2","0"
"2694","ศูนย์วิจัยและพัฒนาประมงน้ำจืดพะเยา","พะเยา","ภาคเหนือ","2","0"
"2695","อุทยานแห่งชาติภูหินร่องกล้า","พิษณุโลก","ภาคเหนือ","2","0"
"2696","อุทยานแห่งชาติศรีพังงา","พังงา","ภาคใต้","2","0"
"2697","จุดชมวิวเขารัง","ภูเก็ต","ภาคใต้","2","0"
"2698","แก่งก้อ","ลำพูน","ภาคเหนือ","2","0"
"2699","โบราณสถานเขาคา","นครศรีธรรมราช","ภาคใต้","2","0"
"2700","ศูนย์ส่งเสริมกิจกรรมพัฒนาชุมชนดอกคำใต้","พะเยา","ภาคเหนือ","2","0"
"2701","วัดสามแก้ว","ชุมพร","ภาคใต้","2","0"
"2702","แก่งบางระจัน","เพชรบูรณ์","ภาคเหนือ","2","0"
"2703","น้ำตกแม่แอบ","เชียงราย","ภาคเหนือ","2","0"
"2704","หาดเขาปิหลาย","พังงา","ภาคใต้","2","0"
"2705","ศาลเจ้าพ่อขุนสามชน","ตาก","ภาคเหนือ","2","0"
"2706","เจดีย์ยักษ์","นครศรีธรรมราช","ภาคใต้","2","0"
"2707","แม่น้ำสาละวิน บ้านแม่สามแลบ","แม่ฮ่องสอน","ภาคเหนือ","2","0"
"2708","อุทยานแห่งชาติคลองลาน","กำแพงเพชร","ภาคเหนือ","2","0"
"2709","หาดม่วงงาม","สงขลา","ภาคใต้","2","0"
"2710","อุทยานแห่งชาติน้ำตกชาติตระการ","พิษณุโลก","ภาคเหนือ","2","0"
"2711","สุสานเจ้าแม่ลิ้มกอเหนี่ยว","ปัตตานี","ภาคใต้","2","0"
"2712","บ้านแม่ละนา","แม่ฮ่องสอน","ภาคเหนือ","2","0"
"2713","บ่อน้ำแร่บ่อน้ำร้อน","ลำปาง","ภาคเหนือ","2","0"
"2714","ถ้ำจระเข้","สตูล","ภาคใต้","2","0"
"2715","น้ำตกห้วยแม่ซ้าย","เชียงราย","ภาคเหนือ","2","0"
"2716","อุทยานแห่งชาติคลองวังเจ้า","กำแพงเพชร","ภาคเหนือ","2","0"
"2717","วัดพระธาตุเขาน้อย","น่าน","ภาคเหนือ","2","0"
"2718","วัดแสนเมืองมา","พะเยา","ภาคเหนือ","2","0"
"2719","หาดป่าทราย","พังงา","ภาคใต้","2","0"
"2720","ไร่ บี เอ็น","เพชรบูรณ์","ภาคเหนือ","2","0"
"2721","อุทยานประวัติศาสตร์กำแพงเพชร","กำแพงเพชร","ภาคเหนือ","2","0"
"2722","ชายทะเลปากพนังและแหลมตะลุมพุก","นครศรีธรรมราช","ภาคใต้","2","0"
"2723","ชุมชนบ้านห้วยฮี้","แม่ฮ่องสอน","ภาคเหนือ","2","0"
"2724","ผาวิ่งชู้","เชียงใหม่","ภาคเหนือ","2","0"
"2725","อุทยานแห่งชาติแม่ปิง","ลำพูน","ภาคเหนือ","2","0"
"2726","หาดบางสัก","พังงา","ภาคใต้","2","0"
"2727","น้ำตกผาร่มเย็น","อุทัยธานี","ภาคเหนือ","2","0"
"2728","หาดราไว","สตูล","ภาคใต้","2","0"
"2729","วัดอนาลโยทิพยาราม","พะเยา","ภาคเหนือ","2","0"
"2730","แหลมตาชี","ปัตตานี","ภาคใต้","2","0"
"2731","วัดถ้ำขวัญเมือง","ชุมพร","ภาคใต้","2","0"
"2732","น้ำตกห้วยแก้ว","เชียงราย","ภาคเหนือ","2","0"
"2733","วัดไทยวัฒนาราม","ตาก","ภาคเหนือ","2","0"
"2734","อุทยานแห่งชาติทุ่งแสลงหลวง","พิษณุโลก","ภาคเหนือ","2","0"
"2735","หาดทรายแก้ว","สงขลา","ภาคใต้","2","0"
"2736","วัดศรีโคมคำ","พะเยา","ภาคเหนือ","2","0"
"2737","อุทยานประวัติศาสตร์ศรีสัชนาลัย","สุโขทัย","ภาคเหนือ","2","0"
"2738","หาดแหลมสน","สตูล","ภาคใต้","2","0"
"2739","วัดเขาถ้ำ","ตาก","ภาคเหนือ","2","0"
"2740","ถ้ำยางวี","ลำพูน","ภาคเหนือ","2","0"
"2741","หาดท้ายเหมือง","พังงา","ภาคใต้","2","0"
"2742","แหลมจองถนน","พัทลุง","ภาคใต้","2","0"
"2743","เนินมหัศจรรย์","เพชรบูรณ์","ภาคเหนือ","2","0"
"2744","น้ำตกแจ้ซ้อน","ลำปาง","ภาคเหนือ","2","0"
"2745","เหมืองแม่เมาะ","ลำปาง","ภาคเหนือ","2","0"
"2746","สะพานติณสูลานนท์","สงขลา","ภาคใต้","2","0"
"2747","น้ำตกห้วยเม็ง","เชียงราย","ภาคเหนือ","2","0"
"2748","เขื่อนกิ่วลม","ลำปาง","ภาคเหนือ","2","0"
"2749","อุทยานแห่งชาติน้ำตกทรายขาว","ปัตตานี","ภาคใต้","2","0"
"2750","อุทยานแห่งชาติรามคำแหง","สุโขทัย","ภาคเหนือ","2","0"
"2751","สุสานสุลต่านสุลัยมานชาห์","สงขลา","ภาคใต้","2","0"
"2752","เขาค้อ","เพชรบูรณ์","ภาคเหนือ","2","0"
"2753","บ้านกะเหรี่ยงแม่สะกั๊วะ","แม่ฮ่องสอน","ภาคเหนือ","2","0"
"2754","ถ้ำดิน","อุตรดิตถ์","ภาคเหนือ","2","0"
"2755","หาดท่าเขา","พังงา","ภาคใต้","2","0"
"2756","น้ำตกห้วยหก","เชียงราย","ภาคเหนือ","2","0"
"2757","ปางช้างแม่แตง","เชียงใหม่","ภาคเหนือ","2","0"
"2758","วัดศรีอุโมงค์คำ","พะเยา","ภาคเหนือ","2","0"
"2759","หมู่เกาะสี่ เกาะห้า","พัทลุง","ภาคใต้","2","0"
"2760","อนุสาวรีย์สุเทวฤาษี","ลำพูน","ภาคเหนือ","2","0"
"2761","สวนเสรี","สงขลา","ภาคใต้","2","0"
"2762","สวนสาธารณะเทศบาลนครหาดใหญ่","สงขลา","ภาคใต้","2","0"
"2763","อ่างเก็บน้ำวังเฮือ","ลำปาง","ภาคเหนือ","2","0"
"2764","อ่าวเมาะและ","สตูล","ภาคใต้","2","0"
"2765","วัดหัวดง","พิจิตร","ภาคเหนือ","2","0"
"2766","บ้านกะเหรี่ยงห้วยห้อม","แม่ฮ่องสอน","ภาคเหนือ","2","0"
"2767","หาดอ่าวเคย","ระนอง","ภาคใต้","2","0"
"2768","วัดศรีปิงเมือง","พะเยา","ภาคเหนือ","2","0"
"2769","ถ้ำธารน้ำลอดใหญ่","ชุมพร","ภาคใต้","2","0"
"2770","อนุสาวรีย์พระนางจามเทวี","ลำพูน","ภาคเหนือ","2","0"
"2771","น้ำตกห้วยน้ำอุ่น","เชียงราย","ภาคเหนือ","2","0"
"2772","ถ้ำบ่อน้ำทิพย์พุทธมงคล","สุราษฎร์ธานี","ภาคใต้","2","0"
"2773","วัดมณีไพรสณฑ์","ตาก","ภาคเหนือ","2","0"
"2774","หาดแฆแฆ","ปัตตานี","ภาคใต้","2","0"
"2775","พิพิธภัณฑสถานแห่งชาติรามคำแหง","สุโขทัย","ภาคเหนือ","2","0"
"2776","หมู่บ้านพุมเรียง","สุราษฎร์ธานี","ภาคใต้","2","0"
"2777","สวนสัตว์สงขลา","สงขลา","ภาคใต้","2","0"
"2778","วัดศรีจอมเมือง","พะเยา","ภาคเหนือ","2","0"
"2779","หาดวาสุกรี","ปัตตานี","ภาคใต้","2","0"
"2780","อุทยานแห่งชาติศรีสัชนาลัย","สุโขทัย","ภาคเหนือ","2","0"
"2781","ศาลสมเด็จพระนเรศวรมหาราช พิษณุโลก","พิษณุโลก","ภาคเหนือ","2","0"
"2782","ศูนย์ทอผ้าพื้นเมืองบ้านโคกหม้อ","อุทัยธานี","ภาคเหนือ","2","0"
"2783","ถ้ำลอด","กระบี่","ภาคใต้","2","0"
"2784","น้ำตกเขาพระนารายณ์","ระนอง","ภาคใต้","2","0"
"2785","วนอุทยานเขาพาง","ชุมพร","ภาคใต้","2","0"
"2786","เขตห้ามล่าสัตว์ป่าทะเลน้อย","พัทลุง","ภาคใต้","2","0"
"2787","อนุสาวรีย์ครูบาศรีวิชัย","ลำพูน","ภาคเหนือ","2","0"
"2788","หาดนพรัตน์ธารา","กระบี่","ภาคใต้","2","0"
"2789","สิริจิตอุทยาน กำแพงเพชร","กำแพงเพชร","ภาคเหนือ","2","0"
"2790","วัดมณีบรรพตวรวิหาร","ตาก","ภาคเหนือ","2","0"
"2791","อ่างเก็บน้ำชลประทานห้วยป่าแดง","เพชรบูรณ์","ภาคเหนือ","2","0"
"2792","หาดคลองจาก","พังงา","ภาคใต้","2","0"
"2793","วัดธารน้ำไหล (สวนโมกข์พลาราม)","สุราษฎร์ธานี","ภาคใต้","2","0"
"2794","น้ำตกปูแกง","เชียงราย","ภาคเหนือ","2","0"
"2795","หมู่บ้านกะเหรี่ยงพัฒนาห้วยหละ","ลำพูน","ภาคเหนือ","2","0"
"2796","อุทยานแห่งชาติลำน้ำกระบุรี","ระนอง","ภาคใต้","2","0"
"2797","วัดเจดีย์ยอดทอง","พิษณุโลก","ภาคเหนือ","2","0"
"2798","ชุมชนชาวมอแกน","พังงา","ภาคใต้","2","0"
"2799","หาดถ้ำพระนาง","กระบี่","ภาคใต้","2","0"
"2800","วัดพระบรมธาตุ","ตาก","ภาคเหนือ","2","0"
"2801","หอพระอิศวรและเสาชิงช้า","นครศรีธรรมราช","ภาคใต้","2","0"
"2802","หาดราชรักษ์","ปัตตานี","ภาคใต้","2","0"
"2803","วัดลี","พะเยา","ภาคเหนือ","2","0"
"2804","อุทยานแห่งชาติน้ำหนาว","เพชรบูรณ์","ภาคเหนือ","2","0"
"2805","บ่อน้ำร้อนแม่ฮู","แม่ฮ่องสอน","ภาคเหนือ","2","0"
"2806","สวนสาธารณะหนองกระทิง","ลำปาง","ภาคเหนือ","2","0"
"2807","หมู่บ้านหาดเสี้ยว","สุโขทัย","ภาคเหนือ","2","0"
"2808","เขาฝาชี","ระนอง","ภาคใต้","2","0"
"2809","สถาบันทักษิณคดีศึกษา","สงขลา","ภาคใต้","2","0"
"2810","วัดราชคฤห์วรวิหาร","พะเยา","ภาคเหนือ","2","0"
"2811","สำนักสงฆ์ถ้ำตาปาน","พังงา","ภาคใต้","2","0"
"2812","หาดรัชดาภิเษก","ปัตตานี","ภาคใต้","2","0"
"2813","ทุ่งหินเทิน","นครสวรรค์","ภาคเหนือ","2","0"
"2814","หมู่เกาะห้า","กระบี่","ภาคใต้","2","0"
"2815","วนอุทยานน้ำตกตาดควัน","เชียงราย","ภาคเหนือ","2","0"
"2816","วัดดอยข่อยเขาแก้ว","ตาก","ภาคเหนือ","2","0"
"2817","วัดอรัญญิก","พิษณุโลก","ภาคเหนือ","2","0"
"2818","อุทยานประวัติศาสตร์ศรีเทพ","เพชรบูรณ์","ภาคเหนือ","2","0"
"2819","หาดในหาน","ภูเก็ต","ภาคใต้","2","0"
"2820","บ่อน้ำร้อนหนองแห้ง","แม่ฮ่องสอน","ภาคเหนือ","2","0"
"2821","สถานปฏิบัติธรรมหลวงพ่อเกษม เขมโก","ลำปาง","ภาคเหนือ","2","0"
"2822","ถ้ำลอดใหญ่","พังงา","ภาคใต้","2","0"
"2823","สถานีเพาะเลี้ยงสัตว์ป่าพังงา","พังงา","ภาคใต้","2","0"
"2824","พิพิธภัณฑ์จันเสน (เมืองโบราณจันเสน)","นครสวรรค์","ภาคเหนือ","2","0"
"2825","ถ้ำผาตั้ง","พะเยา","ภาคเหนือ","2","0"
"2826","ศูนย์วิจัยยางสงขลา","สงขลา","ภาคใต้","2","0"
"2827","น้ำตกตาดทอง","เชียงราย","ภาคเหนือ","2","0"
"2828","เขาสะแกกรัง","อุทัยธานี","ภาคเหนือ","2","0"
"2829","วัดหนองเงือก","ลำพูน","ภาคเหนือ","2","0"
"2830","วัดถ้ำคูหาสวรรค์","พัทลุง","ภาคใต้","2","0"
"2831","เกาะห้อง","กระบี่","ภาคใต้","2","0"
"2832","ปากน้ำหลังสวน","ชุมพร","ภาคใต้","2","0"
"2833","วัดดอนแก้ว","ตาก","ภาคเหนือ","2","0"
"2834","บึงสีไฟ","พิจิตร","ภาคเหนือ","2","0"
"2835","วัดรัตนวราราม","พะเยา","ภาคเหนือ","2","0"
"2836","วัดวิหารทอง","พิษณุโลก","ภาคเหนือ","2","0"
"2837","วัดพระนอน","แพร่","ภาคเหนือ","2","0"
"2838","ชุมชนบ้านน้ำฮูหายใจ","แม่ฮ่องสอน","ภาคเหนือ","2","0"
"2839","เกาะช้าง","ระนอง","ภาคใต้","2","0"
"2840","ถ้ำฤาษีสมบัติ","เพชรบูรณ์","ภาคเหนือ","2","0"
"2841","สวนไม้ดอกเมืองหนาวเบตง","ยะลา","ภาคใต้","2","0"
"2842","สถาบันคชบาลแห่งชาติในพระอุปถัมภ์ฯ","ลำปาง","ภาคเหนือ","2","0"
"2843","หมู่เกาะพีพี","กระบี่","ภาคใต้","2","0"
"2844","บ่อน้ำแร่ธรรมชาติไทรงาม","แม่ฮ่องสอน","ภาคเหนือ","2","0"
"2845","กองแลน","แม่ฮ่องสอน","ภาคเหนือ","2","0"
"2846","อนุสาวรีย์จีนฮ่อ","เพชรบูรณ์","ภาคเหนือ","2","0"
"2847","หาดยาว","ตรัง","ภาคใต้","2","0"
"2848","วัดพระนั่งดิน","พะเยา","ภาคเหนือ","2","0"
"2849","สถานีพัฒนาและส่งเสริมการอนุรักษ์สัตว์ป่าเขาท่าเพชร","สุราษฎร์ธานี","ภาคใต้","2","0"
"2850","น้ำตกขุนแจ","เชียงราย","ภาคเหนือ","2","0"
"2851","วัดชุมพลคีรี","ตาก","ภาคเหนือ","2","0"
"2852","วัดราชบูรณะ","พิษณุโลก","ภาคเหนือ","2","0"
"2853","เกาะค้างคาว","ระนอง","ภาคใต้","2","0"
"2854","ศาลเจ้าพ่อหลักเมือง","ลำปาง","ภาคเหนือ","2","0"
"2855","ศาลเจ้าพ่อหลักเมืองสงขลา","สงขลา","ภาคใต้","2","0"
"2856","วัดมหาวันวรมหาวิหาร","ลำพูน","ภาคเหนือ","2","0"
"2857","เกาะสาหร่าย","สตูล","ภาคใต้","2","0"
"2858","วัดเอกเชิงแส","สงขลา","ภาคใต้","2","0"
"2859","สุสานหอยแหลมโพธิ์","กระบี่","ภาคใต้","2","0"
"2860","อนุสรณ์สถานผู้เสียสละ (เขาค้อ)","เพชรบูรณ์","ภาคเหนือ","2","0"
"2861","น้ำตกขุนกรณ์","เชียงราย","ภาคเหนือ","2","0"
"2862","ศาลเจ้าพ่อประตูผา","ลำปาง","ภาคเหนือ","2","0"
"2863","อุทยานแห่งชาติแหลมสน","ระนอง","ภาคใต้","2","0"
"2864","วัดพระธาตุดอยคำ","พะเยา","ภาคเหนือ","2","0"
"2865","อุทยานเมืองเก่าพิจิตร","พิจิตร","ภาคเหนือ","2","0"
"2866","มัสยิดประจำจังหวัดนราธิวาส (หลังใหม่)","นราธิวาส","ภาคใต้","2","0"
"2867","วัดพระยืน","ลำพูน","ภาคเหนือ","2","0"
"2868","ตลาดสินค้าพื้นเมือง ชาวเขาดอยมูเซอ","ตาก","ภาคเหนือ","2","0"
"2869","หาดตะโละกาโปร์","ปัตตานี","ภาคใต้","2","0"
"2870","วัดราชคีรีหิรัญยาราม","พิษณุโลก","ภาคเหนือ","2","0"
"2871","น้ำพุร้อนเมืองแปง","แม่ฮ่องสอน","ภาคเหนือ","2","0"
"2872","เขื่อนบางลาง","ยะลา","ภาคใต้","2","0"
"2873","สวนสาธารณะหนองพระแล","อุตรดิตถ์","ภาคเหนือ","2","0"
"2874","วัดไชยมงคล","ลำปาง","ภาคเหนือ","2","0"
"2875","อุโมงค์ปิยะมิตร","ยะลา","ภาคใต้","2","0"
"2876","อุทยานแห่งชาติหมู่เกาะระนอง","ระนอง","ภาคใต้","2","0"
"2877","วัดพระพุทธบาทตากผ้า","ลำพูน","ภาคเหนือ","2","0"
"2878","วัดราษฎร์อุปถัมภ์","พังงา","ภาคใต้","2","0"
"2879","บ่อน้ำร้อนผาบ่อง","แม่ฮ่องสอน","ภาคเหนือ","2","0"
"2880","น้ำตกแม่ปาน","เชียงใหม่","ภาคเหนือ","2","0"
"2881","บ่อน้ำร้อนถ้ำเขาพลู","ชุมพร","ภาคใต้","2","0"
"2882","พระพุทธบาทดอยเขาหนาม","ตาก","ภาคเหนือ","2","0"
"2883","วัดพระธาตุสบแวน","พะเยา","ภาคเหนือ","2","0"
"2884","ศาลพระแม่ย่า","สุโขทัย","ภาคเหนือ","2","0"
"2885","ตลาดนัดปาลัส","ปัตตานี","ภาคใต้","2","0"
"2886","วัดพระธาตุภูปอ","พะเยา","ภาคเหนือ","2","0"
"2887","วัดเขาบ่อ","สงขลา","ภาคใต้","2","0"
"2888","ผาสามเงา","ตาก","ภาคเหนือ","2","0"
"2889","วัดเชิงเขา","นราธิวาส","ภาคใต้","2","0"
"2890","น้ำตกเหวโหลม","ชุมพร","ภาคใต้","2","0"
"2891","ท่าเรือบั๊ค","เชียงราย","ภาคเหนือ","2","0"
"2892","น้ำตกแม่กลาง","เชียงใหม่","ภาคเหนือ","2","0"
"2893","บ้านปะเสยะวอ","ปัตตานี","ภาคใต้","2","0"
"2894","วัดนารายณิการาม","พังงา","ภาคใต้","2","0"
"2895","วัดนางพญา","พิษณุโลก","ภาคเหนือ","2","0"
"2896","น้ำตกแม่เย็น","แม่ฮ่องสอน","ภาคเหนือ","2","0"
"2897","อุทยานแห่งชาติน้ำตกหงาว","ระนอง","ภาคใต้","2","0"
"2898","วัดพระเจดีย์ซาวหลัง","ลำปาง","ภาคเหนือ","2","0"
"2899","หมู่บ้านซาไก","ยะลา","ภาคใต้","2","0"
"2900","วัดพระพุทธบาทห้วยต้ม","ลำพูน","ภาคเหนือ","2","0"
"2901","วัดรัตนาราม (วัดแก้ว)","สุราษฎร์ธานี","ภาคใต้","2","0"
"2902","เขาปฐวี","อุทัยธานี","ภาคเหนือ","2","0"
"2903","ถ้ำบ่อยา (วัดเทพนิมิตทรงธรรม)","นครสวรรค์","ภาคเหนือ","2","0"
"2904","วัดจุฬามณี","พิษณุโลก","ภาคเหนือ","2","0"
"2905","วัดเกาะถ้ำ","สงขลา","ภาคใต้","2","0"
"2906","ถ้ำพระขยางค์","ระนอง","ภาคใต้","2","0"
"2907","น้ำตกแม่อูคอ","แม่ฮ่องสอน","ภาคเหนือ","2","0"
"2908","ภูเขาอกทะลุ","พัทลุง","ภาคใต้","2","0"
"2909","ที่พักริมทางห้วยค้อนก้อม","เชียงราย","ภาคเหนือ","2","0"
"2910","น้ำตกห้วยแก้ว","เชียงใหม่","ภาคเหนือ","2","0"
"2911","สนามกีฬากลางหุบเขาและสวนสุดสยาม","ยะลา","ภาคใต้","2","0"
"2912","วัดพระธาตุหริภุญชัยวรมหาวิหาร","ลำพูน","ภาคเหนือ","2","0"
"2913","วัดอักโขชัยคีรี","ลำปาง","ภาคเหนือ","2","0"
"2914","วัดพระธาตุจอมทอง","พะเยา","ภาคเหนือ","2","0"
"2915","หาดแหลมสน","ระนอง","ภาคใต้","2","0"
"2916","เขตห้ามล่าสัตว์ป่าถ้ำผาท่าพล","พิษณุโลก","ภาคเหนือ","2","0"
"2917","จุดชมวิวผาชะโด","สตูล","ภาคใต้","2","0"
"2918","วัดมหัตตมังคลาราม","สงขลา","ภาคใต้","2","0"
"2919","วัดป่าเหียง","ลำพูน","ภาคเหนือ","2","0"
"2920","ตลาดชายแดนไทย - ลาว","พะเยา","ภาคเหนือ","2","0"
"2921","ทะเลสาบเชียงแสน","เชียงราย","ภาคเหนือ","2","0"
"2922","วัดถ้ำเสือ","กระบี่","ภาคใต้","2","0"
"2923","บ่อน้ำร้อนแม่กาษา","ตาก","ภาคเหนือ","2","0"
"2924","หมู่บ้านทอน","นราธิวาส","ภาคใต้","2","0"
"2925","บ่อน้ำร้อนโป่งกิ","น่าน","ภาคเหนือ","2","0"
"2926","สวนสมเด็จศรีนครินทราบรมราชชนนี","ปัตตานี","ภาคใต้","2","0"
"2927","วนอุทยานแห่งชาติสระนางมโนห์รา","พังงา","ภาคใต้","2","0"
"2928","พระพุทธนิรโรคันตรายชัยวัฒน์จตุรทิศ","พัทลุง","ภาคใต้","2","0"
"2929","น้ำตกแม่สุรินทร์","แม่ฮ่องสอน","ภาคเหนือ","2","0"
"2930","วัดศรีรองเมือง","ลำปาง","ภาคเหนือ","2","0"
"2931","น้ำตกห้วยน้ำดัง","เชียงใหม่","ภาคเหนือ","2","0"
"2932","วัดศรีชุม","ลำปาง","ภาคเหนือ","2","0"
"2933","ขุนน้ำโป่ง","เชียงราย","ภาคเหนือ","2","0"
"2934","น้ำตกโตนปลิว","สตูล","ภาคใต้","2","0"
"2935","น้ำตกแม่ริด","แม่ฮ่องสอน","ภาคเหนือ","2","0"
"2936","บ่อน้ำร้อนเขาชัยสน","พัทลุง","ภาคใต้","2","0"
"2937","วัดจามเทวี","ลำพูน","ภาคเหนือ","2","0"
"2938","วัดจะทิ้งพระ","สงขลา","ภาคใต้","2","0"
"2939","พิพิธภัณฑสถานวัดคลองท่อม","กระบี่","ภาคใต้","2","0"
"2940","น้ำตกหมอกฟ้า","เชียงใหม่","ภาคเหนือ","2","0"
"2941","โบราณสถานวัดโมคลาน","นครศรีธรรมราช","ภาคใต้","2","0"
"2942","เขาหน่อ-เขาแก้ว","นครสวรรค์","ภาคเหนือ","2","0"
"2943","ศูนย์ศิลปาชีพพิเศษทักษิณราชนิเวศน์","นราธิวาส","ภาคใต้","2","0"
"2944","น้ำออกรู","น่าน","ภาคเหนือ","2","0"
"2945","วัดพระธาตุขิงแกง","พะเยา","ภาคเหนือ","2","0"
"2946","หาดประพาส","ระนอง","ภาคใต้","2","0"
"2947","วัดพระบรมธาตุไชยาราชวรวิหาร","สุราษฎร์ธานี","ภาคใต้","2","0"
"2948","ศาลสมเด็จพระนเรศวรมหาราช","เพชรบูรณ์","ภาคเหนือ","2","0"
"2949","น้ำตกโจนลงเล","สตูล","ภาคใต้","2","0"
"2950","ถ้ำทิพย์ปรีดา","ชุมพร","ภาคใต้","2","0"
"2951","น้ำตกสิริภูมิ","เชียงใหม่","ภาคเหนือ","2","0"
"2952","น้ำตกลานเลี้ยงม้า","ตาก","ภาคเหนือ","2","0"
"2953","ศูนย์วิจัยและศึกษาธรรมชาติป่าพรุสิรินธร","นราธิวาส","ภาคใต้","2","0"
"2954","วัดป่าแดงบุญนาค","พะเยา","ภาคเหนือ","2","0"
"2955","ศาลหลักเมืองยะลา","ยะลา","ภาคใต้","2","0"
"2956","หาดบางเบน","ระนอง","ภาคใต้","2","0"
"2957","วัดพระแก้วดอนเต้าสุชาดาราม พระอารามหลวง","ลำปาง","ภาคเหนือ","2","0"
"2958","วัดมัชฌิมาวาส","สงขลา","ภาคใต้","2","0"
"2959","น้ำตกหมอแปง","แม่ฮ่องสอน","ภาคเหนือ","2","0"
"2960","ม่อนกิ่วลม","ตาก","ภาคเหนือ","2","0"
"2961","น้ำตกลานสาง","ตาก","ภาคเหนือ","2","0"
"2962","วัดบุญนาค","พะเยา","ภาคเหนือ","2","0"
"2963","ศาลเจ้าเล่งจูเกียง","ปัตตานี","ภาคใต้","2","0"
"2964","พิพิธภัณฑสถานแห่งชาติ ไชยา","สุราษฎร์ธานี","ภาคใต้","2","0"
"2965","น้ำตกโตนไพร","พังงา","ภาคใต้","2","0"
"2966","พิพิธภัณฑ์พื้นบ้านจ่าทวี","พิษณุโลก","ภาคเหนือ","2","0"
"2967","น้ำตกทุ่งยอ","ชุมพร","ภาคใต้","2","0"
"2968","หาดอ่าวมะนาว","นราธิวาส","ภาคใต้","2","0"
"2969","น้ำตกไพรวัลย์","พัทลุง","ภาคใต้","2","0"
"2970","วัดโรงช้าง","พิจิตร","ภาคเหนือ","2","0"
"2971","สวนสัตว์ภูเก็ต","ภูเก็ต","ภาคใต้","2","0"
"2972","วัดพระธาตุเสด็จ","ลำปาง","ภาคเหนือ","2","0"
"2973","วัดพะโคะ (วัดราชประดิษฐาน)","สงขลา","ภาคใต้","2","0"
"2974","ถ้ำพระ","เชียงราย","ภาคเหนือ","2","0"
"2975","โบราณสถานกู่ช้าง-กู่ม้าลำพูน","ลำพูน","ภาคเหนือ","2","0"
"2976","ถ้ำผาจรุย","เชียงราย","ภาคเหนือ","2","0"
"2977","น้ำตกโตนต้นไทร","พังงา","ภาคใต้","2","0"
"2978","น้ำตกเหรียงทอง","พัทลุง","ภาคใต้","2","0"
"2979","วัดพระบรมธาตุเจดียาราม","กำแพงเพชร","ภาคเหนือ","2","0"
"2980","น้ำตกห้วยโต้","กระบี่","ภาคใต้","2","0"
"2981","น้ำตกม่อนหินไหล","เชียงใหม่","ภาคเหนือ","2","0"
"2982","น้ำตกพาเจริญ","ตาก","ภาคเหนือ","2","0"
"2983","ศาลเจ้าแม่โต๊ะโมะ","นราธิวาส","ภาคใต้","2","0"
"2984","วัดโพธิ์ประทับช้าง","พิจิตร","ภาคเหนือ","2","0"
"2985","น้ำตกดาวดึงส์","แม่ฮ่องสอน","ภาคเหนือ","2","0"
"2986","น้ำตกธารโต","ยะลา","ภาคใต้","2","0"
"2987","วัดพระธาตุลำปางหลวง","ลำปาง","ภาคเหนือ","2","0"
"2988","วัดถ้ำตลอด","สงขลา","ภาคใต้","2","0"
"2989","ศาลเจ้าเล่าเอี๊ยะกง (ตลาดสายบุรี)","ปัตตานี","ภาคใต้","2","0"
"2990","วัดคูหาภิมุข","ยะลา","ภาคใต้","2","0"
"2991","พระราชวังจันทน์","พิษณุโลก","ภาคเหนือ","2","0"
"2992","วนอุทยานน้ำตกบริพัตร","สงขลา","ภาคใต้","2","0"
"2993","น้ำตกเขาคราม","พัทลุง","ภาคใต้","2","0"
"2994","ตู้ไปรษณีย์สูงใหญ่ที่สุดในโลก","ยะลา","ภาคใต้","2","0"